date,store,item,quantity,price,total,original_price,corrected_price,price_was_total_flag
2025-01-02,Walmart,"Daisy Pure and Natural Sour Cream, 24 oz (1.5 lb) Tub (Refrigerated)",1.0,3.7200,3.7200,3.72,3.7200,yes
2025-01-02,Walmart,"Fresh Banana, Each",4.0,0.2325,0.93,0.2325,,no
2025-01-02,Walmart,"Fritos Scoops! Corn Snacks, Party Size, 15.5 oz Bag",3.0,5.0000,15.0000,15.0,5.0000,yes
2025-01-02,Walmart,"Plum Organics® Tots Mighty Builder Fruit & Veggie Blend Pear, White Bean, Blueberry, Date + Chia & Banana, White Bean, Strawberry + Chia 4oz Pouch-8-pack",2.0,11.5800,23.1600,23.16,11.5800,yes
2025-01-02,Walmart,"Kerrygold Grass-Fed Pure Irish Salted Butter Sticks, 8 oz, 2 Sticks",1.0,4.6400,4.6400,4.64,4.6400,yes
2025-01-02,Walmart,"Great Value Crispy and Salty Pretzel Sticks, 16 oz",1.0,2.2400,2.2400,2.24,2.2400,yes
2025-01-02,Walmart,La Banderita Yellow Corn Tortilla 30 Count,1.0,2.2400,2.2400,2.24,2.2400,yes
2025-01-02,Walmart,"Great Value Fiesta Blend Finely Shredded Cheese, 8 oz Bag",2.0,2.2400,4.4800,4.48,2.2400,yes
2025-01-02,Walmart,"Oatly Original Oatmilk, Dairy-Free Milk, 64 fl oz Refrigerated Carton",1.0,4.9800,4.9800,4.98,4.9800,yes
2025-01-02,Walmart,"Great Value Hard Boiled Eggs, 9.31 oz, 6 Count",1.0,3.1600,3.1600,3.16,3.1600,yes
2025-01-02,Walmart,"Great Value Large White Eggs, 18 Count",1.0,5.8700,5.8700,5.87,5.8700,yes
2025-01-02,Walmart,"Pillsbury Orange Rolls with Cinnabon Cinnamon and Orange Icing, 8 Count, 13.9 oz",2.0,2.9700,5.9400,5.94,2.9700,yes
2025-01-02,Walmart,"Great Value Mild Cheddar Finely Shredded Cheese, 8 oz Bag",1.0,2.2400,2.2400,2.24,2.2400,yes
2025-01-02,Walmart,"McCormick Chili Seasoning Mix, 1.25 oz Packet",2.0,1.3700,2.7400,2.74,1.3700,yes
2025-01-02,Walmart,"Bush's Chili Beans, Canned Pinto Beans in Mild Chili Sauce, 27 oz Can",2.0,2.4200,4.8400,4.84,2.4200,yes
2025-01-02,Walmart,"Great Value Golden Sweet Whole Kernel Corn, 15 oz",2.0,0.5000,1.0000,1.0,0.5000,yes
2025-01-02,Walmart,"Great Value Petite Diced Tomatoes in Tomato Juice, 14.5 oz",4.0,0.9600,3.8400,3.84,0.9600,yes
2025-01-02,Walmart,"Great Value Black Beans, 15 oz",4.0,0.8600,3.4400,3.44,0.8600,yes
2025-01-02,Walmart,"Great Value Whole Vitamin D Milk, Gallon, 128 fl oz",1.0,2.3700,2.3700,2.37,2.3700,yes
2025-01-02,Walmart,"Great Value Turkey Pepperoni Slices, 5 oz",1.0,2.9800,2.9800,2.98,2.9800,yes
2025-01-02,Walmart,"Great Value Original Whipped Cream Cheese Spread, 12 oz Tub",1.0,3.2600,3.2600,3.26,3.2600,yes
2025-01-02,Walmart,"Thomas' Plain Mini Bagels, 10 count, Kosher Mini Bagels, 15 oz Bag",1.0,4.4800,4.4800,4.48,4.4800,yes
2025-01-02,Walmart,"Thomas' Light Multi-Grain English Muffins, 6 count, 100 Calories English Muffins, 12 oz Tray",2.0,3.4800,6.9600,6.96,3.4800,yes
2025-01-02,Walmart,"Fresh Strawberries, 1 lb",1.0,4.7400,4.7400,4.74,4.7400,yes
2025-01-02,Walmart,"Fresh Glorys Cherry Tomatoes, 10 oz Package",1.0,2.4800,2.4800,2.48,2.4800,yes
2025-01-02,Walmart,"Fresh Red Bell Pepper, 1 Each",1.0,1.48,1.48,1.48,,no
2025-01-02,Walmart,"Fresh Honeycrisp Apples, 3 lb Bag",1.0,6.3400,6.3400,6.34,6.3400,yes
2025-01-09,Target,Crunchmaster Multi-Grain Sea Salt Crackers 4oz,2.0,3.69,7.38,3.69,,no
2025-01-11,Target,Crunchmaster Multi-Grain Sea Salt Crackers 4oz,1.0,3.49,3.49,3.49,,no
2025-01-11,Target,Popcorners White Cheddar Sharing Size - 7oz,1.0,4.79,4.79,4.79,,no
2025-01-11,Target,"Dawn Platinum Powerwash Dish Spray, Dish Soap Refill - Fresh - 16oz: Multi-Surface",2.0,3.99,7.98,3.99,,no
2025-01-11,Target,Hardwood Smoked Classic Sliced Cut Bacon - 16oz - Market Pantry™,1.0,4.99,4.99,4.99,,no
2025-01-11,Target,Dr Teal's Epsom Salt Magnesium Soak - Relax & Relief with Eucalyptus & Spearmint 3lbs,1.0,5.89,5.89,5.89,,no
2025-01-11,Target,General Mills Cheerios Honey Nut Breakfast Cereal - 27.2oz,1.0,6.19,6.19,6.19,,no
2025-01-12,Walmart,"Birds Eye Steamfresh Mixed Vegetables, Frozen Vegetables, 10 oz. Bag",2.0,1.0000,2.0000,2.0,1.0000,yes
2025-01-12,Walmart,"Great Value Pre-Sliced Cinnamon Raisin Bread, 16 oz",1.0,2.4700,2.4700,2.47,2.4700,yes
2025-01-12,Walmart,"Fresh Banana, Each",10.0,0.192,1.92,0.192,,no
2025-01-12,Walmart,"TPH BY TARAJI Hustle & Co Hydrating Co Wash Cleansing Hair Conditioner | Coily & Curly Hair | All Genders, 12 oz.",1.0,9.9700,9.9700,9.97,9.9700,yes
2025-01-12,Walmart,"Heinz Chili Sauce, 12 oz Bottle",2.0,3.1800,6.3600,6.36,3.1800,yes
2025-01-12,Walmart,"GoGo squeeZ Active Electrolyte No Sugar Added Strawberry Pineapple Orange Fruit Blend, 3.9 oz (10 Pack)",1.0,9.9800,9.9800,9.98,9.9800,yes
2025-01-12,Walmart,Plum Organics® Jammy Sammy® Snack Size Sandwich Bar Blueberry + Oatmeal 5-Count Box/1.02oz Bars,2.0,3.2600,6.5200,6.52,3.2600,yes
2025-01-12,Walmart,"Plum Organics® Tots Mighty Builder Fruit & Veggie Blend Pear, White Bean, Blueberry, Date + Chia & Banana, White Bean, Strawberry + Chia 4oz Pouch-8-pack",1.0,11.5800,11.5800,11.58,11.5800,yes
2025-01-12,Walmart,Plum Organics® Teensy® Snacks Mixed Berry Soft Fruit Snacks .35oz Pouch/5-Count Box,2.0,2.8300,5.6600,5.66,2.8300,yes
2025-01-12,Walmart,"TPH BY TARAJI Make it Rain Hydrating Deep Conditioner With Aloe Vera, Avocado Oil, & Moringa Oil For All Hair Types | Detangler For Curly, Coily & Wavy Hair | Color Safe & Sulfate Free, 12 oz.",1.0,9.9700,9.9700,9.97,9.9700,yes
2025-01-12,Walmart,"bubly Sparkling Water, The Super Mario Galaxy Movie Cherry, Zero Sugar & Zero Calories ,12 fl oz Cans (8 pack)​",2.0,4.1800,8.3600,8.36,4.1800,yes
2025-01-12,Walmart,"bubly Sparkling Water, The Super Mario Galaxy Movie Lime, Zero Sugar & Zero Calories, 12 fl oz Cans (8 pack)​",2.0,4.1800,8.3600,8.36,4.1800,yes
2025-01-12,Walmart,"Cholula Kosher Green Pepper Hot Sauce, 5.0 fl oz Bottle",1.0,3.8200,3.8200,3.82,3.8200,yes
2025-01-12,Walmart,"Great Value Oven Roasted Turkey Breast Lunchmeat, 16 oz, Plastic Tub, Refrigerated",1.0,5.9700,5.9700,5.97,5.9700,yes
2025-01-12,Walmart,"Great Value Uncooked Original Breakfast Pork Sausage Links, 12 oz Package",2.0,3.4800,6.9600,6.96,3.4800,yes
2025-01-12,Walmart,"King's Hawaiian Original Hawaiian Sweet Dinner Rolls 24 Count, 24 oz, Shelf-Stable",1.0,7.6600,7.6600,7.66,7.6600,yes
2025-01-12,Walmart,"Smucker's Concord Grape Jelly, 18 oz",2.0,2.8400,5.6800,5.68,2.8400,yes
2025-01-12,Walmart,"Kraft Mexican Style Cheddar Jack Shredded Cheese, 16 oz Bag",1.0,5.6400,5.6400,5.64,5.6400,yes
2025-01-12,Walmart,"Great Value Sharp Cheddar Finely Shredded Cheese, 8 oz Bag",1.0,2.2400,2.2400,2.24,2.2400,yes
2025-01-12,Walmart,"Great Value Jasmine Rice, 2 lb",1.0,3.1200,3.1200,3.12,3.1200,yes
2025-01-12,Walmart,"Campbell's Condensed Cream of Mushroom Soup, 10.5 oz Can",2.0,1.0000,2.0000,2.0,1.0000,yes
2025-01-12,Walmart,"Great Value Frozen Broccoli Florets, 32 oz Bag",1.0,2.7400,2.7400,2.74,2.7400,yes
2025-01-12,Walmart,"Great Value Golden Sweet Whole Kernel Corn, 15 oz",1.0,0.6400,0.6400,0.64,0.6400,yes
2025-01-12,Walmart,"Old El Paso Mild Red Enchilada Sauce, Meal Prep, 10 oz",3.0,1.9800,5.9400,5.94,1.9800,yes
2025-01-12,Walmart,La Banderita Yellow Corn Tortilla 30 Count,2.0,2.2400,4.4800,4.48,2.2400,yes
2025-01-12,Walmart,"Great Value Mild Cheddar Finely Shredded Cheese, 8 oz Bag",1.0,2.2400,2.2400,2.24,2.2400,yes
2025-01-12,Walmart,"Heinz HomeStyle Beef Gravy, 12 oz Jar",2.0,2.2200,4.4400,4.44,2.2200,yes
2025-01-12,Walmart,"Great Value Original Whipped Cream Cheese Spread, 12 oz Tub",2.0,3.2600,6.5200,6.52,3.2600,yes
2025-01-12,Walmart,"BelGioioso Gluten-Free Asiago Specialty Cheese Wedge, 8 oz",2.0,5.4200,10.8400,10.84,5.4200,yes
2025-01-12,Walmart,"Great Value Muenster Deli Style Sliced Cheese, 8 oz, 12 Slices",2.0,2.2400,4.4800,4.48,2.2400,yes
2025-01-12,Walmart,"Nature's Own 100% Whole Wheat, Whole Wheat Sandwich Bread, 20 oz Loaf, Shelf-Stable",1.0,3.6400,3.6400,3.64,3.6400,yes
2025-01-12,Walmart,"Great Value Whole Vitamin D Milk, Gallon, 128 fl oz",1.0,2.3700,2.3700,2.37,2.3700,yes
2025-01-12,Walmart,Fresh Whole Russet Potatoes 5 lb Bag,1.0,3.9700,3.9700,3.97,3.9700,yes
2025-01-12,Walmart,"Fresh Strawberries, 1 lb",1.0,4.7400,4.7400,4.74,4.7400,yes
2025-01-12,Walmart,"Fresh Honeycrisp Apples, 3 lb Bag",1.0,6.3400,6.3400,6.34,6.3400,yes
2025-01-12,Walmart,"Fresh Glorys Cherry Tomatoes, 10 oz Package",2.0,2.4800,4.9600,4.96,2.4800,yes
2025-01-12,Walmart,"Thomas' Cinnamon Raisin Bagels, 6 count, 9g Protein, Kosher Bagels, 20 oz Bag",2.0,7.94,15.88,7.94,,no
2025-01-12,Walmart,"Great Value Mixed Vegetables, 12 oz Steamable Bag (Frozen)",2.0,0.9800,1.9600,1.96,0.9800,yes
2025-01-16,Target,Marshmallow Whipped Dairy Topping - 13oz - Favorite Day™,1.0,3.49,3.49,3.49,,no
2025-01-16,Target,Fresh Honeycrisp Apples - 3lb Bag - Good & Gather™,1.0,5.19,5.19,5.19,,no
2025-01-16,Target,Applegate Natural Prosciutto - 3oz,1.0,1.0,1.0,1.0,,no
2025-01-16,Target,Applegate Natural Uncured Peppered Genoa Salami - 4oz,1.0,4.99,4.99,4.99,,no
2025-01-16,Target,Peppermint Whipped Dairy Topping - 13oz - Favorite Day™,1.0,3.49,3.49,3.49,,no
2025-01-16,Target,Holiday Vanilla Flavored Stars & Trees Marshmallows - 8oz - Favorite Day™,3.0,1.29,3.87,1.29,,no
2025-01-16,Target,Holiday Hot Cocoa Whipped Dairy Topping - 13oz - Favorite Day™,1.0,3.49,3.49,3.49,,no
2025-01-16,Target,Starbucks Peppermint Hot Cocoa Mix - 6oz/6ct,1.0,4.99,4.99,4.99,,no
2025-01-16,Target,Ghirardelli Christmas Candy Peppermint Bark Milk Chocolate Squares - 4.57oz,1.0,5.99,5.99,5.99,,no
2025-01-16,Target,Crunchmaster Multi-Grain Sea Salt Crackers 4oz,1.0,3.49,3.49,3.49,,no
2025-01-18,Walmart,"Great Value Waffles Cones, 7 oz, 12 Count",1.0,2.4400,2.4400,2.44,2.4400,yes
2025-01-18,Walmart,"Fresh Whole Red Onion, Each",1.0,0.89,0.89,0.89,,no
2025-01-18,Walmart,"Fresh Whole Yellow Onion, Each",1.0,1.17,1.17,1.17,,no
2025-01-18,Walmart,"Fresh Banana, Each",5.0,0.18,0.9,0.18,,no
2025-01-18,Walmart,"Fresh Slicing Tomato, Each",2.0,0.725,1.45,0.725,,no
2025-01-18,Walmart,"Sweet Potatoes Whole Fresh, Each",4.0,0.785,3.14,0.785,,no
2025-01-18,Walmart,"Tostitos Scoops! Tortilla Chips Multigrain, 10 oz Bag",2.0,4.4800,8.9600,8.96,4.4800,yes
2025-01-18,Walmart,"Great Value Fiesta Cheese Finely Shredded Blend, 32 oz Bag",1.0,8.2400,8.2400,8.24,8.2400,yes
2025-01-18,Walmart,"bubly Sparkling Water, The Super Mario Galaxy Movie Cherry, Zero Sugar & Zero Calories ,12 fl oz Cans (8 pack)​",1.0,4.1800,4.1800,4.18,4.1800,yes
2025-01-18,Walmart,"Smithfield Hickory Smoked Bacon, 16 oz, Gluten-Free, No MSG",1.0,4.9800,4.9800,4.98,4.9800,yes
2025-01-18,Walmart,"Freshness Guaranteed Sliced Sourdough Bread Loaf, 24 oz",1.0,3.9800,3.9800,3.98,3.9800,yes
2025-01-18,Walmart,"Bagel Bites Three Cheese Mini Pizza Bagel Frozen Snacks, 40 ct Box",1.0,9.9800,9.9800,9.98,9.9800,yes
2025-01-18,Walmart,"HERSHEY’S a2 Milk® Chocolate 2% Reduced Fat Milk Boxes, 8 oz, 12-Pack",1.0,11.9800,11.9800,11.98,11.9800,yes
2025-01-18,Walmart,"The Cheesecake Factory At Home Famous ""Brown Bread"" Wheat Dinner Rolls",1.0,3.9800,3.9800,3.98,3.9800,yes
2025-01-18,Walmart,"Great Value Wide Egg Noodles, 16 oz",1.0,1.4800,1.4800,1.48,1.4800,yes
2025-01-18,Walmart,"Great Value Organic Reduced Sodium Gluten-Free Chicken Broth, 32 oz Carton (Shelf-Stable)",2.0,1.9600,3.9200,3.92,1.9600,yes
2025-01-18,Walmart,"Organic Fresh Whole Carrots, 2 lb Bag",1.0,2.1400,2.1400,2.14,2.1400,yes
2025-01-18,Walmart,"Ore-Ida Extra Crispy Fast Food French Fries French Fried Potatoes, 26 oz Bag",2.0,3.9700,7.9400,7.94,3.9700,yes
2025-01-18,Walmart,"Great Value Original Sour Cream, 24 oz Tub",1.0,2.7400,2.7400,2.74,2.7400,yes
2025-01-18,Walmart,"King's Hawaiian Original Hawaiian Sweet Dinner Rolls 24 Count, 24 oz, Shelf-Stable",1.0,7.6600,7.6600,7.66,7.6600,yes
2025-01-18,Walmart,"McCormick Chili Seasoning Mix, 1.25 oz Packet",1.0,1.3700,1.3700,1.37,1.3700,yes
2025-01-18,Walmart,"Bush's Chili Beans, Canned Pinto Beans in Mild Chili Sauce, 16 oz Can",1.0,1.8200,1.8200,1.82,1.8200,yes
2025-01-18,Walmart,"Great Value Petite Diced Tomatoes in Tomato Juice, 14.5 oz",1.0,0.9600,0.9600,0.96,0.9600,yes
2025-01-18,Walmart,"Oscar Mayer Turkey Franks Hot Dogs, 16 oz, 10 ct Pack",1.0,3.9700,3.9700,3.97,3.9700,yes
2025-01-18,Walmart,"Great Value Cookies & Cream Ice Cream, 48 fl oz",1.0,2.8700,2.8700,2.87,2.8700,yes
2025-01-18,Walmart,"Great Value Vanilla Bean Flavored Ice Cream, 48 fl oz",1.0,2.8700,2.8700,2.87,2.8700,yes
2025-01-18,Walmart,"Great Value Chocolate Chip Cookie Dough Ice Cream, 48 fl oz",1.0,2.8700,2.8700,2.87,2.8700,yes
2025-01-18,Walmart,"Ball Park White Burger Buns, 8 count, Kosher Hamburger Buns, 15 oz Bag",1.0,2.9400,2.9400,2.94,2.9400,yes
2025-01-18,Walmart,"Fluffernutter Marshmallow Fluff, 7.5 oz",1.0,1.5200,1.5200,1.52,1.5200,yes
2025-01-18,Walmart,"Reddi-wip Original Whipped Topping Made with Real Cream, 6.5 oz",1.0,3.1200,3.1200,3.12,3.1200,yes
2025-01-18,Walmart,"Hershey's Chocolate Syrup, Bottle 24 oz",1.0,3.6200,3.6200,3.62,3.6200,yes
2025-01-18,Walmart,"Hershey's Caramel Flavored Syrup, Bottle 22 oz",1.0,3.6200,3.6200,3.62,3.6200,yes
2025-01-18,Walmart,"Fresh Lime, Each",1.0,0.25,0.25,0.25,,no
2025-01-18,Walmart,"Queso-Melt Original Restaurant Style Melting Cheese, 10 oz, 1 Count",2.0,4.6800,9.3600,9.36,4.6800,yes
2025-01-18,Walmart,"Marketside Fresh Shredded Iceberg Lettuce, 8 oz, Bag",1.0,1.9700,1.9700,1.97,1.9700,yes
2025-01-18,Walmart,"Mission Super Soft Flour Tortillas, Soft Taco Size, 10 Count",1.0,2.7800,2.7800,2.78,2.7800,yes
2025-01-18,Walmart,"Old El Paso Stand 'N Stuff Taco Shells, Gluten Free, Meal Prep, 10 Count, 4.7 oz",1.0,2.1800,2.1800,2.18,2.1800,yes
2025-01-18,Walmart,"Great Value Mild Cheddar Finely Shredded Cheese, 8 oz Bag",1.0,2.2400,2.2400,2.24,2.2400,yes
2025-01-18,Walmart,"Pillsbury Grands! Southern Homestyle Buttermilk Biscuits, 2 Pack, 16 Biscuits, 32.6 oz",1.0,4.9600,4.9600,4.96,4.9600,yes
2025-01-18,Walmart,"Great Value Uncooked Original Breakfast Pork Sausage Links, 12 oz Package",2.0,3.4800,6.9600,6.96,3.4800,yes
2025-01-18,Walmart,"Jimmy Dean Premium Pork Regular Sausage Roll, 16 oz",2.0,3.9800,7.9600,7.96,3.9800,yes
2025-01-18,Walmart,"Fresh Hass Avocados, Each",4.0,0.88,3.52,0.88,,no
2025-01-18,Walmart,"Fresh Celery Hearts, Each",1.0,2.72,2.72,2.72,,no
2025-01-18,Walmart,"Fresh Red Bell Pepper, 1 Each",1.0,1.48,1.48,1.48,,no
2025-01-18,Walmart,"Fresh Whole Brown Mushrooms, 8 oz",1.0,1.8800,1.8800,1.88,1.8800,yes
2025-01-18,Walmart,"Fresh Honeycrisp Apples, 3 lb Bag",1.0,6.3400,6.3400,6.34,6.3400,yes
2025-01-18,Walmart,"Fresh Strawberries, 1 lb",1.0,3.0800,3.0800,3.08,3.0800,yes
2025-01-20,Target,PopCorners White Cheddar - 12oz,1.0,6.69,6.69,6.69,,no
2025-01-20,Target,Muenster Deli Sliced Cheese - 8oz/12 slices - Good & Gather™,1.0,1.89,1.89,1.89,,no
2025-01-20,Target,Popcorners Kettle Corn Snacks Sharing Size - 7oz,1.0,1.0,1.0,1.0,,no
2025-01-20,Target,Tazo Classic Chai Latte Black Tea Concentrate - 32 fl oz,1.0,4.99,4.99,4.99,,no
2025-01-20,Target,Tazo Chai Pumpkin Spice Latte Tea Concentrate - 32 fl oz,1.0,4.99,4.99,4.99,,no
2025-01-20,Target,Toddler Boys' Fleece Zip-Up Hoodie Sweatshirt - Cat & Jack™ Khaki 5T,1.0,8.4,8.4,8.4,,no
2025-01-20,Target,Toddler Boys' Long Sleeve Knit T-Shirt - Cat & Jack™ Brown 5T,1.0,3.5,3.5,3.5,,no
2025-01-20,Target,Whipped Plain Cream Cheese Spread - 8oz - Good & Gather™,1.0,1.99,1.99,1.99,,no
2025-01-20,Target,Kinder's Buttery Steakhouse Seasoning - 5.5oz,1.0,4.49,4.49,4.49,,no
2025-01-20,Target,Salt Free Garlic & Herb Seasoning Blend - 2.5oz - Good & Gather™,1.0,1.99,1.99,1.99,,no
2025-01-20,Target,Santitas White Corn Tortilla Chips - 11oz,2.0,2.99,5.98,2.99,,no
2025-01-22,Target,Applegate Natural Uncured Genoa Salami - 4oz,3.0,4.99,14.97,4.99,,no
2025-01-22,Target,Crunchmaster Multi-Grain Sea Salt Crackers 4oz,2.0,3.49,6.98,3.49,,no
2025-01-22,Target,Hardwood Smoked Thick Cut Bacon - 16oz - Market Pantry™,1.0,1.0,1.0,1.0,,no
2025-01-22,Target,"Deer Park Spring Water - 32 Pack/16.9 FL Oz, Plastic Bottles",2.0,5.99,11.98,5.99,,no
2025-01-22,Target,Shredded Sharp Cheddar Cheese - 8oz - Good & Gather™,1.0,1.99,1.99,1.99,,no
2025-01-22,Target,Vitamin D Whole Milk - 1gal - Good & Gather™,1.0,2.39,2.39,2.39,,no
2025-01-22,Target,Tostitos Multigrain Scoops! Tortilla Chips-10oz,2.0,4.99,9.98,4.99,,no
2025-01-25,Walmart,"Fresh Banana, Each",10.0,0.156,1.56,0.156,,no
2025-01-25,Walmart,"PopCorners No Artificial Colors or Flavors White Cheddar Popped Corn Chips Bag, 7 oz",2.0,3.5000,7.0000,7.0,3.5000,yes
2025-01-25,Walmart,"Heinz Tomato Ketchup, 32 oz Bottle",1.0,4.7600,4.7600,4.76,4.7600,yes
2025-01-25,Walmart,"Tostitos Scoops! Tortilla Chips Multigrain, 10 oz Bag",2.0,4.4800,8.9600,8.96,4.4800,yes
2025-01-25,Walmart,Plum Organics® Jammy Sammy® Snack Size Sandwich Bar Blueberry + Oatmeal 5-Count Box/1.02oz Bars,2.0,3.2600,6.5200,6.52,3.2600,yes
2025-01-25,Walmart,"Plum Organics® Tots Mighty Builder Fruit & Veggie Blend Pear, White Bean, Blueberry, Date + Chia & Banana, White Bean, Strawberry + Chia 4oz Pouch-8-pack",2.0,10.8800,21.7600,21.76,10.8800,yes
2025-01-25,Walmart,Plum Organics® Teensy® Snacks Mixed Berry Soft Fruit Snacks .35oz Pouch/5-Count Box,2.0,2.8300,5.6600,5.66,2.8300,yes
2025-01-25,Walmart,"Premium Original Saltine Crackers, Lunch Snacks, 16 oz",1.0,3.6800,3.6800,3.68,3.6800,yes
2025-01-25,Walmart,"Oikos Triple Zero 17g Protein, 0g Added Sugar, Fat Free Vanilla Greek Yogurt Tub, 32 oz",1.0,5.78,5.78,5.78,,no
2025-01-25,Walmart,Chobani 20G Protein Low-Fat Greek Yogurt Drink Strawberries & Cream 10 fl oz Bottle,4.0,9.88,39.52,9.88,,no
2025-01-25,Walmart,"BelGioioso Gluten-Free Asiago Specialty Cheese Wedge, 8 oz",1.0,5.4200,5.4200,5.42,5.4200,yes
2025-01-25,Walmart,"Snyder's of Hanover Pretzels, Braided Pretzel Twists Honey Wheat, 12 oz",1.0,3.6200,3.6200,3.62,3.6200,yes
2025-01-25,Walmart,"Classico Four Cheese Alfredo Pasta Sauce, 15 oz. Jar",2.0,2.9800,5.9600,5.96,2.9800,yes
2025-01-25,Walmart,"Great Value Bowties, 12 oz",1.0,0.9800,0.9800,0.98,0.9800,yes
2025-01-25,Walmart,"""JIFFY"" Corn Muffin Mix, 8.5 oz Box",1.0,0.5000,0.5000,0.5,0.5000,yes
2025-01-25,Walmart,"Great Value Honey, 12 oz Plastic Bear",1.0,3.7400,3.7400,3.74,3.7400,yes
2025-01-25,Walmart,"Lipton Recipe Secrets Onion Dry Recipe Soup and Dip Mix, 2 Oz, 2 Pack",1.0,1.9200,1.9200,1.92,1.9200,yes
2025-01-25,Walmart,"Simply Potatoes Shredded Hash Browns, 20 oz Bag (Refrigerated)",1.0,3.1200,3.1200,3.12,3.1200,yes
2025-01-25,Walmart,"Pillsbury Orange Rolls with Cinnabon Cinnamon and Orange Icing, 8 Count, 13.9 oz",1.0,2.9700,2.9700,2.97,2.9700,yes
2025-01-25,Walmart,"Great Value Large White Eggs, 18 Count",1.0,6.7200,6.7200,6.72,6.7200,yes
2025-01-25,Walmart,"Great Value Cut Green Beans, 14.5 oz Can",4.0,0.6400,2.5600,2.56,0.6400,yes
2025-01-25,Walmart,"Barilla Classic Whole Grain Pasta, Thin Spaghetti Noodles, 16 oz",1.0,1.8400,1.8400,1.84,1.8400,yes
2025-01-25,Walmart,"Queso-Melt Original Restaurant Style Melting Cheese, 10 oz, 1 Count",1.0,4.6800,4.6800,4.68,4.6800,yes
2025-01-25,Walmart,"Nature's Own 100% Whole Wheat, Whole Wheat Sandwich Bread, 20 oz Loaf, Shelf-Stable",1.0,3.6400,3.6400,3.64,3.6400,yes
2025-01-25,Walmart,"Great Value Italian Style Finely Shredded Cheese, 16 oz Bag",1.0,4.2200,4.2200,4.22,4.2200,yes
2025-01-25,Walmart,"Classico Signature Recipes Traditional Pizza Sauce, 14 oz Jar",1.0,2.9200,2.9200,2.92,2.9200,yes
2025-01-25,Walmart,"Pillsbury Original Crescent Rolls, Dough, 2 Pack, 16 Rolls, 16 oz",2.0,4.9600,9.9200,9.92,4.9600,yes
2025-01-25,Walmart,"Great Value Sharp Cheddar Finely Shredded Cheese, 8 oz Bag",1.0,2.2400,2.2400,2.24,2.2400,yes
2025-01-25,Walmart,"Red Lobster Cheddar Bay Biscuit Mix, Garlic Herb Seasoning Included, Cheddar Biscuit Mix, 11.36 Oz Box",1.0,2.8600,2.8600,2.86,2.8600,yes
2025-01-25,Walmart,"Great Value Turkey Pepperoni Slices, 5 oz",2.0,2.9800,5.9600,5.96,2.9800,yes
2025-01-25,Walmart,"Pepperidge Farm Raisin Cinnamon Swirl Breakfast Bread, 16 oz Loaf",1.0,3.4700,3.4700,3.47,3.4700,yes
2025-01-25,Walmart,"Great Value Original Whipped Cream Cheese Spread, 12 oz Tub",1.0,3.2600,3.2600,3.26,3.2600,yes
2025-01-25,Walmart,"Thomas' Plain Mini Bagels, 10 count, Kosher Mini Bagels, 15 oz Bag",2.0,4.4800,8.9600,8.96,4.4800,yes
2025-01-25,Walmart,"Fresh Strawberries, 1 lb",1.0,3.0800,3.0800,3.08,3.0800,yes
2025-01-25,Walmart,"Fresh Honeycrisp Apples, 3 lb Bag",1.0,6.3400,6.3400,6.34,6.3400,yes
2025-01-25,Walmart,"Green Bell Pepper, 1 each",1.0,0.92,0.92,0.92,,no
2025-01-25,Walmart,"Fresh Whole Brown Mushrooms, 8 oz",1.0,1.8800,1.8800,1.88,1.8800,yes
2025-01-25,Walmart,"(2 pack) Classico Tomato & Basil Spaghetti Pasta Sauce, 24 oz. Jar",1.0,5.9600,5.9600,5.96,5.9600,yes
2025-01-25,Walmart,"Thomas' Cinnamon Raisin Bagels, 6 count, 9g Protein, Kosher Bagels, 20 oz Bag",2.0,7.94,15.88,7.94,,no
2025-01-25,Walmart,"Organic Marketside Fresh Baby Peeled Carrots, 1 lb Bag",1.0,1.6600,1.6600,1.66,1.6600,yes
2025-01-31,Target,Shredded Mexican-Style Cheese - 16oz - Good & Gather™,1.0,3.49,3.49,3.49,,no
2025-01-31,Target,So Good So You Energy Passionfruit Organic Probiotic Shot - 1.7 fl oz,1.0,3.49,3.49,3.49,,no
2025-01-31,Target,Queso Mama White Queso with Diced Green Chilies - 12oz,1.0,1.0,1.0,1.0,,no
2025-01-31,Target,Tostitos Multigrain Scoops! Tortilla Chips-10oz,2.0,4.99,9.98,4.99,,no
2025-01-31,Target,Popcorners White Cheddar Sharing Size - 7oz,2.0,4.79,9.58,4.79,,no
2025-01-31,Target,Halloween Color Your Own Table Cover - Spritz™,1.0,3.0,3.0,3.0,,no
2025-01-31,Target,Vitamin D Whole Milk - 1gal - Good & Gather™,1.0,2.49,2.49,2.49,,no
2025-01-31,Target,General Mills Cheerios Honey Nut Breakfast Cereal - 27.2oz,1.0,6.19,6.19,6.19,,no
2025-01-31,Target,Jimmy Dean Regular Pork Sausage Roll - 16oz,1.0,4.99,4.99,4.99,,no
2025-01-31,Target,Crunchmaster Multi-Grain Sea Salt Crackers 4oz,1.0,3.49,3.49,3.49,,no
2025-01-31,Target,Tazo Classic Chai Latte Black Tea Concentrate - 32 fl oz,1.0,4.94,4.94,4.94,,no
2025-01-31,Target,Frozen Sunbutter No Crust Sandwich Strawberry - 4ct - Good & Gather™,1.0,1.99,1.99,1.99,,no
2025-01-31,Target,Pillsbury Grands! Southern Homestyle Buttermilk Biscuits - 16.3oz/8ct,2.0,2.99,5.98,2.99,,no
2025-01-31,Target,Applegate Natural Uncured Genoa Salami - 4oz,1.0,5.99,5.99,5.99,,no
2025-01-31,Target,"Teeny Tiny Lunch Bites Uncured Dry Sausage Nuggets, Cheddar Cheese, Milk",2.0,2.29,4.58,2.29,,no
2025-01-31,Target,Chinet Comfort Cup - 18ct/16oz,1.0,5.39,5.39,5.39,,no
2025-02-03,Walmart,Chobani 20G Protein Low-Fat Greek Yogurt Drink Mixed Berry Vanilla 10 fl oz Bottle,3.0,7.41,22.23,7.41,,no
2025-02-03,Walmart,"Fresh Banana, Each",10.0,0.175,1.75,0.175,,no
2025-02-03,Walmart,"Smucker's Natural Strawberry Fruit Spread, 17.25 oz",1.0,3.8700,3.8700,3.87,3.8700,yes
2025-02-03,Walmart,"Vicks DayQuil NyQuil Severe Cough, Cold & Flu Relief LiquiCaps, 24 Ct",1.0,9.9700,9.9700,9.97,9.9700,yes
2025-02-03,Walmart,"Cantu Avocado Sulfate Free Conditioner, 13.5 oz",1.0,5.9700,5.9700,5.97,5.9700,yes
2025-02-03,Walmart,"Scott 1000 Toilet Paper, 12 Rolls, 1,000 Sheets per Roll",1.0,11.2800,11.2800,11.28,11.2800,yes
2025-02-03,Walmart,"GoGo squeeZ Applesauce and Fruit Puree, Apple Apple Snack Pouches, 3.2 oz, 20 Pack",1.0,11.8800,11.8800,11.88,11.8800,yes
2025-02-03,Walmart,"Plum Organics® Tots Mighty Builder Fruit & Veggie Blend Pear, White Bean, Blueberry, Date + Chia & Banana, White Bean, Strawberry + Chia 4oz Pouch-8-pack",2.0,10.8800,21.7600,21.76,10.8800,yes
2025-02-03,Walmart,"Nature's Own 100% Whole Wheat, Whole Wheat Sandwich Bread, 20 oz Loaf, Shelf-Stable",1.0,3.6400,3.6400,3.64,3.6400,yes
2025-02-03,Walmart,Native Sensitive Facial Cleanser Unscented Sulfate-Free For All Skin Types 12 oz,1.0,9.9400,9.9400,9.94,9.9400,yes
2025-02-03,Walmart,"Great Value Crispy and Salty Pretzel Sticks, 16 oz",1.0,2.2400,2.2400,2.24,2.2400,yes
2025-02-03,Walmart,"Crunchmaster Original Multi-Seed Crisps Gluten-Free Crackers, 4.5 oz. Foil Bag in Carboard Box",1.0,3.2800,3.2800,3.28,3.2800,yes
2025-02-03,Walmart,"King's Hawaiian Original Hawaiian Sweet Dinner Rolls 24 Count, 24 oz, Shelf-Stable",1.0,7.6600,7.6600,7.66,7.6600,yes
2025-02-03,Walmart,"Great Value Turkey Pepperoni Slices, 5 oz",1.0,2.9800,2.9800,2.98,2.9800,yes
2025-02-03,Walmart,"Thomas' Light Multi-Grain English Muffins, 6 count, 100 Calories English Muffins, 12 oz Tray",1.0,3.4800,3.4800,3.48,3.4800,yes
2025-02-03,Walmart,"Great Value Muenster Deli Style Sliced Cheese, 8 oz, 12 Slices",3.0,2.2400,6.7200,6.72,2.2400,yes
2025-02-03,Walmart,"Great Value Uncooked Original Breakfast Pork Sausage Links, 12 oz Package",1.0,2.9400,2.9400,2.94,2.9400,yes
2025-02-03,Walmart,"Great Value Original Whipped Cream Cheese Spread, 12 oz Tub",1.0,3.2600,3.2600,3.26,3.2600,yes
2025-02-03,Walmart,"Thomas' Plain Mini Bagels, 10 count, Kosher Mini Bagels, 15 oz Bag",2.0,3.9700,7.9400,7.94,3.9700,yes
2025-02-03,Walmart,"Great Value Oven Roasted Turkey Breast Lunchmeat, 16 oz, Plastic Tub, Refrigerated",1.0,5.3700,5.3700,5.37,5.3700,yes
2025-02-03,Walmart,"bubly Sparkling Water, The Super Mario Galaxy Movie Cherry, Zero Sugar & Zero Calories ,12 fl oz Cans (8 pack)​",2.0,3.9800,7.9600,7.96,3.9800,yes
2025-02-03,Walmart,Chobani 20G Protein Low-Fat Greek Yogurt Drink Strawberries & Cream 10 fl oz Bottle,2.0,4.94,9.88,4.94,,no
2025-02-03,Walmart,"Activia Probiotic Dailies Strawberry Low Fat Probiotic Yogurt Drinks, Helps Support Gut Health, 3.1 fl oz, 8 Count",2.0,10.64,21.28,10.64,,no
2025-02-03,Walmart,"HERSHEY’S a2 Milk® Chocolate 2% Reduced Fat Milk Boxes, 8 oz, 12-Pack",1.0,11.9800,11.9800,11.98,11.9800,yes
2025-02-03,Walmart,"Fresh Strawberries, 1 lb",1.0,3.0800,3.0800,3.08,3.0800,yes
2025-02-03,Walmart,"Fresh Honeycrisp Apples, 3 lb Bag",1.0,6.3400,6.3400,6.34,6.3400,yes
2025-02-03,Walmart,"Native Facial Moisturizer for Sensitive Skin with Aloe and Niacinamide, Unscented, 1.7 oz",1.0,14.9400,14.9400,14.94,14.9400,yes
2025-02-08,Walmart,"Dole Pineapple Tidbits in 100% Fruit Juice, 20 oz Can",1.0,1.9700,1.9700,1.97,1.9700,yes
2025-02-08,Walmart,"Thomas' Cinnamon Raisin Swirl Bread, 16 oz, Cinnamon Bread, Bag",1.0,3.4800,3.4800,3.48,3.4800,yes
2025-02-08,Walmart,"Fresh Banana, Each",5.0,0.188,0.94,0.188,,no
2025-02-08,Walmart,"McCormick 30% Less Sodium Taco Seasoning Mix, 1.0 oz Packet",1.0,0.9700,0.9700,0.97,0.9700,yes
2025-02-08,Walmart,"Great Value Uncooked Original Breakfast Pork Sausage Links, 12 oz Package",2.0,2.9400,5.8800,5.88,2.9400,yes
2025-02-08,Walmart,"Thomas' Light Multi-Grain English Muffins, 6 count, 100 Calories English Muffins, 12 oz Tray",1.0,3.4800,3.4800,3.48,3.4800,yes
2025-02-08,Walmart,"Smithfield Hickory Smoked Bacon, 16 oz, Gluten-Free, No MSG",1.0,4.4700,4.4700,4.47,4.4700,yes
2025-02-08,Walmart,"Great Value Turkey Pepperoni Slices, 5 oz",1.0,2.9800,2.9800,2.98,2.9800,yes
2025-02-08,Walmart,"Bella Rosa Shredded Parmesan Cheese, Refrigerated 5 oz  Recyclable Plastic Cup",1.0,3.8200,3.8200,3.82,3.8200,yes
2025-02-08,Walmart,"Great Value Low-Moisture Part-Skim Mozzarella Shredded Cheese, 32 oz Bag",1.0,7.3800,7.3800,7.38,7.3800,yes
2025-02-08,Walmart,"The Cheesecake Factory At Home Famous ""Brown Bread"" Wheat Dinner Rolls",1.0,3.9800,3.9800,3.98,3.9800,yes
2025-02-08,Walmart,"Great Value Fiesta Blend Finely Shredded Cheese, 16 oz Bag",1.0,3.7800,3.7800,3.78,3.7800,yes
2025-02-08,Walmart,Chobani 20G Protein Low-Fat Greek Yogurt Drink Strawberries & Cream 10 fl oz Bottle,3.0,7.41,22.23,7.41,,no
2025-02-08,Walmart,"Great Value Original Whipped Cream Cheese Spread, 12 oz Tub",1.0,3.2600,3.2600,3.26,3.2600,yes
2025-02-08,Walmart,"Great Value Mild Cheddar Finely Shredded Cheese, 8 oz Bag",1.0,1.9700,1.9700,1.97,1.9700,yes
2025-02-08,Walmart,"Great Value Tomato Sauce, 8 oz Can",1.0,0.4800,0.4800,0.48,0.4800,yes
2025-02-08,Walmart,"Bush's Chili Beans, Canned Pinto Beans in Mild Chili Sauce, 16 oz Can",1.0,1.8200,1.8200,1.82,1.8200,yes
2025-02-08,Walmart,"Great Value Original Diced Tomatoes with Green Chilies, 10 oz",2.0,0.9600,1.9200,1.92,0.9600,yes
2025-02-08,Walmart,"Galbani Whole Milk Ricotta Cheese, 32 oz (Refrigerated)",1.0,6.4200,6.4200,6.42,6.4200,yes
2025-02-08,Walmart,"Great Value Jumbo Shell, 12 oz",1.0,1.8400,1.8400,1.84,1.8400,yes
2025-02-08,Walmart,"Oikos Triple Zero 17g Protein, 0g Added Sugar, Fat Free Vanilla Greek Yogurt Tub, 32 oz",1.0,5.78,5.78,5.78,,no
2025-02-08,Walmart,"Great Value Oats & Honey Granola, 11 oz",1.0,2.6700,2.6700,2.67,2.6700,yes
2025-02-08,Walmart,"Activia Probiotic Dailies Strawberry Low Fat Probiotic Yogurt Drinks, Helps Support Gut Health, 3.1 fl oz, 8 Count",1.0,5.32,5.32,5.32,,no
2025-02-08,Walmart,"Crunchmaster Original Multi-Seed Crisps Gluten-Free Crackers, 4.5 oz. Foil Bag in Carboard Box",1.0,3.2800,3.2800,3.28,3.2800,yes
2025-02-08,Walmart,"BelGioioso Gluten-Free Asiago Specialty Cheese Wedge, 8 oz",1.0,5.4200,5.4200,5.42,5.4200,yes
2025-02-08,Walmart,"Stouffer's Macaroni & Cheese, Party Size, Frozen Mac and Cheese Meal, 76 oz (Frozen)",1.0,13.4800,13.4800,13.48,13.4800,yes
2025-02-08,Walmart,"Fresh Honeycrisp Apples, 3 lb Bag",1.0,6.3400,6.3400,6.34,6.3400,yes
2025-02-08,Walmart,"Fresh Glorys Cherry Tomatoes, 10 oz Package",2.0,2.4800,4.9600,4.96,2.4800,yes
2025-02-08,Walmart,"Thomas' Cinnamon Raisin Bagels, 6 count, 9g Protein, Kosher Bagels, 20 oz Bag",1.0,3.97,3.97,3.97,,no
2025-02-08,Walmart,"(2 pack) Classico Tomato & Basil Spaghetti Pasta Sauce, 24 oz. Jar",1.0,5.9600,5.9600,5.96,5.9600,yes
2025-02-17,Walmart,"Great Value Diced Tomatoes in Tomato Juice, 14.5 oz Can",2.0,0.9600,1.9200,1.92,0.9600,yes
2025-02-17,Walmart,"Fresh Banana, Each",4.0,0.24,0.96,0.24,,no
2025-02-17,Walmart,"Glad ForceFlex MaxStrength Tall Kitchen Drawstring Trash Bags, 13 Gallon, Odorshield, 20 Count",1.0,5.9200,5.9200,5.92,5.9200,yes
2025-02-17,Walmart,"Kodiak Protein-Packed Power Cakes Buttermilk Pancake and Waffle Mix, 20 oz Box",1.0,5.72,5.72,5.72,,no
2025-02-17,Walmart,"Plum Organics® Tots Mighty Builder Fruit & Veggie Blend Pear, White Bean, Blueberry, Date + Chia & Banana, White Bean, Strawberry + Chia 4oz Pouch-8-pack",2.0,10.8800,21.7600,21.76,10.8800,yes
2025-02-17,Walmart,Plum Organics® Teensy® Snacks Mixed Berry Soft Fruit Snacks .35oz Pouch/5-Count Box,2.0,2.8300,5.6600,5.66,2.8300,yes
2025-02-17,Walmart,"Pace Chunky Medium Salsa, 64 oz Bottle",1.0,7.2800,7.2800,7.28,7.2800,yes
2025-02-17,Walmart,"HERSHEY’S a2 Milk® Chocolate 2% Reduced Fat Milk Boxes, 8 oz, 12-Pack",1.0,11.9800,11.9800,11.98,11.9800,yes
2025-02-17,Walmart,"Great Value Oven Roasted Turkey Breast Lunchmeat, 9 oz",1.0,3.4600,3.4600,3.46,3.4600,yes
2025-02-17,Walmart,"King's Hawaiian Original Hawaiian Sweet Dinner Rolls 24 Count, 24 oz, Shelf-Stable",1.0,7.6600,7.6600,7.66,7.6600,yes
2025-02-17,Walmart,"The Cheesecake Factory At Home Famous ""Brown Bread"" Wheat Dinner Rolls",1.0,3.9800,3.9800,3.98,3.9800,yes
2025-02-17,Walmart,"Great Value Bowties, 12 oz",2.0,0.9800,1.9600,1.96,0.9800,yes
2025-02-17,Walmart,"Classico Four Cheese Alfredo Pasta Sauce, 15 oz. Jar",2.0,2.9800,5.9600,5.96,2.9800,yes
2025-02-17,Walmart,"Core Power Protein Shake with 26g Protein by fairlife Milk, Chocolate, 14 fl oz",2.0,7.16,14.32,7.16,,no
2025-02-17,Walmart,"Great Value Fiesta Blend Finely Shredded Cheese, 16 oz Bag",1.0,3.7800,3.7800,3.78,3.7800,yes
2025-02-17,Walmart,"Great Value Original Whipped Cream Cheese Spread, 12 oz Tub",1.0,3.2600,3.2600,3.26,3.2600,yes
2025-02-17,Walmart,"Organic Fresh Whole Carrots, 2 lb Bag",1.0,2.1400,2.1400,2.14,2.1400,yes
2025-02-17,Walmart,"Great Value Whole Vitamin D Milk, Gallon, 128 fl oz",2.0,2.3600,4.7200,4.72,2.3600,yes
2025-02-17,Walmart,"Pillsbury Grands! Southern Homestyle Buttermilk Biscuits, 2 Pack, 16 Biscuits, 32.6 oz",1.0,4.9600,4.9600,4.96,4.9600,yes
2025-02-17,Walmart,"Jimmy Dean Premium Pork Regular Sausage Roll, 16 oz",1.0,4.6200,4.6200,4.62,4.6200,yes
2025-02-17,Walmart,"Old El Paso Mild Red Enchilada Sauce, Meal Prep, 10 oz",3.0,1.9800,5.9400,5.94,1.9800,yes
2025-02-17,Walmart,La Banderita Yellow Corn Tortilla 30 Count,2.0,2.2400,4.4800,4.48,2.2400,yes
2025-02-17,Walmart,"Great Value Golden Sweet Whole Kernel Corn, 15 oz",2.0,0.6400,1.2800,1.28,0.6400,yes
2025-02-17,Walmart,"Great Value Black Beans, 15 oz",4.0,0.8600,3.4400,3.44,0.8600,yes
2025-02-17,Walmart,"Activia Probiotic Dailies Strawberry Low Fat Probiotic Yogurt Drinks, Helps Support Gut Health, 3.1 fl oz, 8 Count",2.0,10.64,21.28,10.64,,no
2025-02-17,Walmart,"Oikos Triple Zero 17g Protein, 0g Added Sugar, Fat Free Vanilla Greek Yogurt Tub, 32 oz",2.0,11.56,23.12,11.56,,no
2025-02-17,Walmart,"Fresh Strawberries, 1 lb",2.0,2.7800,5.5600,5.56,2.7800,yes
2025-02-17,Walmart,"Fresh Honeycrisp Apples, 3 lb Bag",1.0,6.3400,6.3400,6.34,6.3400,yes
2025-02-17,Walmart,"Green Bell Pepper, 1 each",1.0,0.92,0.92,0.92,,no
2025-02-17,Walmart,"Fresh Whole Celery Stalk, 1 Each Bag",1.0,1.88,1.88,1.88,,no
2025-02-17,Walmart,"bubly Sparkling Water, The Super Mario Galaxy Movie Cherry, Zero Sugar & Zero Calories ,12 fl oz Cans (8 pack)​",1.0,3.9800,3.9800,3.98,3.9800,yes
2025-02-18,Walmart,"Sheamoisture Even Tone Antiperspirant Deodorant Stick for Women Citrus Peach & Grapefruit Dry Skin, 2.6 oz",1.0,9.97,9.97,9.97,,no
2025-02-18,Walmart,"Pepperidge Farm Farmhouse Brioche Bread, 22 oz Loaf",1.0,3.8400,3.8400,3.84,3.8400,yes
2025-02-18,Walmart,"Tostitos Scoops! Tortilla Chips Multigrain, 10 oz Bag",1.0,4.4800,4.4800,4.48,4.4800,yes
2025-02-18,Walmart,"Sargento® Sliced Muenster Natural Cheese, 11 Slices",1.0,3.1200,3.1200,3.12,3.1200,yes
2025-02-18,Walmart,"Great Value Oats & Honey Granola, 11 oz",2.0,2.6700,5.3400,5.34,2.6700,yes
2025-02-18,Walmart,"Pacific Foods Organic Creamy Tomato Soup, 32 oz Carton",1.0,4.1200,4.1200,4.12,4.1200,yes
2025-02-18,Walmart,"Bagel Bites Three Cheese Mini Pizza Bagel Frozen Snacks, 40 ct Box",1.0,9.9800,9.9800,9.98,9.9800,yes
2025-02-18,Walmart,"Thomas' Plain Mini Bagels, 10 count, Kosher Mini Bagels, 15 oz Bag",2.0,3.9700,7.9400,7.94,3.9700,yes
2025-02-22,Walmart,"Great Value Uncooked Original Breakfast Pork Sausage Patties, 12 oz Package (Refrigerated)",2.0,2.9400,5.8800,5.88,2.9400,yes
2025-02-22,Walmart,"Fresh Banana, Each",5.0,0.188,0.94,0.188,,no
2025-02-22,Walmart,"Tostitos Scoops! Tortilla Chips Multigrain, 10 oz Bag",1.0,4.4800,4.4800,4.48,4.4800,yes
2025-02-22,Walmart,"Heinz Chili Sauce, 12 oz Bottle",2.0,3.1800,6.3600,6.36,3.1800,yes
2025-02-22,Walmart,"Safety 1st Parent Grip Door Knob Covers, White, 3 pack, Toddler",1.0,3.9800,3.9800,3.98,3.9800,yes
2025-02-22,Walmart,"Queso-Melt Original Restaurant Style Melting Cheese, 10 oz, 1 Count",1.0,4.6800,4.6800,4.68,4.6800,yes
2025-02-22,Walmart,"bubly Sparkling Water, The Super Mario Galaxy Movie Cherry, Zero Sugar & Zero Calories ,12 fl oz Cans (8 pack)​",1.0,3.9800,3.9800,3.98,3.9800,yes
2025-02-22,Walmart,"Activia Probiotic Dailies Strawberry Low Fat Probiotic Yogurt Drinks, Helps Support Gut Health, 3.1 fl oz, 8 Count",2.0,10.64,21.28,10.64,,no
2025-02-22,Walmart,Chobani 20G Protein Low-Fat Greek Yogurt Drink Strawberries & Cream 10 fl oz Bottle,4.0,9.88,39.52,9.88,,no
2025-02-22,Walmart,"Oikos Triple Zero 17g Protein, 0g Added Sugar, Fat Free Vanilla Greek Yogurt Tub, 32 oz",1.0,5.78,5.78,5.78,,no
2025-02-22,Walmart,"Thomas' Plain Mini Bagels, 10 count, Kosher Mini Bagels, 15 oz Bag",1.0,3.9700,3.9700,3.97,3.9700,yes
2025-02-22,Walmart,"Great Value Original Whipped Cream Cheese Spread, 12 oz Tub",2.0,3.2600,6.5200,6.52,3.2600,yes
2025-02-22,Walmart,"Great Value Jasmine Rice, 2 lb",1.0,3.1200,3.1200,3.12,3.1200,yes
2025-02-22,Walmart,"King's Hawaiian Original Hawaiian Sweet Dinner Rolls 24 Count, 24 oz, Shelf-Stable",1.0,7.6600,7.6600,7.66,7.6600,yes
2025-02-22,Walmart,"Smucker's Concord Grape Jelly, 18 oz",2.0,2.8400,5.6800,5.68,2.8400,yes
2025-02-22,Walmart,"Great Value Oven Roasted Turkey Breast Lunchmeat, 16 oz, Plastic Tub, Refrigerated",1.0,5.3700,5.3700,5.37,5.3700,yes
2025-02-22,Walmart,"RITZ Whole Wheat Crackers, Snacks for Kids and Adults, Lunch Snacks, 12.9 oz",1.0,3.4600,3.4600,3.46,3.4600,yes
2025-02-22,Walmart,"Campbell's Condensed Cream of Mushroom Soup, 10.5 oz Can",2.0,1.2600,2.5200,2.52,1.2600,yes
2025-02-22,Walmart,"Great Value Sharp Cheddar Finely Shredded Cheese, 16 oz Bag",2.0,3.7800,7.5600,7.56,3.7800,yes
2025-02-22,Walmart,"Heinz HomeStyle Beef Gravy Value Size, 18 oz Jar",1.0,3.5200,3.5200,3.52,3.5200,yes
2025-02-22,Walmart,"Great Value Mixed Vegetables, 12 oz Steamable Bag (Frozen)",2.0,0.9800,1.9600,1.96,0.9800,yes
2025-02-22,Walmart,"Great Value Whole Vitamin D Milk, Gallon, 128 fl oz",2.0,2.3600,4.7200,4.72,2.3600,yes
2025-02-22,Walmart,"Nature's Own 100% Whole Wheat, Whole Wheat Sandwich Bread, 20 oz Loaf, Shelf-Stable",1.0,3.6400,3.6400,3.64,3.6400,yes
2025-02-22,Walmart,"Thomas' Light Multi-Grain English Muffins, 6 count, 100 Calories English Muffins, 12 oz Tray",1.0,3.4800,3.4800,3.48,3.4800,yes
2025-02-22,Walmart,Fresh Whole Russet Potatoes 5 lb Bag,1.0,3.9700,3.9700,3.97,3.9700,yes
2025-02-22,Walmart,"Fresh Honeycrisp Apples, 3 lb Bag",1.0,6.3400,6.3400,6.34,6.3400,yes
2025-02-22,Walmart,"Fresh Strawberries, 2 lb, Container",1.0,5.4800,5.4800,5.48,5.4800,yes
2025-02-22,Walmart,"Thomas' Cinnamon Raisin Bagels, 6 count, 9g Protein, Kosher Bagels, 20 oz Bag",1.0,3.97,3.97,3.97,,no
2025-02-26,Walmart,"PopCorners No Artificial Colors or Flavors White Cheddar Popped Corn Chips Bag, 7 oz",2.0,3.9800,7.9600,7.96,3.9800,yes
2025-02-26,Walmart,"Nature's Bakery Blueberry Fig Bars, 10 Twin packs, 2 oz Each",1.0,6.12,6.12,6.12,,no
2025-02-26,Walmart,"Fritos Scoops! Corn Snacks, Party Size, 15.5 oz Bag",2.0,5.9400,11.8800,11.88,5.9400,yes
2025-02-26,Walmart,"Tostitos Scoops! Tortilla Chips Multigrain, 10 oz Bag",1.0,4.4800,4.4800,4.48,4.4800,yes
2025-02-26,Walmart,SunButter Original Sunflower Seed Butter 16 oz Jar,1.0,6.9800,6.9800,6.98,6.9800,yes
2025-02-26,Walmart,"Great Value Whole Vitamin D Milk, Gallon, 128 fl oz",1.0,2.3600,2.3600,2.36,2.3600,yes
2025-02-26,Walmart,"PopCorners No Artificial Colors or Flavors Kettle Corn Popped Corn Chips Bag, 7 oz​",1.0,3.9800,3.9800,3.98,3.9800,yes
2025-02-26,Walmart,"Snyder's of Hanover Pretzels, Braided Pretzel Twists Honey Wheat, 12 oz",2.0,3.6200,7.2400,7.24,3.6200,yes
2025-02-26,Walmart,"Bush's Chili Beans, Canned Pinto Beans in Mild Chili Sauce, 27 oz Can",1.0,2.4200,2.4200,2.42,2.4200,yes
2025-02-26,Walmart,"McCormick Chili Seasoning Mix, 1.25 oz Packet",1.0,1.3700,1.3700,1.37,1.3700,yes
2025-02-26,Walmart,"Great Value Oven Roasted Turkey Breast Lunchmeat, 16 oz, Plastic Tub, Refrigerated",2.0,5.3700,10.7400,10.74,5.3700,yes
2025-02-26,Walmart,"Oikos Triple Zero 17g Protein, 0g Added Sugar, Fat Free Vanilla Greek Yogurt Tub, 32 oz",2.0,11.56,23.12,11.56,,no
2025-02-26,Walmart,"Fresh Glorys Cherry Tomatoes, 10 oz Package",1.0,2.4800,2.4800,2.48,2.4800,yes
2025-03-04,Walmart,"PopCorners No Artificial Colors or Flavors White Cheddar Popped Corn Chips Bag, 7 oz",1.0,3.9800,3.9800,3.98,3.9800,yes
2025-03-04,Walmart,"Activia Probiotic Dailies Strawberry Low Fat Probiotic Yogurt Drinks, Helps Support Gut Health, 3.1 fl oz, 8 Count",1.0,5.32,5.32,5.32,,no
2025-03-04,Walmart,"Activia Probiotic Dailies Strawberry Low Fat Probiotic Yogurt Drinks, Helps Support Gut Health, 3.1 fl oz, 8 Count",1.0,5.32,5.32,5.32,,no
2025-03-04,Walmart,"Plum Organics® Tots Mighty Builder Fruit & Veggie Blend Pear, White Bean, Blueberry, Date + Chia & Banana, White Bean, Strawberry + Chia 4oz Pouch-8-pack",1.0,10.8800,10.8800,10.88,10.8800,yes
2025-03-04,Walmart,"Children's Motrin Ibuprofen Kids Medicine, Berry Flavored, 4 fl. oz",1.0,6.6800,6.6800,6.68,6.6800,yes
2025-03-04,Walmart,"PopCorners No Artificial Colors or Flavors White Cheddar Popped Corn Chips Bag, 7 oz",1.0,3.9800,3.9800,3.98,3.9800,yes
2025-03-04,Walmart,"TAZO Classic Chai Latte Black Tea Concentrate, Made from Real Black Tea, 32oz Carton",1.0,5.4800,5.4800,5.48,5.4800,yes
2025-03-04,Walmart,"Mucinex Nightshift Sinus Medicine, OTC Fever Reducer, Cough Suppressant, Nasal Decongestant, 6 fl oz",1.0,13.9700,13.9700,13.97,13.9700,yes
2025-03-04,Walmart,"Mucinex Fast-Max Kickstart Severe Cold and Flu Medicine, OTC Cough Relief, Menthol Flavor, 6 fl oz",1.0,13.9700,13.9700,13.97,13.9700,yes
2025-03-04,Walmart,"bubly Sparkling Water, The Super Mario Galaxy Movie Cherry, Zero Sugar & Zero Calories ,12 fl oz Cans (8 pack)​",1.0,3.9800,3.9800,3.98,3.9800,yes
2025-03-04,Walmart,"HERSHEY’S a2 Milk® Chocolate 2% Reduced Fat Milk Boxes, 8 oz, 12-Pack",1.0,11.9800,11.9800,11.98,11.9800,yes
2025-03-04,Walmart,"Thomas' Light Multi-Grain English Muffins, 6 count, 100 Calories English Muffins, 12 oz Tray",1.0,3.4800,3.4800,3.48,3.4800,yes
2025-03-04,Walmart,"King's Hawaiian Original Hawaiian Sweet Dinner Rolls 24 Count, 24 oz, Shelf-Stable",1.0,7.6600,7.6600,7.66,7.6600,yes
2025-03-04,Walmart,"Nature's Own 100% Whole Wheat, Whole Wheat Sandwich Bread, 20 oz Loaf, Shelf-Stable",1.0,3.6400,3.6400,3.64,3.6400,yes
2025-03-04,Walmart,"Thomas' Plain Mini Bagels, 10 count, Kosher Mini Bagels, 15 oz Bag",1.0,3.9700,3.9700,3.97,3.9700,yes
2025-03-04,Walmart,"Great Value Whole Vitamin D Milk, Gallon, 128 fl oz",2.0,2.3600,4.7200,4.72,2.3600,yes
2025-03-08,Walmart,"Emergen-C Immune+ Gummies Vitamin C Supplement for Immune Support, Super Orange, 45 Ct",1.0,15.9800,15.9800,15.98,15.9800,yes
2025-03-08,Walmart,"Vicks Vapo Shower Tablets, Menthol Scent Soothing Non-Medicated Shower Steamers, 3 Count",1.0,6.4700,6.4700,6.47,6.4700,yes
2025-03-08,Walmart,ASP Cough & ST Adult FizzyChews 16CT,1.0,10.4700,10.4700,10.47,10.4700,yes
2025-03-08,Walmart,"Mucinex Fast-Max Cold, Flu, & Sore Throat Relief Medicine, OTC Cough Suppressant, Expectorant, 6 fl oz",1.0,13.9700,13.9700,13.97,13.9700,yes
2025-03-08,Walmart,"RITZ Peanut Butter Sandwich Crackers, Lunch Snacks, 20 Snack Packs (6 Crackers Per Pack)",1.0,7.9800,7.9800,7.98,7.9800,yes
2025-03-08,Walmart,"Gatorade Cool Blue flavor Thirst Quencher, 28 fl. oz. Bottle",3.0,1.7200,5.1600,5.16,1.7200,yes
2025-03-08,Walmart,"Premium Original Saltine Crackers, Lunch Snacks, 16 oz",1.0,3.6800,3.6800,3.68,3.6800,yes
2025-03-08,Walmart,"Vicks Warm Steam Vaporizer Humidifier with Night Light, 1.5 gal, 600 Sq. ft, White, V150SGNLUPCV2",1.0,17.9800,17.9800,17.98,17.9800,yes
2025-03-10,Walmart,"Fresh Banana, Each",5.0,0.176,0.88,0.176,,no
2025-03-10,Walmart,"KIND Gluten Free Peanut Butter Dark Chocolate Snack Bars, Value Pack, 1.4 oz, 12 Count, Cardboard Box",1.0,13.1800,13.1800,13.18,13.1800,yes
2025-03-10,Walmart,"PopCorners No Artificial Colors or Flavors White Cheddar Popped Corn Chips Bag, 7 oz",2.0,3.9800,7.9600,7.96,3.9800,yes
2025-03-10,Walmart,"TAZO Classic Chai Latte Black Tea Concentrate, Made from Real Black Tea, 32oz Carton",1.0,5.4800,5.4800,5.48,5.4800,yes
2025-03-10,Walmart,"Oikos Triple Zero 17g Protein, 0g Added Sugar, Fat Free Vanilla Greek Yogurt Tub, 32 oz",1.0,5.78,5.78,5.78,,no
2025-03-10,Walmart,"bubly Sparkling Water, The Super Mario Galaxy Movie Cherry, Zero Sugar & Zero Calories ,12 fl oz Cans (8 pack)​",2.0,3.9800,7.9600,7.96,3.9800,yes
2025-03-10,Walmart,"Great Value Sloppy Joe Sauce, 15 oz",2.0,0.9800,1.9600,1.96,0.9800,yes
2025-03-10,Walmart,"Activia Probiotic Dailies Strawberry Low Fat Probiotic Yogurt Drinks, Helps Support Gut Health, 3.1 fl oz, 8 Count",2.0,10.64,21.28,10.64,,no
2025-03-10,Walmart,"Cholula Kosher Green Pepper Hot Sauce, 5.0 fl oz Bottle",1.0,3.8200,3.8200,3.82,3.8200,yes
2025-03-10,Walmart,"Snyder's of Hanover Pretzels, Braided Pretzel Twists Honey Wheat, 12 oz",1.0,3.6200,3.6200,3.62,3.6200,yes
2025-03-10,Walmart,"Pepperidge Farm White Hot Dog Buns, Top Sliced, 8-Pack Bag",1.0,3.3700,3.3700,3.37,3.3700,yes
2025-03-10,Walmart,"Oscar Mayer Turkey Franks Hot Dogs, 16 oz, 10 ct Pack",1.0,4.2400,4.2400,4.24,4.2400,yes
2025-03-10,Walmart,"Pepperidge Farm Sesame Topped Hamburger Buns, 8-Pack Bag",1.0,3.3700,3.3700,3.37,3.3700,yes
2025-03-10,Walmart,"Ore-Ida Extra Crispy Fast Food French Fries French Fried Potatoes, 26 oz Bag",1.0,3.9700,3.9700,3.97,3.9700,yes
2025-03-10,Walmart,"King's Hawaiian Original Hawaiian Sweet Dinner Rolls 24 Count, 24 oz, Shelf-Stable",1.0,7.6600,7.6600,7.66,7.6600,yes
2025-03-10,Walmart,"Nature's Own 100% Whole Wheat, Whole Wheat Sandwich Bread, 20 oz Loaf, Shelf-Stable",1.0,3.6400,3.6400,3.64,3.6400,yes
2025-03-10,Walmart,"Organic Fresh Whole Carrots, 2 lb Bag",1.0,2.1400,2.1400,2.14,2.1400,yes
2025-03-10,Walmart,"Great Value Turkey Pepperoni Slices, 5 oz",1.0,2.9800,2.9800,2.98,2.9800,yes
2025-03-10,Walmart,"Great Value Uncooked Original Breakfast Pork Sausage Patties, 12 oz Package (Refrigerated)",1.0,2.9400,2.9400,2.94,2.9400,yes
2025-03-10,Walmart,"Thomas' Plain Mini Bagels, 10 count, Kosher Mini Bagels, 15 oz Bag",1.0,3.9700,3.9700,3.97,3.9700,yes
2025-03-10,Walmart,"Thomas' Light Multi-Grain English Muffins, 6 count, 100 Calories English Muffins, 12 oz Tray",1.0,3.4800,3.4800,3.48,3.4800,yes
2025-03-10,Walmart,"DiGiorno Frozen Pizza, Rising Crust Four Cheese, 24.6 oz (Frozen)",1.0,5.9700,5.9700,5.97,5.9700,yes
2025-03-10,Walmart,"DiGiorno Stuffed Crust Cheese, Veggie, and Meat Supreme Pizza, 26.4 oz (Frozen)",1.0,8.4700,8.4700,8.47,8.4700,yes
2025-03-10,Walmart,"Great Value Reduced Sodium Gluten-Free Chicken Broth, 32 oz Carton (Shelf-Stable)",1.0,1.3700,1.3700,1.37,1.3700,yes
2025-03-10,Walmart,"Heinz HomeStyle Beef Gravy Value Size, 18 oz Jar",1.0,3.5200,3.5200,3.52,3.5200,yes
2025-03-10,Walmart,"The Cheesecake Factory At Home Famous ""Brown Bread"" Wheat Dinner Rolls",1.0,3.9800,3.9800,3.98,3.9800,yes
2025-03-10,Walmart,"Great Value Whole Vitamin D Milk, Gallon, 128 fl oz",1.0,2.3600,2.3600,2.36,2.3600,yes
2025-03-10,Walmart,"Siete Mild Taco Seasoning, Mixed Spice, 1.31 oz. Packet",1.0,2.2300,2.2300,2.23,2.2300,yes
2025-03-10,Walmart,"Fresh Glorys Cherry Tomatoes, 10 oz Package",2.0,2.4800,4.9600,4.96,2.4800,yes
2025-03-10,Walmart,Fresh Whole Russet Potatoes 5 lb Bag,1.0,3.9700,3.9700,3.97,3.9700,yes
2025-03-10,Walmart,"Fresh Strawberries, 1 lb",1.0,2.7800,2.7800,2.78,2.7800,yes
2025-03-10,Walmart,"Thomas' Cinnamon Raisin Bagels, 6 count, 9g Protein, Kosher Bagels, 20 oz Bag",1.0,3.97,3.97,3.97,,no
2025-03-10,Walmart,"FARMHOUSE EGGS, Cage Free Large Brown Eggs, 18 Count",1.0,7.1200,7.1200,7.12,7.1200,yes
2025-03-10,Walmart,"Fresh Honeycrisp Apples, 3 lb Bag",1.0,6.8300,6.8300,6.83,6.8300,yes
2025-03-11,Walmart,SunButter Original Sunflower Seed Butter 16 oz Jar,1.0,6.9800,6.9800,6.98,6.9800,yes
2025-03-11,Walmart,"Great Value Roasted & Salted Pistachios, 16 oz Resealable Bag",1.0,7.4200,7.4200,7.42,7.4200,yes
2025-03-11,Walmart,"Smucker's Natural Strawberry Fruit Spread, 17.25 oz",1.0,3.8700,3.8700,3.87,3.8700,yes
2025-03-11,Walmart,"Great Value No Stir Creamy Natural Peanut Butter Spread, 40 oz",1.0,3.9800,3.9800,3.98,3.9800,yes
2025-03-11,Walmart,"Dawn Powerwash Spray, Dish Soap, Dishwashing Liquid, Fresh, 1 Starter Kit, 16 Fl Oz",1.0,4.9400,4.9400,4.94,4.9400,yes
2025-03-11,Walmart,"Crest Toothpaste, 3D White Advanced Teeth Whitening Toothpaste, Radiant Mint, 2.4 oz",1.0,3.9700,3.9700,3.97,3.9700,yes
2025-03-11,Walmart,"Great Value Whole Vitamin D Milk, Gallon, 128 fl oz",1.0,2.4200,2.4200,2.42,2.4200,yes
2025-03-11,Walmart,"Great Value Oven Roasted Turkey Breast Lunchmeat, 16 oz, Plastic Tub, Refrigerated",2.0,5.3700,10.7400,10.74,5.3700,yes
2025-03-11,Walmart,"HERSHEY’S a2 Milk® Chocolate 2% Reduced Fat Milk Boxes, 8 oz, 12-Pack",1.0,11.9800,11.9800,11.98,11.9800,yes
2025-03-11,Walmart,"Dawn Powerwash Spray Refill, Dish Soap, Dishwashing Liquid, Fresh, 1 Refill",1.0,3.9400,3.9400,3.94,3.9400,yes
2025-03-11,Walmart,"Fresh Mandarin Oranges, 3 lb Bag",1.0,3.9700,3.9700,3.97,3.9700,yes
2025-03-11,Walmart,"Fresh Strawberries, 1 lb",1.0,3.1200,3.1200,3.12,3.1200,yes
2025-03-17,Walmart,"Thomas' Light Multi-Grain English Muffins, 6 count, 100 Calories English Muffins, 12 oz Tray",1.0,3.4800,3.4800,3.48,3.4800,yes
2025-03-17,Walmart,"KIND Gluten Free Peanut Butter Dark Chocolate Snack Bars, Value Pack, 1.4 oz, 12 Count, Cardboard Box",1.0,13.1800,13.1800,13.18,13.1800,yes
2025-03-17,Walmart,"TAZO Classic Chai Latte Black Tea Concentrate, Made from Real Black Tea, 32oz Carton",1.0,5.4800,5.4800,5.48,5.4800,yes
2025-03-17,Walmart,"Flonase Allergy Relief Fluticasone Nasal Spray, 24 Hour Non-Drowsy Allergy Medicine, Metered Nasal Spray - 72 Sprays - Fall And Seasonal Allergy Relief",1.0,14.9700,14.9700,14.97,14.9700,yes
2025-03-17,Walmart,"bubly Sparkling Water, The Super Mario Galaxy Movie Cherry, Zero Sugar & Zero Calories ,12 fl oz Cans (8 pack)​",1.0,3.9800,3.9800,3.98,3.9800,yes
2025-03-17,Walmart,La Banderita Yellow Corn Tortilla 30 Count,1.0,2.2400,2.2400,2.24,2.2400,yes
2025-03-17,Walmart,"Bush's Chili Beans, Canned Pinto Beans in Mild Chili Sauce, 27 oz Can",1.0,2.4200,2.4200,2.42,2.4200,yes
2025-03-17,Walmart,"BelGioioso Gluten-Free Asiago Specialty Cheese Wedge, 8 oz",1.0,5.4200,5.4200,5.42,5.4200,yes
2025-03-17,Walmart,"Nature's Own 100% Whole Wheat, Whole Wheat Sandwich Bread, 20 oz Loaf, Shelf-Stable",2.0,3.6400,7.2800,7.28,3.6400,yes
2025-03-17,Walmart,"King's Hawaiian Original Hawaiian Sweet Dinner Rolls 24 Count, 24 oz, Shelf-Stable",2.0,7.8800,15.7600,15.76,7.8800,yes
2025-03-17,Walmart,"Oikos Triple Zero 17g Protein, 0g Added Sugar, Fat Free Vanilla Greek Yogurt Tub, 32 oz",2.0,11.56,23.12,11.56,,no
2025-03-19,Walmart,"SoCozy Kid's Swim 3-in-1 Shampoo Conditioner Body Wash for All Hair Types, with Activated Charcoal, 10.5 fl oz",1.0,10.0000,10.0000,10.0,10.0000,yes
2025-03-19,Walmart,"Ivory Bar Soap, Original Scent, All Skin Types, 4 Count, 4 Ounces Each",1.0,4.47,4.47,4.47,,no
2025-03-19,Walmart,"Cantu Avocado Sulfate Free Conditioner, 13.5 oz",1.0,5.9700,5.9700,5.97,5.9700,yes
2025-03-19,Walmart,"Venus Extra Smooth Sensitive Women's 5 Blade Disposable Razor, 2 count, Blue",1.0,9.4700,9.4700,9.47,9.4700,yes
2025-03-19,Walmart,"Native Coconut & Vanilla Body Wash, 18 fl oz",1.0,9.9700,9.9700,9.97,9.9700,yes
2025-03-19,Walmart,"Great Value Jasmine Rice, 2 lb",1.0,3.1200,3.1200,3.12,3.1200,yes
2025-03-19,Walmart,Cantu Shea Butter for Natural Hair Complete Conditioning Co-Wash 10 oz,1.0,4.9700,4.9700,4.97,4.9700,yes
2025-03-19,Walmart,"Native Facial Moisturizer for Sensitive Skin with Aloe and Niacinamide, Unscented, 1.7 oz",1.0,14.9400,14.9400,14.94,14.9400,yes
2025-03-19,Walmart,"TPH BY TARAJI Make it Rain Hydrating Deep Conditioner With Aloe Vera, Avocado Oil, & Moringa Oil For All Hair Types | Detangler For Curly, Coily & Wavy Hair | Color Safe & Sulfate Free, 12 oz.",1.0,9.9700,9.9700,9.97,9.9700,yes
2025-03-28,Walmart,"Great Value No Stir Creamy Natural Peanut Butter Spread, 40 oz",1.0,3.9800,3.9800,3.98,3.9800,yes
2025-03-28,Walmart,"Flonase Allergy Relief Fluticasone Nasal Spray, 24 Hour Non-Drowsy Allergy Medicine, Metered Nasal Spray - 72 Sprays - Fall And Seasonal Allergy Relief",2.0,14.9700,29.9400,29.94,14.9700,yes
2025-03-28,Walmart,"King's Hawaiian Original Hawaiian Sweet Dinner Rolls 24 Count, 24 oz, Shelf-Stable",1.0,7.8800,7.8800,7.88,7.8800,yes
2025-03-28,Walmart,"bubly Sparkling Water, The Super Mario Galaxy Movie Cherry, Zero Sugar & Zero Calories ,12 fl oz Cans (8 pack)​",2.0,3.7600,7.5200,7.52,3.7600,yes
2025-03-28,Walmart,"Great Value Original Whipped Cream Cheese Spread, 12 oz Tub",1.0,3.2600,3.2600,3.26,3.2600,yes
2025-03-28,Walmart,"Nature's Own 100% Whole Wheat, Whole Wheat Sandwich Bread, 20 oz Loaf, Shelf-Stable",1.0,3.6400,3.6400,3.64,3.6400,yes
2025-03-28,Walmart,"Thomas' Plain Mini Bagels, 10 count, Kosher Mini Bagels, 15 oz Bag",2.0,3.9700,7.9400,7.94,3.9700,yes
2025-03-28,Walmart,"Allegra Adult 24-Hour Allergy Relief Gelcaps, Non-Drowsy Allergy Medicine, 180 mg Pill, 24 Count",1.0,17.9600,17.9600,17.96,17.9600,yes
2025-03-28,Walmart,"Allegra Children's 12-Hour Allergy Relief Liquid, Non-Drowsy Indoor and Outdoor Allergy Medicine, 30 mg Fexofenadine HCI Antihistamine For Kids, Berry Flavor, 4 oz.",1.0,9.9400,9.9400,9.94,9.9400,yes
2025-04-08,Walmart,"TPH BY TARAJI Hustle & Co Hydrating Co Wash Cleansing Hair Conditioner | Coily & Curly Hair | All Genders, 12 oz.",1.0,9.9700,9.9700,9.97,9.9700,yes
2025-04-08,Walmart,"Plum Organics® Tots Mighty Builder Fruit & Veggie Blend Pear, White Bean, Blueberry, Date + Chia & Banana, White Bean, Strawberry + Chia 4oz Pouch-8-pack",2.0,10.8800,21.7600,21.76,10.8800,yes
2025-04-08,Walmart,"GoGo squeeZ Applesauce and Fruit Puree, Apple Apple Snack Pouches, 3.2 oz, 20 Pack",1.0,12.4800,12.4800,12.48,12.4800,yes
2025-04-08,Walmart,"Gatorade Thirst Quencher Cool Blue Sports Drinks, 12 fl oz, 12 Count Bottles",1.0,7.9800,7.9800,7.98,7.9800,yes
2025-04-08,Walmart,"Colgate 360 Whole Mouth Clean Adult Manual Toothbrush, Medium, 5 Pack",1.0,11.9600,11.9600,11.96,11.9600,yes
2025-04-08,Walmart,"Schick Hydro Silk Ultra-Sensitive 5 Blade Razor for Women, 1 Handle, 2 Refills",1.0,9.9700,9.9700,9.97,9.9700,yes
2025-04-08,Walmart,SunButter Original Sunflower Seed Butter 16 oz Jar,1.0,6.9800,6.9800,6.98,6.9800,yes
2025-04-08,Walmart,"bubly Sparkling Water, The Super Mario Galaxy Movie Cherry, Zero Sugar & Zero Calories ,12 fl oz Cans (8 pack)​",1.0,3.7600,3.7600,3.76,3.7600,yes
2025-04-08,Walmart,"Great Value Oven Roasted Turkey Breast Lunchmeat, 16 oz, Plastic Tub, Refrigerated",1.0,5.9700,5.9700,5.97,5.9700,yes
2025-04-08,Walmart,"Method All-Purpose Cleaner, French Lavender, 28  fl oz",1.0,4.3800,4.3800,4.38,4.3800,yes
2025-04-08,Walmart,"Pacific Foods Organic Creamy Tomato Soup, 32 oz Carton",1.0,4.1200,4.1200,4.12,4.1200,yes
2025-04-08,Walmart,"Progresso Rich and Hearty Chicken and Homestyle Noodles Canned Soup, 19 oz",4.0,2.3800,9.5200,9.52,2.3800,yes
2025-04-08,Walmart,"Premium Original Saltine Crackers, Lunch Snacks, 16 oz",2.0,3.6800,7.3600,7.36,3.6800,yes
2025-04-08,Walmart,"Colgate Extra Clean Full Head Adult Manual Toothbrush, Soft, 4 Pack",1.0,2.9600,2.9600,2.96,2.9600,yes
2025-04-08,Walmart,"TPH BY TARAJI Make it Rain Hydrating Deep Conditioner With Aloe Vera, Avocado Oil, & Moringa Oil For All Hair Types | Detangler For Curly, Coily & Wavy Hair | Color Safe & Sulfate Free, 12 oz.",1.0,9.9700,9.9700,9.97,9.9700,yes
2025-04-08,Walmart,"Crunchmaster Original Multi-Seed Crisps Gluten-Free Crackers, 4.5 oz. Foil Bag in Carboard Box",1.0,3.2800,3.2800,3.28,3.2800,yes
2025-04-08,Walmart,"King's Hawaiian Original Hawaiian Sweet Dinner Rolls 24 Count, 24 oz, Shelf-Stable",1.0,7.8800,7.8800,7.88,7.8800,yes
2025-04-08,Walmart,"HERSHEY’S a2 Milk® Chocolate 2% Reduced Fat Milk Boxes, 8 oz, 12-Pack",1.0,11.9800,11.9800,11.98,11.9800,yes
2025-04-08,Walmart,"Fresh Glorys Cherry Tomatoes, 10 oz Package",2.0,2.4800,4.9600,4.96,2.4800,yes
2025-04-19,Walmart,"Fresh Banana, Each",7.0,0.19285714285714287,1.35,0.19285714285714287,,no
2025-04-19,Walmart,"Plum Organics® Tots Mighty Builder Fruit & Veggie Blend Pear, White Bean, Blueberry, Date + Chia & Banana, White Bean, Strawberry + Chia 4oz Pouch-8-pack",2.0,10.8800,21.7600,21.76,10.8800,yes
2025-04-19,Walmart,Farberware Professional Old Fashion Ice Cream Scoop in Black,1.0,4.9700,4.9700,4.97,4.9700,yes
2025-04-19,Walmart,"Keebler Waffle Ice Cream Cones, 5 oz, 12 ct",1.0,3.1400,3.1400,3.14,3.1400,yes
2025-04-19,Walmart,"Thomas' Plain Mini Bagels, 10 count, Kosher Mini Bagels, 15 oz Bag",2.0,3.9700,7.9400,7.94,3.9700,yes
2025-04-19,Walmart,"Great Value Uncooked Original Breakfast Pork Sausage Links, 12 oz Package",2.0,3.4700,6.9400,6.94,3.4700,yes
2025-04-19,Walmart,"Sabra Classic Original Fresh Hummus Dip, Non-GMO, Gluten Free, Vegan Hummus Spread, 10 oz Tub",1.0,3.9700,3.9700,3.97,3.9700,yes
2025-04-19,Walmart,"Crunchmaster Original Multi-Seed Crisps Gluten-Free Crackers, 4.5 oz. Foil Bag in Carboard Box",1.0,3.3700,3.3700,3.37,3.3700,yes
2025-04-19,Walmart,"HERSHEY’S a2 Milk® Chocolate 2% Reduced Fat Milk Boxes, 8 oz, 12-Pack",1.0,11.9800,11.9800,11.98,11.9800,yes
2025-04-19,Walmart,"Reddi-wip Original Whipped Topping Made with Real Cream, 6.5 oz",1.0,2.7600,2.7600,2.76,2.7600,yes
2025-04-19,Walmart,Turkey Hill Chocolate Chip Cookie Dough Ice Cream 46 fl oz Tub,1.0,3.1600,3.1600,3.16,3.1600,yes
2025-04-19,Walmart,"Turkey Hill Choco Mint Chip Premium Ice Cream, 46 fl oz",1.0,3.1600,3.1600,3.16,3.1600,yes
2025-04-19,Walmart,"Blue Bunny Soft Cookies and Cream Premium Frozen Dessert, 46 fl oz",1.0,3.8700,3.8700,3.87,3.8700,yes
2025-04-19,Walmart,"(3 pack) Plum Organics Jammy Sammy Snack Bars, Blueberry and Oatmeal, 1.02 oz Bars, 5 Count",1.0,9.7800,9.7800,9.78,9.7800,yes
2025-04-19,Walmart,"Great Value Easter Bunny Multi-Color Sprinkles, 2.82 oz",1.0,2.9800,2.9800,2.98,2.9800,yes
2025-04-21,Walmart,Forceum HENA UHP All Season 205/45R16 87W Passenger Tire,1.0,59.9300,59.9300,59.93,59.9300,yes
2025-04-21,Walmart,Forceum HENA UHP All Season 205/45R16 87W Passenger Tire,1.0,59.9300,59.9300,59.93,59.9300,yes
2025-04-26,Walmart,"TPH BY TARAJI Hustle & Co Hydrating Co Wash Cleansing Hair Conditioner | Coily & Curly Hair | All Genders, 12 oz.",1.0,9.9700,9.9700,9.97,9.9700,yes
2025-04-26,Walmart,Cantu Shea Butter for Natural Hair Complete Conditioning Co-Wash 10 oz,1.0,4.9700,4.9700,4.97,4.9700,yes
2025-04-26,Walmart,Cantu Shea Butter for Natural Hair Complete Conditioning Co-Wash 10 oz,1.0,4.9700,4.9700,4.97,4.9700,yes
2025-04-26,Walmart,"Meow Mix Gravy Bursts Gravy Filled Pieces Savory Chicken Flavors, Dry Cat Food, 13.5 lb. Bag",1.0,18.1200,18.1200,18.12,18.1200,yes
2025-04-26,Walmart,"Gillette Satin Care Ultra Sensitive Women's Shaving Gel Twin Pack, Fragrance-Free, 14 oz",1.0,6.4700,6.4700,6.47,6.4700,yes
2025-04-26,Walmart,"Nature's Own 100% Whole Wheat, Whole Wheat Sandwich Bread, 20 oz Loaf, Shelf-Stable",1.0,3.6400,3.6400,3.64,3.6400,yes
2025-04-26,Walmart,"The Cheesecake Factory At Home Famous ""Brown Bread"" Wheat Dinner Rolls",1.0,3.9800,3.9800,3.98,3.9800,yes
2025-04-26,Walmart,"King's Hawaiian Original Hawaiian Sweet Dinner Rolls 24 Count, 24 oz, Shelf-Stable",1.0,7.8800,7.8800,7.88,7.8800,yes
2025-04-26,Walmart,"Thomas' Plain Mini Bagels, 10 count, Kosher Mini Bagels, 15 oz Bag",1.0,3.9700,3.9700,3.97,3.9700,yes
2025-04-26,Walmart,"Crest Toothpaste, 3DWhite Advanced Whitening Toothpaste, Radiant Mint, 3.3 oz, 3 Pack",1.0,14.2400,14.2400,14.24,14.2400,yes
2025-04-26,Walmart,"TPH BY TARAJI Make it Rain Hydrating Deep Conditioner With Aloe Vera, Avocado Oil, & Moringa Oil For All Hair Types | Detangler For Curly, Coily & Wavy Hair | Color Safe & Sulfate Free, 12 oz.",1.0,9.9700,9.9700,9.97,9.9700,yes
2025-04-29,Walmart,Crosswind All Season UHP All Season 205/45R16 87W XL Passenger Tire,1.0,63.9300,63.9300,63.93,63.9300,yes
2025-04-29,Walmart,Crosswind All Season UHP All Season 205/45R16 87W XL Passenger Tire,1.0,63.9300,63.9300,63.93,63.9300,yes
2025-04-29,Walmart,"HERSHEY’S a2 Milk® Chocolate 2% Reduced Fat Milk Boxes, 8 oz, 12-Pack",1.0,11.9800,11.9800,11.98,11.9800,yes
2025-04-29,Walmart,"GoGo squeeZ Applesauce and Fruit Puree, Apple Apple Snack Pouches, 3.2 oz, 20 Pack",1.0,12.9800,12.9800,12.98,12.9800,yes
2025-04-29,Walmart,"Scott 1000 Toilet Paper, 20 Rolls, 1,000 Sheets Per Roll",1.0,16.9800,16.9800,16.98,16.9800,yes
2025-04-29,Walmart,"Great Value Uncooked Original Breakfast Pork Sausage Links, 12 oz Package",2.0,3.4700,6.9400,6.94,3.4700,yes
2025-04-29,Walmart,"bubly Sparkling Water, The Super Mario Galaxy Movie Cherry, Zero Sugar & Zero Calories ,12 fl oz Cans (8 pack)​",1.0,4.1800,4.1800,4.18,4.1800,yes
2025-04-29,Walmart,"Snyder's of Hanover Pretzels, Braided Pretzel Twists Honey Wheat, 12 oz",1.0,3.6200,3.6200,3.62,3.6200,yes
2025-04-29,Walmart,"Great Value Original Whipped Cream Cheese Spread, 12 oz Tub",1.0,3.2600,3.2600,3.26,3.2600,yes
2025-04-29,Walmart,"Ore-Ida Extra Crispy Fast Food French Fries French Fried Potatoes, 26 oz Bag",1.0,3.9700,3.9700,3.97,3.9700,yes
2025-04-29,Walmart,"Manwich Original Sloppy Joe Sauce, Canned Sauce, 15 oz",2.0,1.3600,2.7200,2.72,1.3600,yes
2025-04-29,Walmart,"Fresh Celery Hearts, Each",1.0,2.82,2.82,2.82,,no
2025-05-02,Walmart,"Ozark Trail Kids Air Mattress, Indoor/Outdoor Air Bed, Blow up Mattress Without Pump",1.0,16.9700,16.9700,16.97,16.9700,yes
2025-05-04,Walmart,"Russell Athletic Boy's Performance Mesh Shorts, 4-Pack, Sizes 4-18 & Husky",1.0,25.0000,25.0000,25.0,25.0000,yes
2025-05-05,Walmart,"Dave's Killer Bread Thin-Sliced Good Seed Organic Bread 20.5 oz, Shelf-Stable",1.0,5.4700,5.4700,5.47,5.4700,yes
2025-05-05,Walmart,"Gordo's Original Queso Cheese Dip, 16 oz, Refrigerated Dip",1.0,4.6800,4.6800,4.68,4.6800,yes
2025-05-05,Walmart,"Fresh Banana, Each",10.0,0.185,1.85,0.185,,no
2025-05-05,Walmart,"Tostitos Scoops! Tortilla Chips Multigrain, 10 oz Bag",1.0,4.4800,4.4800,4.48,4.4800,yes
2025-05-05,Walmart,"Pace Chunky Medium Salsa, 64 oz Bottle",1.0,7.9300,7.9300,7.93,7.9300,yes
2025-05-05,Walmart,SunButter Original Sunflower Seed Butter 16 oz Jar,1.0,6.9800,6.9800,6.98,6.9800,yes
2025-05-05,Walmart,"TAZO Classic Chai Latte Black Tea Concentrate, Made from Real Black Tea, 32oz Carton",1.0,5.4800,5.4800,5.48,5.4800,yes
2025-05-05,Walmart,"Pillsbury Grands! Southern Homestyle Buttermilk Biscuits, 2 Pack, 16 Biscuits, 32.6 oz",1.0,4.9600,4.9600,4.96,4.9600,yes
2025-05-05,Walmart,"King's Hawaiian Original Hawaiian Sweet Dinner Rolls 24 Count, 24 oz, Shelf-Stable",1.0,7.8800,7.8800,7.88,7.8800,yes
2025-05-05,Walmart,Sleek Scalp Massage Brush,1.0,1.3300,1.3300,1.33,1.3300,yes
2025-05-05,Walmart,"Great Value Oven Roasted Turkey Breast Lunchmeat, 16 oz, Plastic Tub, Refrigerated",1.0,5.9700,5.9700,5.97,5.9700,yes
2025-05-05,Walmart,"Great Value Whole Vitamin D Milk, Gallon, 128 fl oz",1.0,2.3400,2.3400,2.34,2.3400,yes
2025-05-05,Walmart,"Great Value All-Purpose Enriched Flour, 2 lb Bag",1.0,1.3200,1.3200,1.32,1.3200,yes
2025-05-05,Walmart,"Jimmy Dean Premium Pork Regular Sausage Roll, 16 oz",1.0,4.6200,4.6200,4.62,4.6200,yes
2025-05-05,Walmart,"Great Value Colby & Monterey Jack Cheese Snack, 9 oz Bag, 12 Cheese Sticks",1.0,3.4600,3.4600,3.46,3.4600,yes
2025-05-05,Walmart,"Crunchmaster Original Multi-Seed Crisps Gluten-Free Crackers, 4.5 oz. Foil Bag in Carboard Box",1.0,3.3700,3.3700,3.37,3.3700,yes
2025-05-05,Walmart,"bubly Sparkling Water, The Super Mario Galaxy Movie Cherry, Zero Sugar & Zero Calories ,12 fl oz Cans (8 pack)​",2.0,4.1800,8.3600,8.36,4.1800,yes
2025-05-05,Walmart,"Thomas' Plain Mini Bagels, 10 count, Kosher Mini Bagels, 15 oz Bag",1.0,4.4800,4.4800,4.48,4.4800,yes
2025-05-05,Walmart,"Nature's Own 100% Whole Wheat, Whole Wheat Sandwich Bread, 20 oz Loaf, Shelf-Stable",2.0,3.6400,7.2800,7.28,3.6400,yes
2025-05-05,Walmart,"Fresh Glorys Cherry Tomatoes, 10 oz Package",1.0,2.4800,2.4800,2.48,2.4800,yes
2025-05-13,Walmart,"DiGiorno Classic Crust Cheese Pizza, 19.1 oz (Frozen)",1.0,4.4600,4.4600,4.46,4.4600,yes
2025-05-13,Walmart,"Fresh Banana, Each",10.0,0.192,1.92,0.192,,no
2025-05-13,Walmart,"GoGo squeeZ Active Electrolyte No Sugar Added Strawberry Pineapple Orange Fruit Blend, 3.9 oz (10 Pack)",1.0,9.9800,9.9800,9.98,9.9800,yes
2025-05-13,Walmart,"McCormick 30% Less Sodium Taco Seasoning Mix, 1.0 oz Packet",1.0,0.9700,0.9700,0.97,0.9700,yes
2025-05-13,Walmart,"TAZO Classic Chai Latte Black Tea Concentrate, Made from Real Black Tea, 32oz Carton",1.0,5.4800,5.4800,5.48,5.4800,yes
2025-05-13,Walmart,"Tostitos Scoops! Tortilla Chips Multigrain, 10 oz Bag",2.0,4.4800,8.9600,8.96,4.4800,yes
2025-05-13,Walmart,"Heinz Chili Sauce, 12 oz Bottle",1.0,3.1800,3.1800,3.18,3.1800,yes
2025-05-13,Walmart,"bubly Sparkling Water, The Super Mario Galaxy Movie Cherry, Zero Sugar & Zero Calories ,12 fl oz Cans (8 pack)​",1.0,3.7600,3.7600,3.76,3.7600,yes
2025-05-13,Walmart,"HERSHEY’S a2 Milk® Chocolate 2% Reduced Fat Milk Boxes, 8 oz, 12-Pack",1.0,11.9800,11.9800,11.98,11.9800,yes
2025-05-13,Walmart,"Mission Super Soft Flour Tortillas, Soft Taco Size, 10 Count",2.0,2.4700,4.9400,4.94,2.4700,yes
2025-05-13,Walmart,"Kraft Mexican Style Cheddar Jack Shredded Cheese, 16 oz Bag",2.0,4.9700,9.9400,9.94,4.9700,yes
2025-05-13,Walmart,"Great Value Original Sour Cream, 24 oz Tub",1.0,2.7400,2.7400,2.74,2.7400,yes
2025-05-13,Walmart,"Great Value Golden Sweet Whole Kernel Corn, 15 oz",2.0,0.7600,1.5200,1.52,0.7600,yes
2025-05-13,Walmart,"Great Value Black Beans, 15 oz",2.0,0.8600,1.7200,1.72,0.8600,yes
2025-05-13,Walmart,"Great Value Petite Diced Tomatoes in Tomato Juice, 14.5 oz",2.0,0.9600,1.9200,1.92,0.9600,yes
2025-05-13,Walmart,"Great Value Cut Green Beans, 14.5 oz Can",2.0,0.7600,1.5200,1.52,0.7600,yes
2025-05-13,Walmart,"Great Value Concord Grape Jelly, 30 oz",1.0,2.7400,2.7400,2.74,2.7400,yes
2025-05-13,Walmart,"Great Value Fully Cooked Turkey Meatballs, 32 oz, Approximately 64 Meatballs (Frozen)",1.0,7.9600,7.9600,7.96,7.9600,yes
2025-05-13,Walmart,"DiGiorno Frozen Pizza, Rising Crust Ultimate Pepperoni with Cheese, 24.7 oz (Frozen)",1.0,5.9700,5.9700,5.97,5.9700,yes
2025-05-13,Walmart,"DiGiorno Stuffed Crust Cheese, Veggie, and Meat Supreme Pizza, 26.4 oz (Frozen)",1.0,8.4700,8.4700,8.47,8.4700,yes
2025-05-13,Walmart,"BelGioioso Gluten-Free Asiago Specialty Cheese Wedge, 8 oz",1.0,5.4200,5.4200,5.42,5.4200,yes
2025-05-13,Walmart,Dave's Killer Bread® Thin Sliced 21 Whole Grains and Seeds Organic Bread 20.5 oz. Loaf,1.0,5.4700,5.4700,5.47,5.4700,yes
2025-05-13,Walmart,"Great Value Uncooked Original Breakfast Pork Sausage Links, 12 oz Package",2.0,3.4700,6.9400,6.94,3.4700,yes
2025-05-13,Walmart,"Great Value Whole Vitamin D Milk, Gallon, 128 fl oz",1.0,2.3400,2.3400,2.34,2.3400,yes
2025-05-13,Walmart,"Great Value Large White Eggs, 18 Count",2.0,5.8200,11.6400,11.64,5.8200,yes
2025-05-16,Walmart,"Fresh Banana, Each",10.0,0.246,2.46,0.246,,no
2025-05-16,Walmart,"McCormick 30% Less Sodium Taco Seasoning Mix, 1.0 oz Packet",1.0,0.9700,0.9700,0.97,0.9700,yes
2025-05-16,Walmart,Weiman Granite Cleaner & Polish - 16 Ounce,1.0,4.9700,4.9700,4.97,4.9700,yes
2025-05-16,Walmart,"Gatorade Thirst Quencher Cool Blue Sports Drinks, 12 fl oz, 12 Count Bottles",1.0,7.9800,7.9800,7.98,7.9800,yes
2025-05-16,Walmart,"Nature’s Miracle Dog Urine Remover Enzymatic Formula, for Carpet, Hard Floors, Fabric and Furniture, 24 oz.",1.0,11.9700,11.9700,11.97,11.9700,yes
2025-05-16,Walmart,"Combat Max Large Roach Killing Bait Stations, Child-resistant, 8 Count",1.0,8.1400,8.1400,8.14,8.1400,yes
2025-05-16,Walmart,"Scott 1000 Toilet Paper, 12 Rolls, 1,000 Sheets per Roll",1.0,11.2800,11.2800,11.28,11.2800,yes
2025-05-16,Walmart,"Honey Nut Cheerios, Heart Healthy Cereal, Affirmations Box, Family Size, 18.8 oz",1.0,4.9300,4.9300,4.93,4.9300,yes
2025-05-16,Walmart,"GoGo squeeZ Applesauce and Fruit Puree, Apple Apple Snack Pouches, 3.2 oz, 20 Pack",1.0,12.9800,12.9800,12.98,12.9800,yes
2025-05-16,Walmart,"bubly Sparkling Water, The Super Mario Galaxy Movie Cherry, Zero Sugar & Zero Calories ,12 fl oz Cans (8 pack)​",1.0,3.7600,3.7600,3.76,3.7600,yes
2025-05-16,Walmart,"Crystal Geyser Alpine Spring Water, 1 Gallon Plastic Jug",1.0,1.4300,1.4300,1.43,1.4300,yes
2025-05-16,Walmart,"Great Value Kosher Spears Dill Pickle Fresh Pack, 24 fl oz Jar",1.0,2.3400,2.3400,2.34,2.3400,yes
2025-05-16,Walmart,"Great Value Large White Eggs, 18 Count",1.0,5.1200,5.1200,5.12,5.1200,yes
2025-05-16,Walmart,"Great Value Reduced Sodium Gluten-Free Chicken Broth, 32 oz Carton (Shelf-Stable)",2.0,1.5000,3.0000,3.0,1.5000,yes
2025-05-16,Walmart,"Great Value Whole Vitamin D Milk, Gallon, 128 fl oz",1.0,2.3400,2.3400,2.34,2.3400,yes
2025-05-16,Walmart,"Great Value Oven Roasted Turkey Breast Lunchmeat, 16 oz, Plastic Tub, Refrigerated",1.0,5.9700,5.9700,5.97,5.9700,yes
2025-05-19,Walmart,"Fresh Red Seedless Grapes, Bag (2.25 lbs/Bag Est.)",1.0,4.1900,4.1900,4.19,4.1900,yes
2025-05-19,Walmart,"GoGo squeeZ Applesauce and Fruit Puree, Apple Apple Snack Pouches, 3.2 oz, 20 Pack",1.0,12.9800,12.9800,12.98,12.9800,yes
2025-05-19,Walmart,"Tostitos Scoops! Tortilla Chips Multigrain, 10 oz Bag",1.0,4.4800,4.4800,4.48,4.4800,yes
2025-05-19,Walmart,"Bella Rosa Shredded Parmesan Cheese, Refrigerated 5 oz  Recyclable Plastic Cup",1.0,3.8200,3.8200,3.82,3.8200,yes
2025-05-19,Walmart,Chobani 20G Protein Low-Fat Greek Yogurt Drink Strawberries & Cream 10 fl oz Bottle,4.0,9.88,39.52,9.88,,no
2025-05-19,Walmart,"Nature's Own 100% Whole Wheat, Whole Wheat Sandwich Bread, 20 oz Loaf, Shelf-Stable",1.0,3.6400,3.6400,3.64,3.6400,yes
2025-05-19,Walmart,"Thomas' Plain Mini Bagels, 10 count, Kosher Mini Bagels, 15 oz Bag",1.0,4.4700,4.4700,4.47,4.4700,yes
2025-05-19,Walmart,"Stacy’s No Artificial Colors or Flavors Sea Salt Bagel Chips Bag, 7 oz​",1.0,3.9800,3.9800,3.98,3.9800,yes
2025-05-19,Walmart,"Vermont Creamery Blueberry, Lemon & Thyme Goat Cheese Log, 4 oz",1.0,3.9800,3.9800,3.98,3.9800,yes
2025-05-19,Walmart,"Great Value Large White Eggs, 18 Count",1.0,5.1200,5.1200,5.12,5.1200,yes
2025-05-19,Walmart,"BelGioioso Gluten-Free Asiago Specialty Cheese Wedge, 8 oz",1.0,5.4200,5.4200,5.42,5.4200,yes
2025-05-19,Walmart,"Oikos Pro 23g Protein, Vanilla Yogurt-Cultured Ultra-Filtered Milk Product Tub, 32 oz​",2.0,13.06,26.12,13.06,,no
2025-05-19,Walmart,"Fresh Strawberries, 1 lb",1.0,2.1300,2.1300,2.13,2.1300,yes
2025-05-23,Walmart,"Fresh Red Seedless Grapes, Bag (2.25 lbs/Bag Est.)",1.0,5.3100,5.3100,5.31,5.3100,yes
2025-05-23,Walmart,"Fresh Banana, Each",6.0,0.225,1.35,0.225,,no
2025-05-23,Walmart,"Tostitos Scoops! Tortilla Chips Multigrain, 10 oz Bag",2.0,4.4800,8.9600,8.96,4.4800,yes
2025-05-23,Walmart,"Heinz Chili Sauce, 12 oz Bottle",2.0,3.1800,6.3600,6.36,3.1800,yes
2025-05-23,Walmart,"OREO Double Stuf Chocolate Sandwich Cookies, Party Size, 24.95 oz",3.0,4.9700,14.9100,14.91,4.9700,yes
2025-05-23,Walmart,"Utz Honey Barbeque Potato Chips, Gluten-Free, Family Size, 7.75 oz Bag",3.0,2.5000,7.5000,7.5,2.5000,yes
2025-05-23,Walmart,"Heinz Tomato Ketchup, 32 oz Bottle",1.0,3.9700,3.9700,3.97,3.9700,yes
2025-05-23,Walmart,"Great Value Sweet Cream Unsalted Butter, 16 oz, 4 Sticks",1.0,3.9600,3.9600,3.96,3.9600,yes
2025-05-23,Walmart,"Pillsbury Cinnamon Rolls with Original Icing, Canned Pastry Dough, Value 2-Pack, 16 Rolls",2.0,4.9600,9.9200,9.92,4.9600,yes
2025-05-23,Walmart,"Crunchmaster Original Multi-Seed Crisps Gluten-Free Crackers, 4.5 oz. Foil Bag in Carboard Box",1.0,3.3700,3.3700,3.37,3.3700,yes
2025-05-23,Walmart,"BelGioioso Gluten-Free Asiago Specialty Cheese Wedge, 8 oz",1.0,5.4200,5.4200,5.42,5.4200,yes
2025-05-23,Walmart,"Pace Chunky Medium Salsa, 16 oz Jar",1.0,2.8200,2.8200,2.82,2.8200,yes
2025-05-23,Walmart,"Gordo's Original Queso Cheese Dip, 16 oz, Refrigerated Dip",1.0,4.9800,4.9800,4.98,4.9800,yes
2025-05-23,Walmart,"Great Value Whole Vitamin D Milk, Gallon, 128 fl oz",1.0,2.7200,2.7200,2.72,2.7200,yes
2025-05-23,Walmart,"Great Value Large White Eggs, 36 Count",1.0,8.7200,8.7200,8.72,8.7200,yes
2025-05-23,Walmart,"Thomas' Light Multi-Grain English Muffins, 6 count, 100 Calories English Muffins, 12 oz Tray",3.0,3.4800,10.4400,10.44,3.4800,yes
2025-05-23,Walmart,"Ore-Ida Extra Crispy Fast Food French Fries French Fried Frozen Potatoes Value Size, 4 lb Bag",1.0,7.3700,7.3700,7.37,7.3700,yes
2025-05-23,Walmart,"Great Value Concord Grape Jelly, 30 oz",2.0,2.7400,5.4800,5.48,2.7400,yes
2025-05-23,Walmart,Utz Ripples Sour Cream & Onion Flavored Potato Chips 7.75 oz Family Size Bag,3.0,2.5000,7.5000,7.5,2.5000,yes
2025-05-23,Walmart,"Utz Kettle Classics Salt & Malt Vinegar Potato Chips, Gluten-Free, 7.5 oz",2.0,2.5000,5.0000,5.0,2.5000,yes
2025-05-23,Walmart,"Great Value Turkey Pepperoni Slices, 5 oz",1.0,2.9800,2.9800,2.98,2.9800,yes
2025-05-23,Walmart,"Hillshire Farm Ultra Thin Oven Roasted Turkey Breast Lunchmeat, 16 oz Plastic Tub, Refrigerated",3.0,6.2700,18.8100,18.81,6.2700,yes
2025-05-23,Walmart,"Duke's Mayonnaise, Light Mayo - 18 oz Squeeze",1.0,4.4400,4.4400,4.44,4.4400,yes
2025-05-23,Walmart,"Great Value Mild Cheddar Deli Style Sliced Cheese, 8 oz Package, 12 Slices",3.0,1.9700,5.9100,5.91,1.9700,yes
2025-05-23,Walmart,"Olé Mexican Foods Xtreme Wellness High Fiber Keto Certified Flour Tortilla Wraps, 12.7 oz, 8 Count",2.0,4.3700,8.7400,8.74,4.3700,yes
2025-05-23,Walmart,"Martin's Hoagie Rolls, 6 count",3.0,4.2600,12.7800,12.78,4.2600,yes
2025-05-23,Walmart,"Fresh Strawberries, 1 lb",2.0,2.1600,4.3200,4.32,2.1600,yes
2025-05-23,Walmart,"(2 pack) Capri Sun Fruit Punch Juice Box Pouches, 10 ct Box, 6 fl oz Pouches",1.0,5.3600,5.3600,5.36,5.3600,yes
2025-05-27,Walmart,"TPH BY TARAJI Hustle & Co Hydrating Co Wash Cleansing Hair Conditioner | Coily & Curly Hair | All Genders, 12 oz.",2.0,9.9700,19.9400,19.94,9.9700,yes
2025-05-27,Walmart,"McCormick 30% Less Sodium Taco Seasoning Mix, 1.0 oz Packet",2.0,0.9700,1.9400,1.94,0.9700,yes
2025-05-27,Walmart,"TPH BY TARAJI Make it Rain Hydrating Deep Conditioner With Aloe Vera, Avocado Oil, & Moringa Oil For All Hair Types | Detangler For Curly, Coily & Wavy Hair | Color Safe & Sulfate Free, 12 oz.",2.0,9.9700,19.9400,19.94,9.9700,yes
2025-05-27,Walmart,"Kraft Mexican Style Cheddar Jack Shredded Cheese, 16 oz Bag",2.0,4.9700,9.9400,9.94,4.9700,yes
2025-05-27,Walmart,"Mission Super Soft Flour Tortillas, Soft Taco Size, 10 Count",2.0,2.4700,4.9400,4.94,2.4700,yes
2025-05-27,Walmart,"Great Value Organic Reduced Sodium Gluten-Free Chicken Broth, 32 oz Carton (Shelf-Stable)",1.0,1.9800,1.9800,1.98,1.9800,yes
2025-05-27,Walmart,"Thomas' Plain Mini Bagels, 10 count, Kosher Mini Bagels, 15 oz Bag",1.0,4.4700,4.4700,4.47,4.4700,yes
2025-05-27,Walmart,"Great Value Original Whipped Cream Cheese Spread, 12 oz Tub",1.0,3.2600,3.2600,3.26,3.2600,yes
2025-05-27,Walmart,"bubly Sparkling Water, The Super Mario Galaxy Movie Cherry, Zero Sugar & Zero Calories ,12 fl oz Cans (8 pack)​",1.0,3.7600,3.7600,3.76,3.7600,yes
2025-05-27,Walmart,"BelGioioso Gluten-Free Asiago Specialty Cheese Wedge, 8 oz",1.0,5.4200,5.4200,5.42,5.4200,yes
2025-05-27,Walmart,"Great Value Golden Sweet Whole Kernel Corn, 15 oz",2.0,0.7600,1.5200,1.52,0.7600,yes
2025-05-27,Walmart,"Great Value Petite Diced Tomatoes in Tomato Juice, 14.5 oz",2.0,0.9600,1.9200,1.92,0.9600,yes
2025-05-27,Walmart,"Great Value Black Beans, 15 oz",2.0,0.8600,1.7200,1.72,0.8600,yes
2025-06-02,Walmart,SunButter Original Sunflower Seed Butter 16 oz Jar,1.0,6.9800,6.9800,6.98,6.9800,yes
2025-06-02,Walmart,"Great Value Fresh Frozen Broccoli Cuts, 32 oz Steamable Bag",1.0,2.2800,2.2800,2.28,2.2800,yes
2025-06-02,Walmart,"Fresh Red Seedless Grapes, Bag (2.25 lbs/Bag Est.)",1.0,5.2300,5.2300,5.23,5.2300,yes
2025-06-02,Walmart,"Fresh Banana, Each",5.0,0.176,0.88,0.176,,no
2025-06-02,Walmart,"Snack Factory Original Pretzel Crisps, Non-GMO, 14 oz Party Size Bag",1.0,5.3200,5.3200,5.32,5.3200,yes
2025-06-02,Walmart,"GoGo squeeZ Active Electrolyte No Sugar Added Strawberry Pineapple Orange Fruit Blend, 3.9 oz (10 Pack)",1.0,9.9800,9.9800,9.98,9.9800,yes
2025-06-02,Walmart,"Heinz Chili Sauce, 12 oz Bottle",1.0,3.1800,3.1800,3.18,3.1800,yes
2025-06-02,Walmart,"Kodiak Protein-Packed Power Cakes Buttermilk Pancake and Waffle Mix, 20 oz Box",1.0,5.72,5.72,5.72,,no
2025-06-02,Walmart,"DiGiorno Stuffed Crust Cheese, Veggie, and Meat Supreme Pizza, 26.4 oz (Frozen)",1.0,8.4700,8.4700,8.47,8.4700,yes
2025-06-02,Walmart,"Sabra Classic Original Fresh Hummus Dip, Non-GMO, Gluten Free, Vegan Hummus Spread, 10 oz Tub",1.0,3.9700,3.9700,3.97,3.9700,yes
2025-06-02,Walmart,"Great Value Cut Green Beans, 14.5 oz Can",2.0,0.7600,1.5200,1.52,0.7600,yes
2025-06-02,Walmart,"Great Value Concord Grape Jelly, 30 oz",1.0,2.7400,2.7400,2.74,2.7400,yes
2025-06-02,Walmart,"Great Value Fully Cooked Turkey Meatballs, 32 oz, Approximately 64 Meatballs (Frozen)",1.0,7.9600,7.9600,7.96,7.9600,yes
2025-06-02,Walmart,"Great Value Reduced Sodium Gluten-Free Chicken Broth, 32 oz Carton (Shelf-Stable)",1.0,1.5000,1.5000,1.5,1.5000,yes
2025-06-02,Walmart,"Great Value Garlic Bread Sticks, 10.5 oz (Frozen)",1.0,2.2400,2.2400,2.24,2.2400,yes
2025-06-02,Walmart,"Classico Extra Creamy Alfredo Pasta Sauce, 15 oz Jar",3.0,2.9800,8.9400,8.94,2.9800,yes
2025-06-02,Walmart,"Great Value Fettuccine, 16 oz",2.0,0.9800,1.9600,1.96,0.9800,yes
2025-06-02,Walmart,"Pillsbury Grands! Southern Homestyle Buttermilk Biscuits, 2 Pack, 16 Biscuits, 32.6 oz",1.0,4.9600,4.9600,4.96,4.9600,yes
2025-06-02,Walmart,"Great Value Large White Eggs, 18 Count",1.0,4.3700,4.3700,4.37,4.3700,yes
2025-06-02,Walmart,"Jimmy Dean Premium Pork Regular Sausage Roll, 16 oz",1.0,4.6200,4.6200,4.62,4.6200,yes
2025-06-02,Walmart,"Great Value Reduced Calorie Sugar Free Syrup, 24 fl oz",1.0,2.3600,2.3600,2.36,2.3600,yes
2025-06-02,Walmart,"King's Hawaiian Original Hawaiian Sweet Dinner Rolls 24 Count, 24 oz, Shelf-Stable",2.0,7.8800,15.7600,15.76,7.8800,yes
2025-06-02,Walmart,"Great Value Uncooked Original Breakfast Pork Sausage Links, 12 oz Package",2.0,2.9400,5.8800,5.88,2.9400,yes
2025-06-02,Walmart,"BelGioioso Gluten-Free Asiago Specialty Cheese Wedge, 8 oz",1.0,5.4200,5.4200,5.42,5.4200,yes
2025-06-02,Walmart,"Kraft Mexican Style Cheddar Jack Shredded Cheese, 16 oz Bag",1.0,4.9700,4.9700,4.97,4.9700,yes
2025-06-02,Walmart,"Great Value Muenster Deli Style Sliced Cheese, 8 oz, 12 Slices",2.0,1.9700,3.9400,3.94,1.9700,yes
2025-06-02,Walmart,"Nature's Own WhiteWheat Healthy White Bread, Sliced White Bread Loaf, 20 oz, Shelf-Stable",2.0,3.4200,6.8400,6.84,3.4200,yes
2025-06-02,Walmart,"bubly Sparkling Water, The Super Mario Galaxy Movie Cherry, Zero Sugar & Zero Calories ,12 fl oz Cans (8 pack)​",2.0,3.7600,7.5200,7.52,3.7600,yes
2025-06-02,Walmart,"Great Value Whole Vitamin D Milk, Gallon, 128 fl oz",1.0,2.4600,2.4600,2.46,2.4600,yes
2025-06-02,Walmart,"Thomas' Light Multi-Grain English Muffins, 6 count, 100 Calories English Muffins, 12 oz Tray",1.0,3.4800,3.4800,3.48,3.4800,yes
2025-06-02,Walmart,"HERSHEY’S a2 Milk® Chocolate 2% Reduced Fat Milk Boxes, 8 oz, 12-Pack",1.0,11.9800,11.9800,11.98,11.9800,yes
2025-06-02,Walmart,"DiGiorno Classic Crust Cheese Pizza, 19.1 oz (Frozen)",2.0,4.4600,8.9200,8.92,4.4600,yes
2025-06-02,Walmart,"Fresh Strawberries, 2 lb, Container",1.0,4.1700,4.1700,4.17,4.1700,yes
2025-06-05,Walmart,"Fresh Banana, Each",10.0,0.186,1.86,0.186,,no
2025-06-05,Walmart,"Scott 1000 Toilet Paper, 12 Rolls, 1,000 Sheets per Roll",1.0,11.2800,11.2800,11.28,11.2800,yes
2025-06-05,Walmart,"Kraft Mexican Style Cheddar Jack Shredded Cheese, 16 oz Bag",1.0,4.9700,4.9700,4.97,4.9700,yes
2025-06-05,Walmart,"Thomas' Plain Mini Bagels, 10 count, Kosher Mini Bagels, 15 oz Bag",1.0,4.4700,4.4700,4.47,4.4700,yes
2025-06-05,Walmart,Chobani 20G Protein Low-Fat Greek Yogurt Drink Strawberries & Cream 10 fl oz Bottle,4.0,9.88,39.52,9.88,,no
2025-06-05,Walmart,Cabot Creamery Lowfat Plain Greek Yogurt 2 lb (Refrigerated Tub),1.0,4.12,4.12,4.12,,no
2025-06-05,Walmart,"Hillshire Farm Ultra Thin Oven Roasted Turkey Breast Lunchmeat, 16 oz Plastic Tub, Refrigerated",1.0,6.2700,6.2700,6.27,6.2700,yes
2025-06-05,Walmart,"Great Value Original Sour Cream, 24 oz Tub",1.0,2.7400,2.7400,2.74,2.7400,yes
2025-06-05,Walmart,"Swiffer Heavy Duty Mop Wet Multi-Surface Cloth Refills for Floor Mopping, Lavender, 20 Count",1.0,8.9400,8.9400,8.94,8.9400,yes
2025-06-05,Walmart,"Great Value Original Whipped Cream Cheese Spread, 12 oz Tub",1.0,3.2600,3.2600,3.26,3.2600,yes
2025-06-05,Walmart,"Fresh Cherubs Grape Tomatoes, 10 oz Package",1.0,2.4800,2.4800,2.48,2.4800,yes
2025-06-08,Walmart,"Fresh Banana, Each",10.0,0.248,2.48,0.248,,no
2025-06-08,Walmart,"McCormick 30% Less Sodium Taco Seasoning Mix, 1.0 oz Packet",1.0,0.9700,0.9700,0.97,0.9700,yes
2025-06-08,Walmart,"Tostitos Scoops! Tortilla Chips Multigrain, 10 oz Bag",1.0,4.4800,4.4800,4.48,4.4800,yes
2025-06-08,Walmart,"Ken's Steak House® Creamy Caesar Salad Dressing, Topping & Spread 24 fl oz",1.0,4.6800,4.6800,4.68,4.6800,yes
2025-06-08,Walmart,"Pace Chunky Medium Salsa, 64 oz Bottle",1.0,7.9300,7.9300,7.93,7.9300,yes
2025-06-08,Walmart,"Snyder's of Hanover Pretzels, Braided Pretzel Twists Honey Wheat, 12 oz",1.0,3.6200,3.6200,3.62,3.6200,yes
2025-06-08,Walmart,"OREO Cakesters Soft Snack Cakes, 5 - 2.02 oz Snack Packs",1.0,3.9800,3.9800,3.98,3.9800,yes
2025-06-08,Walmart,"BelGioioso Gluten-Free Asiago Specialty Cheese Wedge, 8 oz",1.0,5.4200,5.4200,5.42,5.4200,yes
2025-06-08,Walmart,"bubly Sparkling Water, The Super Mario Galaxy Movie Cherry, Zero Sugar & Zero Calories ,12 fl oz Cans (8 pack)​",1.0,3.7600,3.7600,3.76,3.7600,yes
2025-06-08,Walmart,"Great Value Large White Eggs, 18 Count",1.0,4.3700,4.3700,4.37,4.3700,yes
2025-06-08,Walmart,"Nature's Own WhiteWheat Healthy White Bread, Sliced White Bread Loaf, 20 oz, Shelf-Stable",1.0,3.4200,3.4200,3.42,3.4200,yes
2025-06-08,Walmart,"Pepperidge Farm Raisin Cinnamon Swirl Breakfast Bread, 16 oz Loaf",1.0,3.4700,3.4700,3.47,3.4700,yes
2025-06-08,Walmart,"Thomas' Light Multi-Grain English Muffins, 6 count, 100 Calories English Muffins, 12 oz Tray",1.0,3.4800,3.4800,3.48,3.4800,yes
2025-06-08,Walmart,"Great Value Reduced Sodium Gluten-Free Chicken Broth, 32 oz Carton (Shelf-Stable)",1.0,1.5000,1.5000,1.5,1.5000,yes
2025-06-08,Walmart,"Mission Super Soft Flour Tortillas, Soft Taco Size, 10 Count",2.0,2.4700,4.9400,4.94,2.4700,yes
2025-06-08,Walmart,"Olé Mexican Foods Xtreme Wellness High Fiber Keto Certified Flour Tortilla Wraps, 12.7 oz, 8 Count",1.0,4.3700,4.3700,4.37,4.3700,yes
2025-06-08,Walmart,"Bella Rosa Shredded Parmesan Cheese, Refrigerated 5 oz  Recyclable Plastic Cup",1.0,3.8200,3.8200,3.82,3.8200,yes
2025-06-08,Walmart,Kraft Mexican Style Four Cheese Finely Shredded Natural Cheese 16oz Bag,2.0,4.9700,9.9400,9.94,4.9700,yes
2025-06-08,Walmart,"Great Value Petite Diced Tomatoes in Tomato Juice, 14.5 oz",2.0,0.9600,1.9200,1.92,0.9600,yes
2025-06-08,Walmart,"Great Value Golden Sweet Whole Kernel Corn, 15 oz",2.0,0.7600,1.5200,1.52,0.7600,yes
2025-06-08,Walmart,La Banderita Yellow Corn Tortilla 30 Count,2.0,2.2800,4.5600,4.56,2.2800,yes
2025-06-08,Walmart,"Great Value Oven Roasted Turkey Breast Lunchmeat, 16 oz, Plastic Tub, Refrigerated",2.0,5.9700,11.9400,11.94,5.9700,yes
2025-06-08,Walmart,"Great Value Whole Vitamin D Milk, Gallon, 128 fl oz",1.0,2.4600,2.4600,2.46,2.4600,yes
2025-06-08,Walmart,Cabot Creamery Cabot Whole Milk Plain Greek Yogurt 2 lb (Refrigerated  Tub),1.0,4.12,4.12,4.12,,no
2025-06-08,Walmart,"Fresh Romaine Lettuce Hearts 3 Count, Each",1.0,3.42,3.42,3.42,,no
2025-06-08,Walmart,"(4 pack) Old El Paso Mild Red Enchilada Sauce, 1 Ct., 10 oz.",1.0,7.9200,7.9200,7.92,7.9200,yes
2025-06-08,Walmart,"HERSHEY’S a2 Milk® Chocolate 2% Reduced Fat Milk Boxes, 8 oz, 12-Pack",1.0,11.9800,11.9800,11.98,11.9800,yes
2025-06-10,Walmart,"AIRFIRE H14 HEPA Air Purifiers for Home up to 2215 Sq.ft, Air Purifier for Allergies and Asthma, Pollen, Wildfire/Smoke, Pet Dander & Odor, Dust, AP304, White",1.0,81.4900,81.4900,81.49,81.4900,yes
2025-06-10,Walmart,"Soundcore AeroClip Open-Ear Earbuds, Midnight Black, Retail Packaging",1.0,149.9900,149.9900,149.99,149.9900,yes
2025-06-17,Walmart,"Fresh Banana, Each",10.0,0.096,0.96,0.096,,no
2025-06-17,Walmart,"LaCroix Black Razzberry Sparkling Water 8pk/12 fl oz Cans, 8 Pack (Quantity)",1.0,3.8400,3.8400,3.84,3.8400,yes
2025-06-17,Walmart,"TAZO Classic Chai Latte Black Tea Concentrate, Made from Real Black Tea, 32oz Carton",1.0,5.4800,5.4800,5.48,5.4800,yes
2025-06-17,Walmart,"Hellmann's Real Mayonnaise Rich Creamy Condiment Gluten Free, 20 oz Squeeze Bottle",1.0,5.9800,5.9800,5.98,5.9800,yes
2025-06-17,Walmart,"Olay Firming Body Lotion, Hydrating, Collagen, Pump 17 fl oz",1.0,9.9700,9.9700,9.97,9.9700,yes
2025-06-17,Walmart,SunButter Original Sunflower Seed Butter 16 oz Jar,1.0,6.9800,6.9800,6.98,6.9800,yes
2025-06-17,Walmart,"Planet Oat Oat Milk, Velvety & Smooth, Barista Lovers, 52 fl oz",1.0,3.3800,3.3800,3.38,3.3800,yes
2025-06-17,Walmart,"Gordo's Original Queso Cheese Dip, 16 oz, Refrigerated Dip",1.0,4.9800,4.9800,4.98,4.9800,yes
2025-06-17,Walmart,"King's Hawaiian Original Hawaiian Sweet Dinner Rolls 24 Count, 24 oz, Shelf-Stable",1.0,7.8800,7.8800,7.88,7.8800,yes
2025-06-17,Walmart,"Snyder's of Hanover Pretzels, Braided Pretzel Twists Honey Wheat, 12 oz",1.0,3.6200,3.6200,3.62,3.6200,yes
2025-06-17,Walmart,"BelGioioso Gluten-Free Asiago Specialty Cheese Wedge, 8 oz",1.0,5.4200,5.4200,5.42,5.4200,yes
2025-06-17,Walmart,"Thomas' Light Multi-Grain English Muffins, 6 count, 100 Calories English Muffins, 12 oz Tray",1.0,3.4800,3.4800,3.48,3.4800,yes
2025-06-17,Walmart,"Thomas' Plain Mini Bagels, 10 count, Kosher Mini Bagels, 15 oz Bag",2.0,4.4700,8.9400,8.94,4.4700,yes
2025-06-17,Walmart,"Great Value Original Whipped Cream Cheese Spread, 12 oz Tub",1.0,3.2600,3.2600,3.26,3.2600,yes
2025-06-17,Walmart,"OREO Cakesters Soft Snack Cakes, 5 - 2.02 oz Snack Packs",1.0,3.9800,3.9800,3.98,3.9800,yes
2025-06-17,Walmart,Chobani 20G Protein Low-Fat Greek Yogurt Drink Strawberries & Cream 10 fl oz Bottle,4.0,9.88,39.52,9.88,,no
2025-06-17,Walmart,"Great Value Oven Roasted Turkey Breast Lunchmeat, 16 oz, Plastic Tub, Refrigerated",1.0,5.9700,5.9700,5.97,5.9700,yes
2025-06-17,Walmart,"Organic Fresh Whole Carrots, 2 lb Bag",1.0,2.4000,2.4000,2.4,2.4000,yes
2025-06-17,Walmart,"DiGiorno Stuffed Crust Cheese, Veggie, and Meat Supreme Pizza, 26.4 oz (Frozen)",1.0,8.4700,8.4700,8.47,8.4700,yes
2025-06-17,Walmart,"Great Value Seasoned Croutons, Baked and Seasoned, 5 oz Resealable Bag",1.0,1.3600,1.3600,1.36,1.3600,yes
2025-06-17,Walmart,"SheaMoisture Whole Body Deodorant Stick for Women Fresh, Aluminum Free & No Baking Soda, 2.6 oz",1.0,9.9700,9.9700,9.97,9.9700,yes
2025-06-17,Walmart,Cabot Creamery Cabot Whole Milk Plain Greek Yogurt 2 lb (Refrigerated  Tub),1.0,4.12,4.12,4.12,,no
2025-06-17,Walmart,"Nature's Own WhiteWheat Healthy White Bread, Sliced White Bread Loaf, 20 oz, Shelf-Stable",2.0,3.4200,6.8400,6.84,3.4200,yes
2025-06-17,Walmart,"Great Value Whole Vitamin D Milk, Gallon, 128 fl oz",1.0,2.4200,2.4200,2.42,2.4200,yes
2025-06-17,Walmart,"Great Value Large White Eggs, 18 Count",2.0,3.9700,7.9400,7.94,3.9700,yes
2025-06-17,Walmart,"Fresh Whole Celery Stalk, 1 Each Bag",1.0,1.88,1.88,1.88,,no
2025-06-17,Walmart,"Fresh Cherubs Grape Tomatoes, 10 oz Package",2.0,2.4800,4.9600,4.96,2.4800,yes
2025-06-17,Walmart,"DiGiorno Classic Crust Cheese Pizza, 19.1 oz (Frozen)",2.0,4.4600,8.9200,8.92,4.4600,yes
2025-06-20,Walmart,"Tostitos Scoops! Tortilla Chips Multigrain, 10 oz Bag",2.0,4.4800,8.9600,8.96,4.4800,yes
2025-06-20,Walmart,"PopCorners No Artificial Colors or Flavors White Cheddar Popped Corn Chips Bag, 7 oz",1.0,3.9800,3.9800,3.98,3.9800,yes
2025-06-20,Walmart,"Kraft Mexican Style Cheddar Jack Shredded Cheese, 16 oz Bag",1.0,4.9700,4.9700,4.97,4.9700,yes
2025-06-20,Walmart,"bubly Sparkling Water, The Super Mario Galaxy Movie Cherry, Zero Sugar & Zero Calories ,12 fl oz Cans (8 pack)​",1.0,3.7600,3.7600,3.76,3.7600,yes
2025-06-20,Walmart,"Marketside Plain Goat Cheese, 4 oz",1.0,2.9700,2.9700,2.97,2.9700,yes
2025-06-20,Walmart,"Fresh Strawberries, 1 lb",1.0,2.1300,2.1300,2.13,2.1300,yes
2025-06-20,Walmart,"DiGiorno Classic Crust Cheese Pizza, 19.1 oz (Frozen)",2.0,4.6700,9.3400,9.34,4.6700,yes
2025-06-21,Walmart,"Ortho GroundClear Poison Ivy and Tough Brush Killer2 Concentrate, 32 fl. oz.",1.0,19.9700,19.9700,19.97,19.9700,yes
2025-06-21,Walmart,Hyper Tough 4.6-Amp 13in Electric String Trimmer HT21-401-002-04 [New],1.0,39.0000,39.0000,39.0,39.0000,yes
2025-06-21,Walmart,"Great Value Oven Roasted Turkey Breast Lunchmeat, 16 oz, Plastic Tub, Refrigerated",1.0,5.9700,5.9700,5.97,5.9700,yes
2025-06-21,Walmart,"Tyson Oven Roasted Diced Chicken Breast, 22 oz (Frozen, Fully Cooked)",1.0,8.4700,8.4700,8.47,8.4700,yes
2025-06-21,Walmart,"Barilla Classic Non-GMO, Kosher Certified Farfalle Pasta, 16 oz",2.0,1.6600,3.3200,3.32,1.6600,yes
2025-06-22,Walmart,"Honey Nut Cheerios, Heart Healthy Cereal, Affirmations Box, Family Size, 18.8 oz",1.0,4.4400,4.4400,4.44,4.4400,yes
2025-06-22,Walmart,"Crest Toothpaste, 3DWhite Advanced Whitening Toothpaste, Radiant Mint, 3.3 oz, 3 Pack",1.0,12.9700,12.9700,12.97,12.9700,yes
2025-06-22,Walmart,"Great Value Whole Vitamin D Milk, Gallon, 128 fl oz",1.0,2.4200,2.4200,2.42,2.4200,yes
2025-06-23,Walmart,Kraft Mexican Style Four Cheese Finely Shredded Natural Cheese 8oz Bag,2.0,2.9800,5.9600,5.96,2.9800,yes
2025-06-23,Walmart,"Fresh Banana, Each",5.0,0.182,0.91,0.182,,no
2025-06-23,Walmart,"Nature's Bakery Blueberry Fig Bars, 10 Twin packs, 2 oz Each",1.0,6.72,6.72,6.72,,no
2025-06-23,Walmart,"Dove Advanced Care Antiperspirant Deodorant Stick Caring Coconut, 2.6 oz",1.0,6.9700,6.9700,6.97,6.9700,yes
2025-06-23,Walmart,"Kodiak Protein-Packed Power Cakes Buttermilk Pancake and Waffle Mix, 20 oz Box",1.0,5.72,5.72,5.72,,no
2025-06-23,Walmart,"PopCorners No Artificial Colors or Flavors White Cheddar Popped Corn Chips Bag, 7 oz",1.0,3.9800,3.9800,3.98,3.9800,yes
2025-06-23,Walmart,"Snack Factory Original Pretzel Crisps, Non-GMO, 14 oz Party Size Bag",1.0,5.3200,5.3200,5.32,5.3200,yes
2025-06-23,Walmart,"Tostitos Scoops! Tortilla Chips Multigrain, 10 oz Bag",2.0,4.4800,8.9600,8.96,4.4800,yes
2025-06-23,Walmart,"BelGioioso Gluten-Free Asiago Specialty Cheese Wedge, 8 oz",1.0,5.4200,5.4200,5.42,5.4200,yes
2025-06-23,Walmart,"bubly Sparkling Water, The Super Mario Galaxy Movie Cherry, Zero Sugar & Zero Calories ,12 fl oz Cans (8 pack)​",2.0,3.7600,7.5200,7.52,3.7600,yes
2025-06-23,Walmart,"Olay Nourishing Body Wash for women, Hyaluronic Acid, 20 fl oz",1.0,9.9700,9.9700,9.97,9.9700,yes
2025-06-23,Walmart,"HERSHEY’S a2 Milk® Chocolate 2% Reduced Fat Milk Boxes, 8 oz, 12-Pack",1.0,11.9800,11.9800,11.98,11.9800,yes
2025-06-23,Walmart,"OREO Cakesters Soft Snack Cakes, 5 - 2.02 oz Snack Packs",1.0,3.9800,3.9800,3.98,3.9800,yes
2025-06-23,Walmart,"Pillsbury Grands! Southern Homestyle Buttermilk Biscuits, 2 Pack, 16 Biscuits, 32.6 oz",1.0,4.9600,4.9600,4.96,4.9600,yes
2025-06-23,Walmart,"Jimmy Dean Premium Pork Regular Sausage Roll, 16 oz",1.0,4.6200,4.6200,4.62,4.6200,yes
2025-06-23,Walmart,"Great Value Uncooked Original Breakfast Pork Sausage Links, 12 oz Package",2.0,2.9400,5.8800,5.88,2.9400,yes
2025-06-23,Walmart,"Snyder's of Hanover Pretzels, Braided Pretzel Twists Honey Wheat, 12 oz",1.0,3.6200,3.6200,3.62,3.6200,yes
2025-06-23,Walmart,"PopCorners No Artificial Colors or Flavors Kettle Corn Popped Corn Chips Bag, 7 oz​",1.0,3.9800,3.9800,3.98,3.9800,yes
2025-06-23,Walmart,"PopCorners No Artificial Colors or Flavors Spicy Queso Popped Corn Chips Bag, 7 oz​",1.0,3.9800,3.9800,3.98,3.9800,yes
2025-06-23,Walmart,"Hillshire Farm Ultra Thin Oven Roasted Turkey Breast Lunchmeat, 16 oz Plastic Tub, Refrigerated",1.0,6.2700,6.2700,6.27,6.2700,yes
2025-06-23,Walmart,"Great Value Large White Eggs, 18 Count",1.0,3.9700,3.9700,3.97,3.9700,yes
2025-06-23,Walmart,"Great Value Golden Sweet Whole Kernel Corn, 15 oz",2.0,0.7600,1.5200,1.52,0.7600,yes
2025-06-23,Walmart,"Great Value Petite Diced Tomatoes in Tomato Juice, 14.5 oz",1.0,0.9600,0.9600,0.96,0.9600,yes
2025-06-23,Walmart,"Great Value Black Beans, 15 oz",3.0,0.8600,2.5800,2.58,0.8600,yes
2025-06-23,Walmart,"King's Hawaiian Original Hawaiian Sweet Dinner Rolls 24 Count, 24 oz, Shelf-Stable",1.0,7.8800,7.8800,7.88,7.8800,yes
2025-06-23,Walmart,"Thomas' Light Multi-Grain English Muffins, 6 count, 100 Calories English Muffins, 12 oz Tray",1.0,3.4800,3.4800,3.48,3.4800,yes
2025-06-23,Walmart,"Nature's Own WhiteWheat Healthy White Bread, Sliced White Bread Loaf, 20 oz, Shelf-Stable",2.0,3.4200,6.8400,6.84,3.4200,yes
2025-06-23,Walmart,"(4 pack) Old El Paso Mild Red Enchilada Sauce, 1 Ct., 10 oz.",1.0,7.9200,7.9200,7.92,7.9200,yes
2025-06-25,Walmart,"COLUMBUS, Peppered Salami, Sliced Charcuterie Meat, 10oz Pack",1.0,9.4200,9.4200,9.42,9.4200,yes
2025-06-25,Walmart,"Great Value Whole Vitamin D Milk, Gallon, 128 fl oz",1.0,2.4800,2.4800,2.48,2.4800,yes
2025-06-25,Walmart,"Crunchmaster Original Multi-Seed Crisps Gluten-Free Crackers, 4.5 oz. Foil Bag in Carboard Box",1.0,3.3700,3.3700,3.37,3.3700,yes
2025-06-25,Walmart,"Planet Oat Oat Milk, Velvety & Smooth, Barista Lovers, 52 fl oz",1.0,3.3800,3.3800,3.38,3.3800,yes
2025-06-25,Walmart,"Nutella Hazelnut Spread with Cocoa, Creamy Hazelnut Spread, Breakfast Favorite, 13 oz Jar",1.0,4.9700,4.9700,4.97,4.9700,yes
2025-06-25,Walmart,"Snyder's of Hanover Pretzels, Braided Pretzel Twists Honey Wheat, 12 oz",1.0,3.6200,3.6200,3.62,3.6200,yes
2025-06-25,Walmart,"Honest Kids Organic Appley Ever After Fruit Juice, 6 fl oz, 8 Juice Boxes",1.0,3.9700,3.9700,3.97,3.9700,yes
2025-06-25,Walmart,"BelGioioso Gluten-Free Asiago Specialty Cheese Wedge, 8 oz",1.0,5.4200,5.4200,5.42,5.4200,yes
2025-06-25,Walmart,Chobani 20G Protein Low-Fat Greek Yogurt Drink Strawberries & Cream 10 fl oz Bottle,4.0,9.88,39.52,9.88,,no
2025-06-25,Walmart,"OREO Cakesters Soft Snack Cakes, 5 - 2.02 oz Snack Packs",2.0,3.9800,7.9600,7.96,3.9800,yes
2025-06-25,Walmart,"Great Value Original Whipped Cream Cheese Spread, 12 oz Tub",1.0,3.2600,3.2600,3.26,3.2600,yes
2025-06-25,Walmart,"Starry Lemon Lime Soda Pop, 7.5 fl oz, 10 Pack Mini Cans",1.0,5.9800,5.9800,5.98,5.9800,yes
2025-06-25,Walmart,"Fresh Strawberries, 1 lb",1.0,2.4200,2.4200,2.42,2.4200,yes
2025-06-25,Walmart,"(5 pack) Lunchables Ham and Cheddar Cracker Stackers Value Snack Kit, 1.9 oz Tray, Refrigerated, Pieces",1.0,5.0000,5.0000,5.0,5.0000,yes
2025-06-27,Walmart,"FRAM Extra Guard Oil Filter, CH9713, 10K mile Filter for Dodge, Fiat and Jeep Vehicles Fits select: 2012-2019 FIAT 500, 2013-2016 DODGE DART",1.0,12.4000,12.4000,12.4,12.4000,yes
2025-06-27,Walmart,"AirTechnik CF11924 Cabin Air Filter w/Activated Carbon  Fits Fiat 500 2013-2019, Argo 21-24, Fastback 24-25, Pulse 23-25, Mobi 17-22, Uno 13-20, Ram 700 21-24, Pro Master Rapid 17-24 - 68096453AA",1.0,11.8800,11.8800,11.88,11.8800,yes
2025-06-27,Walmart,"FRAM Extra Guard Oil Filter, PH4967, 10K Miles, Replacement Oil Filter Fits Select Vehicles",1.0,3.9400,3.9400,3.94,3.9400,yes
2025-06-27,Walmart,Valvoline MaxLife High Mileage 5W-30 Synthetic Blend Motor Oil 5 Quart,2.0,19.9700,39.9400,39.94,19.9700,yes
2025-07-01,Walmart,"Hillshire Snacking Protein Genoa Salami, White Cheddar Cheese, Toasted Rounds Meat Snack Kit, 2.76 oz (Refrigerated)",2.0,5.94,11.88,5.94,,no
2025-07-01,Walmart,"Lunchables Turkey & Cheddar Value Pack, 1.9 oz Pack",1.0,1.0000,1.0000,1.0,1.0000,yes
2025-07-01,Walmart,"Tostitos Scoops! Tortilla Chips Multigrain, 10 oz Bag",1.0,4.4800,4.4800,4.48,4.4800,yes
2025-07-01,Walmart,"Great Value No Stir Creamy Natural Peanut Butter Spread, 40 oz",1.0,3.9800,3.9800,3.98,3.9800,yes
2025-07-01,Walmart,"Great Value Black Beans, 15 oz",1.0,0.9200,0.9200,0.92,0.9200,yes
2025-07-01,Walmart,"Great Value Original Whipped Cream Cheese Spread, 12 oz Tub",1.0,3.2600,3.2600,3.26,3.2600,yes
2025-07-01,Walmart,"Thomas' Plain Mini Bagels, 10 count, Kosher Mini Bagels, 15 oz Bag",1.0,4.4700,4.4700,4.47,4.4700,yes
2025-07-01,Walmart,"BelGioioso Gluten-Free Asiago Specialty Cheese Wedge, 8 oz",1.0,5.4200,5.4200,5.42,5.4200,yes
2025-07-01,Walmart,"Snyder's of Hanover Pretzels, Braided Pretzel Twists Honey Wheat, 12 oz",1.0,3.6200,3.6200,3.62,3.6200,yes
2025-07-01,Walmart,"Martin's Hoagie Rolls, 6 count",1.0,4.2600,4.2600,4.26,4.2600,yes
2025-07-01,Walmart,"Great Value Oven Roasted Turkey Breast Lunchmeat, 16 oz, Plastic Tub, Refrigerated",2.0,5.9700,11.9400,11.94,5.9700,yes
2025-07-01,Walmart,"Convenience Kits International, Women's Deluxe 11 PC Travel Kit Featuring: Pantene Shampoo and Conditioner",1.0,8.0000,8.0000,8.0,8.0000,yes
2025-07-01,Walmart,"Activia Probiotic Dailies Strawberry Low Fat Probiotic Yogurt Drinks, Helps Support Gut Health, 3.1 fl oz, 8 Count",2.0,10.64,21.28,10.64,,no
2025-07-01,Walmart,Chobani 20G Protein Low-Fat Greek Yogurt Drink Strawberries & Cream 10 fl oz Bottle,3.0,7.41,22.23,7.41,,no
2025-07-01,Walmart,"Lunchables Ham & Cheddar Value Pack, 1.9 oz Pack",3.0,1.0000,3.0000,3.0,1.0000,yes
2025-07-07,Walmart,"TPH BY TARAJI Hustle & Co Hydrating Co Wash Cleansing Hair Conditioner | Coily & Curly Hair | All Genders, 12 oz.",1.0,12.9500,12.9500,12.95,12.9500,yes
2025-07-07,Walmart,"TPH BY TARAJI Make it Rain Hydrating Deep Conditioner With Aloe Vera, Avocado Oil, & Moringa Oil For All Hair Types | Detangler For Curly, Coily & Wavy Hair | Color Safe & Sulfate Free, 12 oz.",1.0,9.9700,9.9700,9.97,9.9700,yes
2025-07-07,Walmart,"Great Value Uncooked Original Breakfast Pork Sausage Patties, 12 oz Package (Refrigerated)",1.0,2.9400,2.9400,2.94,2.9400,yes
2025-07-07,Walmart,"Tostitos Scoops! Tortilla Chips Multigrain, 10 oz Bag",1.0,4.4800,4.4800,4.48,4.4800,yes
2025-07-07,Walmart,"Great Value Oven Roasted Turkey Breast Lunchmeat, 16 oz, Plastic Tub, Refrigerated",1.0,5.9700,5.9700,5.97,5.9700,yes
2025-07-07,Walmart,"Thomas' Light Multi-Grain English Muffins, 6 count, 100 Calories English Muffins, 12 oz Tray",1.0,3.4800,3.4800,3.48,3.4800,yes
2025-07-07,Walmart,"King's Hawaiian Original Hawaiian Sweet Dinner Rolls 24 Count, 24 oz, Shelf-Stable",1.0,7.8800,7.8800,7.88,7.8800,yes
2025-07-07,Walmart,"Dial Antibacterial Defense Fresh Lavender Scent Foaming Hand Soap, 7.5 fl oz",1.0,2.4700,2.4700,2.47,2.4700,yes
2025-07-07,Walmart,"bubly Sparkling Water, The Super Mario Galaxy Movie Lime, Zero Sugar & Zero Calories, 12 fl oz Cans (8 pack)​",1.0,3.7600,3.7600,3.76,3.7600,yes
2025-07-07,Walmart,"BelGioioso Gluten-Free Asiago Specialty Cheese Wedge, 8 oz",1.0,5.4200,5.4200,5.42,5.4200,yes
2025-07-07,Walmart,"Snyder's of Hanover Pretzels, Braided Pretzel Twists Honey Wheat, 12 oz",2.0,3.6200,7.2400,7.24,3.6200,yes
2025-07-07,Walmart,"OREO Cakesters Soft Snack Cakes, 5 - 2.02 oz Snack Packs",1.0,3.9800,3.9800,3.98,3.9800,yes
2025-07-07,Walmart,"Sargento® Balanced Breaks® Cheese & Crackers, Gouda & Sharp Cheddar Cheeses and TRISCUIT®",1.0,3.3400,3.3400,3.34,3.3400,yes
2025-07-07,Walmart,"Lunchables Ham & Cheddar Value Pack, 1.9 oz Pack",4.0,1.0000,4.0000,4.0,1.0000,yes
2025-07-07,Walmart,"Fresh Cherubs Grape Tomatoes, 10 oz Package",1.0,2.9700,2.9700,2.97,2.9700,yes
2025-07-08,Walmart,"Russell Athletic Boys Runner Tech Short Sleeve T-Shirt, 4-Pack, Sizes 4-18 & Husky",1.0,20.0000,20.0000,20.0,20.0000,yes
2025-07-08,Walmart,"Russell Athletic Boy's Performance Mesh Shorts, 4-Pack, Sizes 4-18 & Husky",1.0,25.0000,25.0000,25.0,25.0000,yes
2025-07-08,Walmart,"4Monster Microfiber Towel with Carry Case, Quick Dry Towel, Armygreen, M",1.0,12.9900,12.9900,12.99,12.9900,yes
2025-07-10,Walmart,"Nutella Hazelnut Spread with Cocoa, Creamy Hazelnut Spread, Breakfast Favorite, 13 oz Jar",1.0,4.9700,4.9700,4.97,4.9700,yes
2025-07-10,Walmart,"Fresh Red Seedless Grapes, Bag (2.25 lbs/Bag Est.)",1.0,5.8200,5.8200,5.82,5.8200,yes
2025-07-10,Walmart,"Pace Chunky Medium Salsa, 64 oz Bottle",1.0,7.9300,7.9300,7.93,7.9300,yes
2025-07-10,Walmart,"Heinz Chili Sauce, 12 oz Bottle",1.0,3.1800,3.1800,3.18,3.1800,yes
2025-07-10,Walmart,"Blue Diamond Almonds, Lightly Salted Low Sodium Snack Nuts For Gluten Free Snacking, 14 oz.",1.0,5.9800,5.9800,5.98,5.9800,yes
2025-07-10,Walmart,"Gordo's Original Queso Cheese Dip, 16 oz, Refrigerated Dip",1.0,4.9800,4.9800,4.98,4.9800,yes
2025-07-10,Walmart,"Oikos Triple Zero 17g Protein, 0g Added Sugar, Fat Free Vanilla Greek Yogurt Tub, 32 oz",1.0,5.94,5.94,5.94,,no
2025-07-10,Walmart,Cabot Creamery Cabot Whole Milk Plain Greek Yogurt 2 lb (Refrigerated  Tub),1.0,4.12,4.12,4.12,,no
2025-07-10,Walmart,"Sabra Classic Original Fresh Hummus Dip, Non-GMO, Gluten Free, Vegan Hummus Spread, 10 oz Tub",1.0,3.9700,3.9700,3.97,3.9700,yes
2025-07-10,Walmart,"Smucker’s Uncrustables Peanut Butter & Strawberry Jam Sandwiches, 10 Count, 2 oz Each, Frozen",1.0,10.46,10.46,10.46,,no
2025-07-10,Walmart,"Great Value Concord Grape Jelly, 30 oz",1.0,2.7400,2.7400,2.74,2.7400,yes
2025-07-10,Walmart,"Great Value Fully Cooked Turkey Meatballs, 32 oz, Approximately 64 Meatballs (Frozen)",1.0,7.9600,7.9600,7.96,7.9600,yes
2025-07-10,Walmart,"King's Hawaiian Original Hawaiian Sweet Dinner Rolls 24 Count, 24 oz, Shelf-Stable",1.0,7.8800,7.8800,7.88,7.8800,yes
2025-07-10,Walmart,"Drumstick Crushed It Cookies and Cream Sundae Cones, Kosher, 8 Count",1.0,6.8600,6.8600,6.86,6.8600,yes
2025-07-10,Walmart,Alexia® Sweet Potato Fries Sweet & Savory with Sea Salt 20oz,1.0,5.4200,5.4200,5.42,5.4200,yes
2025-07-10,Walmart,"Oscar Mayer Turkey Franks Hot Dogs, 16 oz, 10 ct Pack",1.0,4.2400,4.2400,4.24,4.2400,yes
2025-07-10,Walmart,"Great Value Colby & Monterey Jack Cheese Snack, 9 oz Bag, 12 Cheese Sticks",1.0,3.4600,3.4600,3.46,3.4600,yes
2025-07-10,Walmart,"Great Value Marshmallows, 10 oz Bag",1.0,1.1700,1.1700,1.17,1.1700,yes
2025-07-10,Walmart,"OREO Cakesters Soft Snack Cakes, 5 - 2.02 oz Snack Packs",2.0,3.9800,7.9600,7.96,3.9800,yes
2025-07-10,Walmart,"Lunchables Ham & Cheddar Value Pack, 1.9 oz Pack",4.0,1.0000,4.0000,4.0,1.0000,yes
2025-07-10,Walmart,"Honest Kids Organic Super Fruit Punch Juice, 6.75 fl oz, 8 Pouches",2.0,3.9800,7.9600,7.96,3.9800,yes
2025-07-10,Walmart,"Starry Lemon Lime Soda Pop, 7.5 fl oz, 10 Pack Mini Cans",2.0,5.9800,11.9600,11.96,5.9800,yes
2025-07-10,Walmart,"Nature's Own WhiteWheat Healthy White Bread, Sliced White Bread Loaf, 20 oz, Shelf-Stable",1.0,3.4200,3.4200,3.42,3.4200,yes
2025-07-10,Walmart,"Great Value Muenster Deli Style Sliced Cheese, 8 oz, 12 Slices",2.0,1.9700,3.9400,3.94,1.9700,yes
2025-07-10,Walmart,"Premium Original Soup & Oyster Crackers, Lunch Snacks, 9 oz",1.0,3.6800,3.6800,3.68,3.6800,yes
2025-07-10,Walmart,"Pacific Foods Organic Creamy Tomato Soup, 32 oz Carton",1.0,4.1200,4.1200,4.12,4.1200,yes
2025-07-10,Walmart,"Jimmy Dean Premium Pork Regular Sausage Roll, 16 oz",1.0,4.6200,4.6200,4.62,4.6200,yes
2025-07-10,Walmart,"Pillsbury Grands! Southern Homestyle Buttermilk Biscuits, 2 Pack, 16 Biscuits, 32.6 oz",1.0,4.9600,4.9600,4.96,4.9600,yes
2025-07-10,Walmart,"BelGioioso Gluten-Free Asiago Specialty Cheese Wedge, 8 oz",2.0,5.4200,10.8400,10.84,5.4200,yes
2025-07-10,Walmart,"Great Value Uncooked Original Breakfast Pork Sausage Links, 12 oz Package",2.0,2.9400,5.8800,5.88,2.9400,yes
2025-07-10,Walmart,"DiGiorno Classic Crust Cheese Pizza, 19.1 oz (Frozen)",2.0,4.6700,9.3400,9.34,4.6700,yes
2025-07-16,Walmart,"TPH BY TARAJI Hustle & Co Hydrating Co Wash Cleansing Hair Conditioner | Coily & Curly Hair | All Genders, 12 oz.",1.0,12.9500,12.9500,12.95,12.9500,yes
2025-07-16,Walmart,"TPH BY TARAJI Make it Rain Hydrating Deep Conditioner With Aloe Vera, Avocado Oil, & Moringa Oil For All Hair Types | Detangler For Curly, Coily & Wavy Hair | Color Safe & Sulfate Free, 12 oz.",1.0,9.9700,9.9700,9.97,9.9700,yes
2025-07-16,Walmart,Chobani 20G Protein Low-Fat Greek Yogurt Drink Mixed Berry Vanilla 10 fl oz Bottle,1.0,2.47,2.47,2.47,,no
2025-07-16,Walmart,"Tostitos Scoops! Tortilla Chips Multigrain, 10 oz Bag",1.0,4.4800,4.4800,4.48,4.4800,yes
2025-07-16,Walmart,"Organic Fresh Whole Carrots, 2 lb Bag",1.0,2.6200,2.6200,2.62,2.6200,yes
2025-07-16,Walmart,Chobani 20G Protein Low-Fat Greek Yogurt Drink Strawberries & Cream 10 fl oz Bottle,3.0,7.41,22.23,7.41,,no
2025-07-16,Walmart,"Fresh Banana, Each",5.0,0.27599999999999997,1.38,0.27599999999999997,,no
2025-07-16,Walmart,"Snack Factory Original Pretzel Crisps, Non-GMO, 14 oz Party Size Bag",1.0,5.3200,5.3200,5.32,5.3200,yes
2025-07-16,Walmart,"McCormick Pure Vanilla Extract, 2.0 fl oz Box",1.0,6.9700,6.9700,6.97,6.9700,yes
2025-07-16,Walmart,"Stauffer's Original Animal Crackers, 24 oz Resealable Family Size Bear Jug, Low Fat Snack for Kids & Adults",1.0,6.4200,6.4200,6.42,6.4200,yes
2025-07-16,Walmart,"Nature's Own WhiteWheat Healthy White Bread, Sliced White Bread Loaf, 20 oz, Shelf-Stable",1.0,3.4200,3.4200,3.42,3.4200,yes
2025-07-16,Walmart,"BelGioioso Gluten-Free Asiago Specialty Cheese Wedge, 8 oz",1.0,5.4200,5.4200,5.42,5.4200,yes
2025-07-16,Walmart,"Great Value Vegetable Oil, Heart Healthy and Versatile, 48 fl oz Bottle",1.0,3.9700,3.9700,3.97,3.9700,yes
2025-07-16,Walmart,"Great Value All-Purpose Enriched Flour, 2 lb Bag",1.0,1.3200,1.3200,1.32,1.3200,yes
2025-07-16,Walmart,"Great Value Semi-Sweet Chocolate Baking Chips, 12 oz Bag",1.0,3.6800,3.6800,3.68,3.6800,yes
2025-07-16,Walmart,"Great Value Classic Alfredo Pasta Sauce, 22 oz",4.0,2.3700,9.4800,9.48,2.3700,yes
2025-07-16,Walmart,"Lunchables Ham & Cheddar Value Pack, 1.9 oz Pack",6.0,1.0000,6.0000,6.0,1.0000,yes
2025-07-16,Walmart,"Marketside Plain Goat Cheese, 4 oz",1.0,2.9700,2.9700,2.97,2.9700,yes
2025-07-16,Walmart,"Marketside Garlic & Herb Goat Cheese Log, 4 oz",1.0,2.9700,2.9700,2.97,2.9700,yes
2025-07-16,Walmart,"Great Value Large White Eggs, 18 Count",1.0,3.9700,3.9700,3.97,3.9700,yes
2025-07-16,Walmart,"Great Value Whole Vitamin D Milk, Gallon, 128 fl oz",1.0,2.5200,2.5200,2.52,2.5200,yes
2025-07-16,Walmart,"Great Value Oven Roasted Turkey Breast Lunchmeat, 16 oz, Plastic Tub, Refrigerated",2.0,5.9700,11.9400,11.94,5.9700,yes
2025-07-16,Walmart,"bubly Sparkling Water, The Super Mario Galaxy Movie Cherry, Zero Sugar & Zero Calories ,12 fl oz Cans (8 pack)​",2.0,3.7600,7.5200,7.52,3.7600,yes
2025-07-16,Walmart,"bubly Sparkling Water, The Super Mario Galaxy Movie Lime, Zero Sugar & Zero Calories, 12 fl oz Cans (8 pack)​",1.0,3.7600,3.7600,3.76,3.7600,yes
2025-07-16,Walmart,"Activia Probiotic Dailies Strawberry and Blueberry Low Fat Probiotic Yogurt Drinks, Helps Support Gut Health, 3.1 fl oz, 8 Count",1.0,5.32,5.32,5.32,,no
2025-07-16,Walmart,"Activia Probiotic Dailies Strawberry Low Fat Probiotic Yogurt Drinks, Helps Support Gut Health, 3.1 fl oz, 8 Count",1.0,5.32,5.32,5.32,,no
2025-07-16,Walmart,"Fresh Whole Celery Stalk, 1 Each Bag",1.0,2.33,2.33,2.33,,no
2025-07-21,Walmart,"Great Value Uncooked Original Breakfast Pork Sausage Patties, 12 oz Package (Refrigerated)",1.0,2.9400,2.9400,2.94,2.9400,yes
2025-07-21,Walmart,"Great Value Uncooked Original Breakfast Pork Sausage Links, 12 oz Package",1.0,2.9400,2.9400,2.94,2.9400,yes
2025-07-21,Walmart,"Honey Nut Cheerios, Heart Healthy Cereal, Affirmations Box, Family Size, 18.8 oz",1.0,4.4400,4.4400,4.44,4.4400,yes
2025-07-21,Walmart,"Great Value Frozen Broccoli Florets Steamable Bag, 12 oz",1.0,1.1600,1.1600,1.16,1.1600,yes
2025-07-21,Walmart,"Great Value Bowties, 12 oz",2.0,0.9800,1.9600,1.96,0.9800,yes
2025-07-21,Walmart,"Pacific Foods Organic Creamy Tomato Soup, 32 oz Carton",1.0,4.1200,4.1200,4.12,4.1200,yes
2025-07-21,Walmart,"Dial Antibacterial Defense Fresh Lavender Scent Foaming Hand Soap, 7.5 fl oz",1.0,2.4700,2.4700,2.47,2.4700,yes
2025-07-21,Walmart,"Dawn Powerwash Spray Refill, Dish Soap, Dishwashing Liquid, Fresh, 1 Refill",1.0,3.9400,3.9400,3.94,3.9400,yes
2025-07-21,Walmart,"Planet Oat Oat Milk, Velvety & Smooth, Barista Lovers, 52 fl oz",1.0,3.3800,3.3800,3.38,3.3800,yes
2025-07-21,Walmart,"Cholula Kosher Green Pepper Hot Sauce, 5.0 fl oz Bottle",1.0,3.8200,3.8200,3.82,3.8200,yes
2025-07-21,Walmart,Alexia® Sweet Potato Fries Sweet & Savory with Sea Salt 20oz,1.0,5.4200,5.4200,5.42,5.4200,yes
2025-07-21,Walmart,"Pepperidge Farm White Hot Dog Buns, Top Sliced, 8-Pack Bag",2.0,3.3700,6.7400,6.74,3.3700,yes
2025-07-21,Walmart,"Oscar Mayer Turkey Franks Hot Dogs, 16 oz, 10 ct Pack",2.0,3.9700,7.9400,7.94,3.9700,yes
2025-07-21,Walmart,"Organic Fresh Whole Carrots, 2 lb Bag",1.0,2.6200,2.6200,2.62,2.6200,yes
2025-07-21,Walmart,"bubly Sparkling Water, The Super Mario Galaxy Movie Cherry, Zero Sugar & Zero Calories ,12 fl oz Cans (8 pack)​",1.0,4.1800,4.1800,4.18,4.1800,yes
2025-07-21,Walmart,"Pepperidge Farm Raisin Cinnamon Swirl Breakfast Bread, 16 oz Loaf",1.0,3.4700,3.4700,3.47,3.4700,yes
2025-07-21,Walmart,"Nature's Own WhiteWheat Healthy White Bread, Sliced White Bread Loaf, 20 oz, Shelf-Stable",1.0,3.4200,3.4200,3.42,3.4200,yes
2025-07-21,Walmart,"Activia Probiotic Dailies Strawberry and Blueberry Low Fat Probiotic Yogurt Drinks, Helps Support Gut Health, 3.1 fl oz, 8 Count",1.0,5.32,5.32,5.32,,no
2025-07-21,Walmart,"Great Value Fiesta Blend Finely Shredded Cheese, 16 oz Bag",1.0,3.7800,3.7800,3.78,3.7800,yes
2025-07-21,Walmart,"Great Value Muenster Deli Style Sliced Cheese, 8 oz, 12 Slices",2.0,1.9700,3.9400,3.94,1.9700,yes
2025-07-21,Walmart,"BelGioioso Gluten-Free Asiago Specialty Cheese Wedge, 8 oz",1.0,5.4200,5.4200,5.42,5.4200,yes
2025-07-21,Walmart,"Great Value Whole Vitamin D Milk, Gallon, 128 fl oz",1.0,2.5200,2.5200,2.52,2.5200,yes
2025-07-21,Walmart,"Great Value Large White Eggs, 18 Count",2.0,3.9700,7.9400,7.94,3.9700,yes
2025-07-23,Walmart,"Purina ONE Plus, Sensitive Skin & Stomach, Dry Cat Food, Turkey, 7 lb Bag",1.0,16.9700,16.9700,16.97,16.9700,yes
2025-07-25,Walmart,"BelGioioso Gluten-Free Asiago Specialty Cheese Wedge, 8 oz",1.0,5.4200,5.4200,5.42,5.4200,yes
2025-07-25,Walmart,"bubly Sparkling Water, The Super Mario Galaxy Movie Cherry, Zero Sugar & Zero Calories ,12 fl oz Cans (8 pack)​",1.0,4.1800,4.1800,4.18,4.1800,yes
2025-07-25,Walmart,"Great Value Large White Eggs, 18 Count",2.0,3.9700,7.9400,7.94,3.9700,yes
2025-07-25,Walmart,"Great Value Whole Vitamin D Milk, Gallon, 128 fl oz",1.0,2.5200,2.5200,2.52,2.5200,yes
2025-07-25,Walmart,"Smucker’s Uncrustables Peanut Butter & Grape Jelly Sandwiches, 10 Count, 2 oz Each, Frozen",1.0,10.46,10.46,10.46,,no
2025-07-25,Walmart,"Lunchables Ham & Cheddar Value Pack, 1.9 oz Pack",3.0,1.0000,3.0000,3.0,1.0000,yes
2025-07-25,Walmart,"Marketside Garlic & Herb Goat Cheese Log, 4 oz",1.0,2.9700,2.9700,2.97,2.9700,yes
2025-07-25,Walmart,"Marketside Plain Goat Cheese, 4 oz",1.0,2.9700,2.9700,2.97,2.9700,yes
2025-07-25,Walmart,"Thomas' Light Multi-Grain English Muffins, 6 count, 100 Calories English Muffins, 12 oz Tray",2.0,3.4800,6.9600,6.96,3.4800,yes
2025-07-25,Walmart,"Thomas' Plain Mini Bagels, 10 count, Kosher Mini Bagels, 15 oz Bag",1.0,4.4700,4.4700,4.47,4.4700,yes
2025-07-25,Walmart,"Midol Complete Menstrual Pain Relief Gelcaps With Acetaminophen for Menstrual Symptom, PMS Relief, and Period Cramp Relief - 24 Count",1.0,6.3700,6.3700,6.37,6.3700,yes
2025-07-26,Walmart,"Ophanie 22.5 inch 2 Pack Wood Floating Shelves, Hanging Float Shelf for Wall Mounted Decorative Shelves, 6.7 x 23 Inch, Set of 2, Rustic Brown-",2.0,18.9800,37.9600,37.96,18.9800,yes
2025-07-28,Walmart,"Ice Breakers Ice Cubes Wintergreen Sugar Free Chewing Gum, Bottle 3.24 oz, 40 Pieces",1.0,4.1200,4.1200,4.12,4.1200,yes
2025-07-28,Walmart,"Cheetos Crunchy Cheese Flavored Snack Chips, 8.5 oz Bag",1.0,3.9700,3.9700,3.97,3.9700,yes
2025-07-28,Walmart,"OREO Double Stuf Chocolate Sandwich Cookies, Family Size, 18.71 oz",1.0,4.8800,4.8800,4.88,4.8800,yes
2025-07-28,Walmart,"Parent's Choice 3 Compartment Section Plate, Toddlers Aged 12 Months and up, 3 Count, Gender Neutral",1.0,2.9700,2.9700,2.97,2.9700,yes
2025-07-28,Walmart,"Rolo Unwrapped Rich Chocolate Caramels Candy, Bag 7.6 oz",1.0,4.9800,4.9800,4.98,4.9800,yes
2025-07-28,Walmart,"Trolli Sour Brite Crawlers Candy, Cherry-Lemon, Strawberry-Grape & Orange-Lime, Sweet and Sour, Gummy Worms, 14 oz",1.0,3.9700,3.9700,3.97,3.9700,yes
2025-07-28,Walmart,M&M's Milk Chocolate Candy Sharing Size - 10 oz Bag,1.0,4.3400,4.3400,4.34,4.3400,yes
2025-07-28,Walmart,"Planet Oat Oat Milk, Velvety & Smooth, Barista Lovers, 52 fl oz",2.0,3.3800,6.7600,6.76,3.3800,yes
2025-07-28,Walmart,"Wonder Nation Toddler Cotton Sleep Tee and Pants Pajama Set, 2-Piece, Sizes 12M-5T",1.0,6.9800,6.9800,6.98,6.9800,yes
2025-07-28,Walmart,"Great Value Uncooked Original Breakfast Pork Sausage Links, 12 oz Package",2.0,2.9400,5.8800,5.88,2.9400,yes
2025-07-28,Walmart,"Tostitos Scoops! Tortilla Chips Multigrain, 10 oz Bag",1.0,4.4800,4.4800,4.48,4.4800,yes
2025-07-28,Walmart,"Snack Factory Original Pretzel Crisps, Non-GMO, 14 oz Party Size Bag",1.0,5.3200,5.3200,5.32,5.3200,yes
2025-07-28,Walmart,"Blue Diamond Almonds, Lightly Salted Low Sodium Snack Nuts For Gluten Free Snacking, 14 oz.",1.0,5.9800,5.9800,5.98,5.9800,yes
2025-07-28,Walmart,Mr. Clean Magic Eraser Extra Durable All Purpose Cleaning Pads with Durafoam 7 Count,1.0,8.9400,8.9400,8.94,8.9400,yes
2025-07-28,Walmart,"Filtrete 14x30x1 HVAC Furnace Air Filter, MPR 1500 MERV 12, Allergen, Bacteria and Virus, 1 Filter",1.0,18.4700,18.4700,18.47,18.4700,yes
2025-07-28,Walmart,"Wonder Nation Toddler Cotton Long Sleeve Sleep Tee and Pants Pajama Set, 2-Piece, Sizes 12M-5T",1.0,6.9800,6.9800,6.98,6.9800,yes
2025-07-28,Walmart,"Wonder Nation Toddler Cotton Long Sleeve Sleep Tee and Pants Pajama Set, 2-Piece, Sizes 12M-5T",1.0,6.9800,6.9800,6.98,6.9800,yes
2025-07-28,Walmart,"Thomas' Light Multi-Grain English Muffins, 6 count, 100 Calories English Muffins, 12 oz Tray",1.0,3.4800,3.4800,3.48,3.4800,yes
2025-07-28,Walmart,"BelGioioso Gluten-Free Asiago Specialty Cheese Wedge, 8 oz",1.0,5.4200,5.4200,5.42,5.4200,yes
2025-07-28,Walmart,"Lunchables Ham & Cheddar Value Pack, 1.9 oz Pack",4.0,1.0000,4.0000,4.0,1.0000,yes
2025-07-28,Walmart,"King's Hawaiian Original Hawaiian Sweet Dinner Rolls 24 Count, 24 oz, Shelf-Stable",1.0,7.8800,7.8800,7.88,7.8800,yes
2025-07-28,Walmart,"Wonder Nation Boys Short Sleeve Top and Pants, 2-Piece Sleep Set, Sizes 4-18 Plus Husky",1.0,9.9800,9.9800,9.98,9.9800,yes
2025-07-28,Walmart,"Wonder Nation Boys Short Sleeve Top and Pants, 2-Piece Sleep Set, Sizes 4-18 Plus Husky",1.0,9.9800,9.9800,9.98,9.9800,yes
2025-07-28,Walmart,"Great Value Black Beans, 15 oz",2.0,0.9200,1.8400,1.84,0.9200,yes
2025-07-28,Walmart,"Great Value Frozen Broccoli Florets Steamable Bag, 12 oz",2.0,1.1600,2.3200,2.32,1.1600,yes
2025-07-28,Walmart,"Great Value Whole Wheat Penne, 16 oz",2.0,1.4300,2.8600,2.86,1.4300,yes
2025-07-28,Walmart,"Great Value Whole Vitamin D Milk, Gallon, 128 fl oz",1.0,2.5200,2.5200,2.52,2.5200,yes
2025-07-28,Walmart,"Oikos Pro Shots 10g Protein, Mixed Berry Cultured Dairy Drinks Bottles, 3.1 fl oz, 6 Count​",1.0,5.14,5.14,5.14,,no
2025-07-28,Walmart,"Oikos Pro Shots 10g Protein, Mango Cultured Dairy Drinks Bottles, 3.1 fl oz, 6 Count​",1.0,5.14,5.14,5.14,,no
2025-07-28,Walmart,"(3 pack) Sterilite, 15 Quart Clear Storage Bin, Latch Box Storage Container, with Clear Lid, Blue",1.0,17.9400,17.9400,17.94,17.9400,yes
2025-07-28,Walmart,"(2 pack) Sterilite Small Storage Bin, 28 Quart Clear Plastic Storage Container with Snap-On Lid, White",2.0,11.9600,23.9200,23.92,11.9600,yes
2025-07-28,Walmart,"Purina One True Instinct Dry Dog Food for Adult Dogs, High Protein Real Turkey & Venison, 7.4 lb Bag",1.0,16.68,16.68,16.68,,no
2025-07-29,Walmart,"Sterilite Large Latching Storage Bin, 66 Quart Clear Plastic Storage Container with Latch Lid, Blue",1.0,8.9800,8.9800,8.98,8.9800,yes
2025-07-29,Walmart,"Pen+Gear Letter Size Hanging File Folders, 12 Count, Green",1.0,6.9800,6.9800,6.98,6.9800,yes
2025-07-29,Walmart,"Sterilite File Crate, Versatile Plastic Bin with Handles, Letter or Legal File Storage, Black, Standard Size",4.0,5.9700,23.8800,23.88,5.9700,yes
2025-07-30,Walmart,Mainstays – 8x10 Picture Frame – White Matted Gallery Linear Program Wall Photo Frame,1.0,12.2400,12.2400,12.24,12.2400,yes
2025-07-30,Walmart,"Pen+Gear Push Pins in Clamshell, Clear Plastic Head, Steel Point, 100 Count.",1.0,2.4400,2.4400,2.44,2.4400,yes
2025-07-30,Walmart,"ZUNMOS 4 Drawer Fabric Dresser for Bedroom, Tall Chest of Drawer Organizer Storage Cabinet for Closet, Entryway, Grey",1.0,30.8900,30.8900,30.89,30.8900,yes
2025-07-30,Walmart,"ZUNMOS 4 Drawer Fabric Dresser for Bedroom, Tall Chest of Drawer Organizer Storage Cabinet for Closet, Entryway, Grey",1.0,30.8900,30.8900,30.89,30.8900,yes
2025-07-30,Walmart,"Ktaxon Twin Size Bed Frames, 14"" Metal Platform Bed, Black",1.0,35.9900,35.9900,35.99,35.9900,yes
2025-07-30,Walmart,"Safety 1st Parent Grip Door Knob Covers, White, 3 pack, Toddler",2.0,4.7700,9.5400,9.54,4.7700,yes
2025-07-31,Walmart,(2 pack) Cantu Shea Butter for Natural Hair Complete Conditioning Co-Wash 10 oz,1.0,11.2200,11.2200,11.22,11.2200,yes
2025-07-31,Walmart,"AllerEase Ultimate Cotton Pillow Cover Protector, King- Zippered, Temperature Balancing",1.0,14.9900,14.9900,14.99,14.9900,yes
2025-07-31,Walmart,"Ophanie Adhesive Shower Caddy 6 Pack, Large Capacity Bathroom Organizers and Storage, No Drilling Wall-Mounted Basket, Black",1.0,14.9900,14.9900,14.99,14.9900,yes
2025-07-31,Walmart,"Fresh Banana, Each",3.0,0.22666666666666668,0.68,0.22666666666666668,,no
2025-07-31,Walmart,"Tostitos Scoops! Tortilla Chips Multigrain, 10 oz Bag",1.0,4.4800,4.4800,4.48,4.4800,yes
2025-07-31,Walmart,"Honey Nut Cheerios, Heart Healthy Cereal, Affirmations Box, Family Size, 18.8 oz",1.0,4.4400,4.4400,4.44,4.4400,yes
2025-07-31,Walmart,"Ivory Bar Soap, Original Scent, All Skin Types, 4 Count, 4 Ounces Each",1.0,4.47,4.47,4.47,,no
2025-07-31,Walmart,"TAZO Classic Chai Latte Black Tea Concentrate, Made from Real Black Tea, 32oz Carton",1.0,5.4800,5.4800,5.48,5.4800,yes
2025-07-31,Walmart,Alexia® Sweet Potato Fries Sweet & Savory with Sea Salt 20oz,1.0,5.4200,5.4200,5.42,5.4200,yes
2025-07-31,Walmart,"Pepperidge Farm White Hot Dog Buns, Top Sliced, 8-Pack Bag",1.0,3.3700,3.3700,3.37,3.3700,yes
2025-07-31,Walmart,"Oscar Mayer Turkey Franks Hot Dogs, 16 oz, 10 ct Pack",1.0,3.9700,3.9700,3.97,3.9700,yes
2025-07-31,Walmart,"Great Value Uncooked Original Breakfast Pork Sausage Links, 12 oz Package",1.0,2.9400,2.9400,2.94,2.9400,yes
2025-07-31,Walmart,"Thomas' Plain Mini Bagels, 10 count, Kosher Mini Bagels, 15 oz Bag",1.0,4.4700,4.4700,4.47,4.4700,yes
2025-07-31,Walmart,"Pepperidge Farm Raisin Cinnamon Swirl Breakfast Bread, 16 oz Loaf",1.0,3.4700,3.4700,3.47,3.4700,yes
2025-07-31,Walmart,"Oikos Pro Shots 10g Protein, Mixed Berry Cultured Dairy Drinks Bottles, 3.1 fl oz, 6 Count​",1.0,5.14,5.14,5.14,,no
2025-07-31,Walmart,"Oikos Pro Shots 10g Protein, Mango Cultured Dairy Drinks Bottles, 3.1 fl oz, 6 Count​",1.0,5.14,5.14,5.14,,no
2025-07-31,Walmart,"bubly Sparkling Water, The Super Mario Galaxy Movie Cherry, Zero Sugar & Zero Calories ,12 fl oz Cans (8 pack)​",1.0,4.1800,4.1800,4.18,4.1800,yes
2025-07-31,Walmart,"Nature's Own WhiteWheat Healthy White Bread, Sliced White Bread Loaf, 20 oz, Shelf-Stable",1.0,3.4200,3.4200,3.42,3.4200,yes
2025-07-31,Walmart,"bubly Sparkling Water, The Super Mario Galaxy Movie Lime, Zero Sugar & Zero Calories, 12 fl oz Cans (8 pack)​",1.0,4.1800,4.1800,4.18,4.1800,yes
2025-07-31,Walmart,"Great Value Whole Vitamin D Milk, Gallon, 128 fl oz",1.0,2.5200,2.5200,2.52,2.5200,yes
2025-07-31,Walmart,"Great Value Large White Eggs, 18 Count",1.0,3.9700,3.9700,3.97,3.9700,yes
2025-07-31,Walmart,"BelGioioso Gluten-Free Asiago Specialty Cheese Wedge, 8 oz",1.0,5.4200,5.4200,5.42,5.4200,yes
2025-07-31,Walmart,"Great Value Original Whipped Cream Cheese Spread, 12 oz Tub",1.0,3.2600,3.2600,3.26,3.2600,yes
2025-07-31,Walmart,"Marketside Plain Goat Cheese, 4 oz",1.0,2.9700,2.9700,2.97,2.9700,yes
2025-08-03,Walmart,"Old El Paso Hot Red Enchilada Sauce, 10 oz.",4.0,1.9800,7.9200,7.92,1.9800,yes
2025-08-03,Walmart,"Oikos Pro Shots 10g Protein, Mango Cultured Dairy Drinks Bottles, 3.1 fl oz, 6 Count​",2.0,10.28,20.56,10.28,,no
2025-08-03,Walmart,"Tostitos Scoops! Tortilla Chips Multigrain, 10 oz Bag",2.0,4.4800,8.9600,8.96,4.4800,yes
2025-08-03,Walmart,"Snack Factory Original Pretzel Crisps, Non-GMO, 14 oz Party Size Bag",1.0,5.3200,5.3200,5.32,5.3200,yes
2025-08-03,Walmart,"Hellmann's Real Mayonnaise Rich Creamy Condiment Gluten Free, 20 oz Squeeze Bottle",1.0,5.9800,5.9800,5.98,5.9800,yes
2025-08-03,Walmart,"Lunchables Ham & Cheddar Value Pack, 1.9 oz Pack",4.0,1.0000,4.0000,4.0,1.0000,yes
2025-08-03,Walmart,"Pillsbury Grands! Southern Homestyle Buttermilk Biscuits, 2 Pack, 16 Biscuits, 32.6 oz",1.0,4.9600,4.9600,4.96,4.9600,yes
2025-08-03,Walmart,"Fresh Whole Celery Stalk, 1 Each Bag",1.0,2.33,2.33,2.33,,no
2025-08-03,Walmart,"Pepperidge Farm White Hot Dog Buns, Top Sliced, 8-Pack Bag",1.0,3.3700,3.3700,3.37,3.3700,yes
2025-08-03,Walmart,"Oscar Mayer Turkey Franks Hot Dogs, 16 oz, 10 ct Pack",1.0,3.9700,3.9700,3.97,3.9700,yes
2025-08-03,Walmart,"DiGiorno Stuffed Crust Cheese, Veggie, and Meat Supreme Pizza, 26.4 oz (Frozen)",1.0,8.4700,8.4700,8.47,8.4700,yes
2025-08-03,Walmart,"DiGiorno Frozen Pizza, Rising Crust Four Cheese, 24.6 oz (Frozen)",2.0,5.9700,11.9400,11.94,5.9700,yes
2025-08-03,Walmart,"Sabra Classic Original Fresh Hummus Dip, Non-GMO, Gluten Free, Vegan Hummus Spread, 10 oz Tub",1.0,3.9700,3.9700,3.97,3.9700,yes
2025-08-03,Walmart,"BelGioioso Gluten-Free Asiago Specialty Cheese Wedge, 8 oz",1.0,5.4200,5.4200,5.42,5.4200,yes
2025-08-03,Walmart,"Great Value Mild Cheddar Finely Shredded Cheese, 8 oz Bag",1.0,1.9700,1.9700,1.97,1.9700,yes
2025-08-03,Walmart,"Jimmy Dean Premium Pork Regular Sausage Roll, 16 oz",1.0,4.6200,4.6200,4.62,4.6200,yes
2025-08-03,Walmart,"Great Value Large White Eggs, 18 Count",1.0,3.9700,3.9700,3.97,3.9700,yes
2025-08-03,Walmart,"Great Value Golden Sweet Whole Kernel Corn, 15 oz",2.0,0.7600,1.5200,1.52,0.7600,yes
2025-08-03,Walmart,"Great Value Fiesta Cheese Finely Shredded Blend, 32 oz Bag",1.0,6.9600,6.9600,6.96,6.9600,yes
2025-08-03,Walmart,La Banderita Yellow Corn Tortilla 30 Count,1.0,2.2800,2.2800,2.28,2.2800,yes
2025-08-03,Walmart,"Great Value Frozen Broccoli Florets Steamable Bag, 12 oz",2.0,1.1600,2.3200,2.32,1.1600,yes
2025-08-03,Walmart,"Oikos Pro 23g Protein, Peach Cultured Dairy Drink Bottle, 7 fl oz",5.0,9.7,48.5,9.7,,no
2025-08-03,Walmart,"Pacific Foods Organic Creamy Tomato Soup, 32 oz Carton",1.0,4.1200,4.1200,4.12,4.1200,yes
2025-08-03,Walmart,"Great Value Oven Roasted Turkey Breast Lunchmeat, 16 oz, Plastic Tub, Refrigerated",2.0,5.9700,11.9400,11.94,5.9700,yes
2025-08-03,Walmart,"Fresh Glorys Cherry Tomatoes, 10 oz Package",1.0,3.2700,3.2700,3.27,3.2700,yes
2025-08-03,Walmart,Marketside Envy Apples 3 Lb Bag,1.0,6.7800,6.7800,6.78,6.7800,yes
2025-08-07,Walmart,"Fresh Banana, Each",2.0,0.255,0.51,0.255,,no
2025-08-07,Walmart,"Snack Factory Original Pretzel Crisps, Non-GMO, 14 oz Party Size Bag",1.0,5.3200,5.3200,5.32,5.3200,yes
2025-08-07,Walmart,"Great Value Fresh Seal Double Zipper Sandwich Bags, 100 Count",1.0,2.2800,2.2800,2.28,2.2800,yes
2025-08-07,Walmart,"Safety 1st Custom Fit All Purpose Strap (2pk), Decor, Charcoal, Toddler",1.0,6.4800,6.4800,6.48,6.4800,yes
2025-08-07,Walmart,"Cantu Weightless Smoothing Shampoo, 13.5 fl.oz.",1.0,6.9700,6.9700,6.97,6.9700,yes
2025-08-07,Walmart,"Snyder's of Hanover Pretzels, Braided Pretzel Twists Honey Wheat, 12 oz",1.0,3.6200,3.6200,3.62,3.6200,yes
2025-08-07,Walmart,"Great Value Uncooked Original Breakfast Pork Sausage Links, 12 oz Package",1.0,2.9400,2.9400,2.94,2.9400,yes
2025-08-07,Walmart,"Nature's Own WhiteWheat Healthy White Bread, Sliced White Bread Loaf, 20 oz, Shelf-Stable",1.0,3.4200,3.4200,3.42,3.4200,yes
2025-08-07,Walmart,"BelGioioso Gluten-Free Asiago Specialty Cheese Wedge, 8 oz",1.0,5.4200,5.4200,5.42,5.4200,yes
2025-08-07,Walmart,"bubly Sparkling Water, The Super Mario Galaxy Movie Lime, Zero Sugar & Zero Calories, 12 fl oz Cans (8 pack)​",1.0,4.1800,4.1800,4.18,4.1800,yes
2025-08-07,Walmart,"bubly Sparkling Water, The Super Mario Galaxy Movie Cherry, Zero Sugar & Zero Calories ,12 fl oz Cans (8 pack)​",1.0,4.1800,4.1800,4.18,4.1800,yes
2025-08-07,Walmart,"Great Value Organic Extra Virgin Olive Oil, 17 fl oz",1.0,7.3600,7.3600,7.36,7.3600,yes
2025-08-07,Walmart,"Mainstays 2 Ply Manual Can Opener with Integrated Bottle Opener, Black",1.0,3.9700,3.9700,3.97,3.9700,yes
2025-08-07,Walmart,"Great Value Whole Vitamin D Milk, Gallon, 128 fl oz",1.0,2.4400,2.4400,2.44,2.4400,yes
2025-08-07,Walmart,"Great Value Large White Eggs, 36 Count",1.0,8.7200,8.7200,8.72,8.7200,yes
2025-08-07,Walmart,"Marketside Garlic & Herb Goat Cheese Log, 4 oz",1.0,2.9700,2.9700,2.97,2.9700,yes
2025-08-07,Walmart,"Marketside Plain Goat Cheese, 4 oz",1.0,2.9700,2.9700,2.97,2.9700,yes
2025-08-07,Walmart,Cabot Creamery Cabot Whole Milk Plain Greek Yogurt 2 lb (Refrigerated  Tub),1.0,4.12,4.12,4.12,,no
2025-08-07,Walmart,"Oikos Pro 23g Protein, Vanilla Yogurt-Cultured Ultra-Filtered Milk Product Tub, 32 oz​",1.0,7.64,7.64,7.64,,no
2025-08-07,Walmart,"Fresh Glorys Cherry Tomatoes, 10 oz Package",1.0,3.2700,3.2700,3.27,3.2700,yes
2025-08-10,Walmart,"Oikos Pro Shots 10g Protein, Mango Cultured Dairy Drinks Bottles, 3.1 fl oz, 6 Count​",1.0,5.14,5.14,5.14,,no
2025-08-10,Walmart,"Snack Factory Original Pretzel Crisps, Non-GMO, 14 oz Party Size Bag",1.0,5.3200,5.3200,5.32,5.3200,yes
2025-08-10,Walmart,"Blue Diamond Almonds, Lightly Salted Low Sodium Snack Nuts For Gluten Free Snacking, 14 oz.",1.0,5.9800,5.9800,5.98,5.9800,yes
2025-08-10,Walmart,"Nature's Own WhiteWheat Healthy White Bread, Sliced White Bread Loaf, 20 oz, Shelf-Stable",1.0,3.4200,3.4200,3.42,3.4200,yes
2025-08-10,Walmart,"bubly Sparkling Water, The Super Mario Galaxy Movie Lime, Zero Sugar & Zero Calories, 12 fl oz Cans (8 pack)​",1.0,4.1800,4.1800,4.18,4.1800,yes
2025-08-10,Walmart,"bubly Sparkling Water, The Super Mario Galaxy Movie Cherry, Zero Sugar & Zero Calories ,12 fl oz Cans (8 pack)​",1.0,4.1800,4.1800,4.18,4.1800,yes
2025-08-10,Walmart,"Mission Super Soft Flour Tortillas, Soft Taco Size, 10 Count",1.0,2.7800,2.7800,2.78,2.7800,yes
2025-08-10,Walmart,"Great Value Mozzarella String Cheese Sticks, 12 oz Bag, 12 Count",1.0,3.3400,3.3400,3.34,3.3400,yes
2025-08-10,Walmart,"Great Value Colby & Monterey Jack Cheese Snack, 9 oz Bag, 12 Cheese Sticks",1.0,3.4600,3.4600,3.46,3.4600,yes
2025-08-10,Walmart,"Classico Tomato & Basil Pasta Sauce, 24 oz Jar",1.0,2.9800,2.9800,2.98,2.9800,yes
2025-08-10,Walmart,"Great Value Low-Moisture Part-Skim Mozzarella Shredded Cheese, 32 oz Bag",1.0,6.9600,6.9600,6.96,6.9600,yes
2025-08-10,Walmart,"Galbani Whole Milk Ricotta Cheese, 32 oz (Refrigerated)",1.0,5.3200,5.3200,5.32,5.3200,yes
2025-08-10,Walmart,"Great Value Jumbo Shell, 12 oz",2.0,1.8400,3.6800,3.68,1.8400,yes
2025-08-10,Walmart,"Thomas' Light Multi-Grain English Muffins, 6 count, 100 Calories English Muffins, 12 oz Tray",1.0,3.6700,3.6700,3.67,3.6700,yes
2025-08-10,Walmart,"Great Value Muenster Deli Style Sliced Cheese, 8 oz, 12 Slices",2.0,1.9700,3.9400,3.94,1.9700,yes
2025-08-10,Walmart,"Pepperidge Farm Farmhouse Sourdough Bread, 24 oz Loaf",1.0,3.8400,3.8400,3.84,3.8400,yes
2025-08-10,Walmart,"Pacific Foods Organic Creamy Tomato Soup, 32 oz Carton",1.0,4.1200,4.1200,4.12,4.1200,yes
2025-08-10,Walmart,"King's Hawaiian Original Hawaiian Sweet Dinner Rolls 24 Count, 24 oz, Shelf-Stable",1.0,7.8800,7.8800,7.88,7.8800,yes
2025-08-10,Walmart,"Oikos Pro Shots 10g Protein, Mixed Berry Cultured Dairy Drinks Bottles, 3.1 fl oz, 6 Count​",1.0,5.14,5.14,5.14,,no
2025-08-10,Walmart,"Oikos Pro 23g Protein, Mango Pineapple Cultured Dairy Drink Bottle, 7 fl oz",5.0,9.7,48.5,9.7,,no
2025-08-10,Walmart,"BelGioioso Gluten-Free Asiago Specialty Cheese Wedge, 8 oz",1.0,5.4200,5.4200,5.42,5.4200,yes
2025-08-10,Walmart,"Great Value Large White Eggs, 36 Count",1.0,8.7200,8.7200,8.72,8.7200,yes
2025-08-10,Walmart,"Great Value Original Whipped Cream Cheese Spread, 12 oz Tub",1.0,3.2600,3.2600,3.26,3.2600,yes
2025-08-10,Walmart,"Thomas' Plain Mini Bagels, 10 count, Kosher Mini Bagels, 15 oz Bag",1.0,4.8200,4.8200,4.82,4.8200,yes
2025-08-13,Walmart,Wet Brush Mini Detangler Stellar Skies -Violet Skies,1.0,4.9700,4.9700,4.97,4.9700,yes
2025-08-13,Walmart,"Goody Ouchless Mini Poly Band Hair Ties, No Metal Gentle Hair Elastics, Clear, 250 Ct",1.0,3.9700,3.9700,3.97,3.9700,yes
2025-08-13,Walmart,"Great Value Large White Eggs, 18 Count",2.0,3.9700,7.9400,7.94,3.9700,yes
2025-08-13,Walmart,"Cantu Care for Kids Paraben & Sulfate-Free Conditioning Detangling Spray, 6 fl oz",1.0,3.9700,3.9700,3.97,3.9700,yes
2025-08-13,Walmart,"Goody Sport Active Elastic Hair Ties, Assorted Colors, 8 ct",1.0,4.6900,4.6900,4.69,4.6900,yes
2025-08-13,Walmart,"Honey Nut Cheerios, Heart Healthy Cereal, Affirmations Box, Mega Size, 27.2 oz",1.0,5.9700,5.9700,5.97,5.9700,yes
2025-08-13,Walmart,"Cantu Sulfate-Free Hydrating Cream Conditioner, 25 fl oz",1.0,8.9700,8.9700,8.97,8.9700,yes
2025-08-13,Walmart,"Nature's Own WhiteWheat Healthy White Bread, Sliced White Bread Loaf, 20 oz, Shelf-Stable",1.0,3.4200,3.4200,3.42,3.4200,yes
2025-08-13,Walmart,"Jimmy Dean Premium Pork Regular Sausage Roll, 16 oz",1.0,4.6200,4.6200,4.62,4.6200,yes
2025-08-13,Walmart,"Great Value Whole Vitamin D Milk, Gallon, 128 fl oz",1.0,2.4400,2.4400,2.44,2.4400,yes
2025-08-13,Walmart,"Great Value Frozen Broccoli Florets Steamable Bag, 12 oz",1.0,1.1600,1.1600,1.16,1.1600,yes
2025-08-13,Walmart,"Goody Ouchless Hair Elastics, No Metal Gentle Hair Ties, Blonde, 30 Ct",1.0,3.9700,3.9700,3.97,3.9700,yes
2025-08-13,Walmart,"Fresh Whole Celery Stalk, 1 Each Bag",1.0,2.12,2.12,2.12,,no
2025-08-13,Walmart,"Organic Fresh Whole Carrots, 2 lb Bag",1.0,2.6200,2.6200,2.62,2.6200,yes
2025-08-13,Walmart,Native Sensitive Facial Cleanser Unscented Sulfate-Free For All Skin Types 12 oz,1.0,9.9400,9.9400,9.94,9.9400,yes
2025-08-13,Walmart,"Crest Toothpaste, 3DWhite Advanced Whitening Toothpaste, Radiant Mint, 3.3 oz, 3 Pack",1.0,12.9700,12.9700,12.97,12.9700,yes
2025-08-13,Walmart,"Fresh Glorys Cherry Tomatoes, 10 oz Package",1.0,3.2700,3.2700,3.27,3.2700,yes
2025-08-13,Walmart,"Wonder Nation Boys Short Sleeve Top and Pants, 2-Piece Sleep Set, Sizes 4-18 Plus Husky",1.0,9.9800,9.9800,9.98,9.9800,yes
2025-08-13,Walmart,"Wonder Nation Boys Short Sleeve Top and Pants, 2-Piece Sleep Set, Sizes 4-18 Plus Husky",1.0,9.9800,9.9800,9.98,9.9800,yes
2025-08-14,Walmart,"Fresh Banana, Each",4.0,0.22,0.88,0.22,,no
2025-08-14,Walmart,"Dr. Scholl's Blister Pain Relief Complete Kit with Lidocaine, 8 Count",1.0,9.9700,9.9700,9.97,9.9700,yes
2025-08-14,Walmart,"Cascade Complete Dishwasher Detergent Liquid Gel, Dish Detergent, Dish Soap, Fresh, 120 fl oz",1.0,9.8400,9.8400,9.84,9.8400,yes
2025-08-14,Walmart,"Pacific Foods Organic Creamy Tomato Soup, 32 oz Carton",1.0,4.1200,4.1200,4.12,4.1200,yes
2025-08-14,Walmart,"Marketside Plain Goat Cheese, 4 oz",1.0,2.9700,2.9700,2.97,2.9700,yes
2025-08-14,Walmart,"Smucker’s Uncrustables Peanut Butter & Grape Jelly Sandwiches, 10 Count, 2 oz Each, Frozen",1.0,10.46,10.46,10.46,,no
2025-08-14,Walmart,"Lunchables Ham & Cheddar Value Pack, 1.9 oz Pack",4.0,1.0000,4.0000,4.0,1.0000,yes
2025-08-14,Walmart,"Smucker's Concord Grape Jelly, 18 oz",1.0,2.8400,2.8400,2.84,2.8400,yes
2025-08-14,Walmart,"Smucker's Seedless Strawberry Jam, 18 oz",1.0,3.5700,3.5700,3.57,3.5700,yes
2025-08-17,Walmart,"Redi Shade No Tools Original Light Filtering Pleated Paper Shade Natural, 36 in x 72 in.",2.0,4.1200,8.2400,8.24,4.1200,yes
2025-08-17,Walmart,"Nature's Own WhiteWheat Healthy White Bread, Sliced White Bread Loaf, 20 oz, Shelf-Stable",1.0,3.4200,3.4200,3.42,3.4200,yes
2025-08-17,Walmart,"Pepperidge Farm Raisin Cinnamon Swirl Breakfast Bread, 16 oz Loaf",1.0,3.4700,3.4700,3.47,3.4700,yes
2025-08-17,Walmart,"Fresh Banana, Each",5.0,0.21800000000000003,1.09,0.21800000000000003,,no
2025-08-17,Walmart,"PopCorners No Artificial Colors or Flavors White Cheddar Popped Corn Chips Bag, 7 oz",1.0,3.9800,3.9800,3.98,3.9800,yes
2025-08-17,Walmart,"TAZO Classic Chai Latte Black Tea Concentrate, Made from Real Black Tea, 32oz Carton",1.0,5.4800,5.4800,5.48,5.4800,yes
2025-08-17,Walmart,SunButter Original Sunflower Seed Butter 16 oz Jar,1.0,6.9800,6.9800,6.98,6.9800,yes
2025-08-17,Walmart,"Great Value No Stir Creamy Natural Peanut Butter Spread, 40 oz",1.0,3.9800,3.9800,3.98,3.9800,yes
2025-08-17,Walmart,"BelGioioso Gluten-Free Asiago Specialty Cheese Wedge, 8 oz",1.0,5.4200,5.4200,5.42,5.4200,yes
2025-08-17,Walmart,"Planet Oat Oat Milk, Velvety & Smooth, Barista Lovers, 52 fl oz",1.0,3.3800,3.3800,3.38,3.3800,yes
2025-08-17,Walmart,"Great Value Large White Eggs, 36 Count",1.0,8.0000,8.0000,8.0,8.0000,yes
2025-08-17,Walmart,"bubly Sparkling Water, The Super Mario Galaxy Movie Cherry, Zero Sugar & Zero Calories ,12 fl oz Cans (8 pack)​",1.0,4.1800,4.1800,4.18,4.1800,yes
2025-08-17,Walmart,"bubly Sparkling Water, The Super Mario Galaxy Movie Lime, Zero Sugar & Zero Calories, 12 fl oz Cans (8 pack)​",1.0,4.1800,4.1800,4.18,4.1800,yes
2025-08-17,Walmart,"Snyder's of Hanover Pretzels, Braided Pretzel Twists Honey Wheat, 12 oz",1.0,3.6200,3.6200,3.62,3.6200,yes
2025-08-17,Walmart,"PopCorners No Artificial Colors or Flavors Kettle Corn Popped Corn Chips Bag, 7 oz​",1.0,3.9800,3.9800,3.98,3.9800,yes
2025-08-17,Walmart,"PopCorners No Artificial Colors or Flavors Spicy Queso Popped Corn Chips Bag, 7 oz​",1.0,3.9800,3.9800,3.98,3.9800,yes
2025-08-17,Walmart,"Thomas' Light Multi-Grain English Muffins, 6 count, 100 Calories English Muffins, 12 oz Tray",1.0,3.6700,3.6700,3.67,3.6700,yes
2025-08-17,Walmart,"Thomas' Plain Mini Bagels, 10 count, Kosher Mini Bagels, 15 oz Bag",1.0,4.8200,4.8200,4.82,4.8200,yes
2025-08-17,Walmart,"Great Value Original Whipped Cream Cheese Spread, 12 oz Tub",1.0,3.2600,3.2600,3.26,3.2600,yes
2025-08-17,Walmart,"Chobani 20G Protein Low-Fat Greek Yogurt Drink, Strawberries and Cream 10 fl oz Bottle, 4 Pack",1.0,8.97,8.97,8.97,,no
2025-08-17,Walmart,"Oikos Pro Shots 10g Protein, Mixed Berry Cultured Dairy Drinks Bottles, 3.1 fl oz, 6 Count​",2.0,10.28,20.56,10.28,,no
2025-08-17,Walmart,"Oikos Pro 23g Protein, Strawberry Banana Cultured Dairy Drink Bottle, 7 fl oz",5.0,9.7,48.5,9.7,,no
2025-08-17,Walmart,"Great Value Oven Roasted Turkey Breast Lunchmeat, 16 oz, Plastic Tub, Refrigerated",2.0,5.9700,11.9400,11.94,5.9700,yes
2025-08-17,Walmart,"Fresh Glorys Cherry Tomatoes, 10 oz Package",2.0,3.2700,6.5400,6.54,3.2700,yes
2025-08-18,Walmart,902 Ink Cartridges Compatible for HP 902XL Ink Cartridges (4-Pack),1.0,27.3300,27.3300,27.33,27.3300,yes
2025-08-20,Walmart,"Logitech Wireless Presenter R400, Wireless Presentation Remote Clicker with Laser Pointer, Black",1.0,30.1200,30.1200,30.12,30.1200,yes
2025-08-21,Walmart,"TPH BY TARAJI Hustle & Co Hydrating Co Wash Cleansing Hair Conditioner | Coily & Curly Hair | All Genders, 12 oz.",1.0,12.9500,12.9500,12.95,12.9500,yes
2025-08-21,Walmart,"Fresh Banana, Each",3.0,0.20666666666666667,0.62,0.20666666666666667,,no
2025-08-21,Walmart,"Mucinex Fast-Max Severe Congestion & Cough Medicine, OTC Sinus/Nasal Decongestant, Expectorant, 6 fl oz",1.0,13.9700,13.9700,13.97,13.9700,yes
2025-08-21,Walmart,"Mucinex,Children's Night Time, Multi-Symptom Cold Relief, Mixed Berry Flavor, 4fl oz, Plastic Bottle",1.0,9.9700,9.9700,9.97,9.9700,yes
2025-08-21,Walmart,"Mucinex Children's Stuffy Nose & Chest Congestion Relief, Kids Medicine, Very Berry Flavor, 4 fl oz",1.0,9.9700,9.9700,9.97,9.9700,yes
2025-08-21,Walmart,"TPH BY TARAJI Cooling Curly Hair Serum with Aloe Vera, Biotin, Tea Tree & Avocado Oil, 4 oz.",1.0,11.9700,11.9700,11.97,11.9700,yes
2025-08-21,Walmart,"Thomas' Plain Mini Bagels, 10 count, Kosher Mini Bagels, 15 oz Bag",1.0,4.8200,4.8200,4.82,4.8200,yes
2025-08-21,Walmart,"Great Value Large White Eggs, 36 Count",1.0,8.0000,8.0000,8.0,8.0000,yes
2025-08-21,Walmart,"Planet Oat Oat Milk, Velvety & Smooth, Barista Lovers, 52 fl oz",1.0,3.3800,3.3800,3.38,3.3800,yes
2025-08-21,Walmart,"Great Value Whole Vitamin D Milk, Gallon, 128 fl oz",1.0,2.4400,2.4400,2.44,2.4400,yes
2025-08-25,Walmart,"Blue Diamond Almonds, Lightly Salted Low Sodium Snack Nuts For Gluten Free Snacking, 14 oz.",1.0,5.9800,5.9800,5.98,5.9800,yes
2025-08-25,Walmart,"TAZO Classic Chai Latte Black Tea Concentrate, Made from Real Black Tea, 32oz Carton",1.0,5.4800,5.4800,5.48,5.4800,yes
2025-08-25,Walmart,"Smithfield Naturally Hickory Smoked Lower Sodium Sliced Bacon, Gluten-Free, 16 oz",1.0,6.9700,6.9700,6.97,6.9700,yes
2025-08-25,Walmart,"Pillsbury Grands! Southern Homestyle Buttermilk Biscuits, 2 Pack, 16 Biscuits, 32.6 oz",1.0,4.9600,4.9600,4.96,4.9600,yes
2025-08-25,Walmart,"Great Value Oven Roasted Turkey Breast Lunchmeat, 16 oz, Plastic Tub, Refrigerated",1.0,5.3700,5.3700,5.37,5.3700,yes
2025-08-25,Walmart,"Great Value Uncooked Original Breakfast Pork Sausage Links, 12 oz Package",2.0,2.9400,5.8800,5.88,2.9400,yes
2025-08-25,Walmart,"BelGioioso Gluten-Free Asiago Specialty Cheese Wedge, 8 oz",1.0,5.4200,5.4200,5.42,5.4200,yes
2025-08-25,Walmart,"bubly Sparkling Water, The Super Mario Galaxy Movie Lime, Zero Sugar & Zero Calories, 12 fl oz Cans (8 pack)​",1.0,4.1800,4.1800,4.18,4.1800,yes
2025-08-25,Walmart,"bubly Sparkling Water, The Super Mario Galaxy Movie Cherry, Zero Sugar & Zero Calories ,12 fl oz Cans (8 pack)​",1.0,4.1800,4.1800,4.18,4.1800,yes
2025-08-25,Walmart,"Chobani 20G Protein Low-Fat Greek Yogurt Drink, Strawberries and Cream 10 fl oz Bottle, 4 Pack",1.0,8.97,8.97,8.97,,no
2025-08-25,Walmart,"Great Value Whole Vitamin D Milk, Gallon, 128 fl oz",1.0,2.4400,2.4400,2.44,2.4400,yes
2025-08-25,Walmart,"Oikos Pro Shots 10g Protein, Mixed Berry Cultured Dairy Drinks Bottles, 3.1 fl oz, 6 Count​",2.0,10.28,20.56,10.28,,no
2025-08-25,Walmart,"Oikos Pro 23g Protein, Strawberry Banana Cultured Dairy Drink Bottle, 7 fl oz",4.0,7.76,31.04,7.76,,no
2025-08-27,Walmart,"Capri Sun Summer Blast Passion Fruit Mango Flavored Juice Drink Blend, from Concentrate with Other Natural Flavor, 10 ct Box, 6 fl oz Pouches, Liquids",2.0,3.4700,6.9400,6.94,3.4700,yes
2025-08-27,Walmart,"TPH BY TARAJI Hustle & Co Hydrating Co Wash Cleansing Hair Conditioner | Coily & Curly Hair | All Genders, 12 oz.",1.0,12.9500,12.9500,12.95,12.9500,yes
2025-08-27,Walmart,"TPH BY TARAJI Make it Rain Hydrating Deep Conditioner With Aloe Vera, Avocado Oil, & Moringa Oil For All Hair Types | Detangler For Curly, Coily & Wavy Hair | Color Safe & Sulfate Free, 12 oz.",1.0,9.9700,9.9700,9.97,9.9700,yes
2025-08-27,Walmart,"Great Value Whole Vitamin D Milk, Gallon, 128 fl oz",1.0,2.4400,2.4400,2.44,2.4400,yes
2025-08-27,Walmart,"Thomas' Light Multi-Grain English Muffins, 6 count, 100 Calories English Muffins, 12 oz Tray",2.0,3.6700,7.3400,7.34,3.6700,yes
2025-08-27,Walmart,"bubly Sparkling Water, The Super Mario Galaxy Movie Lime, Zero Sugar & Zero Calories, 12 fl oz Cans (8 pack)​",1.0,4.1800,4.1800,4.18,4.1800,yes
2025-08-27,Walmart,"bubly Sparkling Water, The Super Mario Galaxy Movie Cherry, Zero Sugar & Zero Calories ,12 fl oz Cans (8 pack)​",1.0,4.1800,4.1800,4.18,4.1800,yes
2025-08-27,Walmart,"Fresh Whole Celery Stalk, 1 Each Bag",1.0,2.12,2.12,2.12,,no
2025-08-27,Walmart,"Organic Fresh Whole Carrots, 2 lb Bag",1.0,2.6200,2.6200,2.62,2.6200,yes
2025-08-27,Walmart,"BelGioioso Gluten-Free Asiago Specialty Cheese Wedge, 8 oz",1.0,5.4200,5.4200,5.42,5.4200,yes
2025-08-27,Walmart,"Nature's Own WhiteWheat Healthy White Bread, Sliced White Bread Loaf, 20 oz, Shelf-Stable",1.0,3.4200,3.4200,3.42,3.4200,yes
2025-08-27,Walmart,"Great Value Fiesta Cheese Finely Shredded Blend, 32 oz Bag",1.0,6.9600,6.9600,6.96,6.9600,yes
2025-08-27,Walmart,"Fresh Glorys Cherry Tomatoes, 10 oz Package",1.0,3.2700,3.2700,3.27,3.2700,yes
2025-08-27,Walmart,"Fresh Banana, Each",5.0,0.22400000000000003,1.12,0.22400000000000003,,no
2025-09-01,Walmart,Chobani 20G Protein Low-Fat Greek Yogurt Drink Strawberries & Cream 10 fl oz Bottle,4.0,9.88,39.52,9.88,,no
2025-09-01,Walmart,"Fresh Banana, Each",5.0,0.13799999999999998,0.69,0.13799999999999998,,no
2025-09-01,Walmart,"Scott Paper Towels, Choose-A-Sheet, 6 Double Rolls",1.0,6.8400,6.8400,6.84,6.8400,yes
2025-09-01,Walmart,"Hellmann's Real Mayonnaise Rich Creamy Condiment Gluten Free, 20 oz Squeeze Bottle",1.0,5.9800,5.9800,5.98,5.9800,yes
2025-09-01,Walmart,"Plum Organics® Tots Mighty Builder Fruit & Veggie Blend Pear, White Bean, Blueberry, Date + Chia & Banana, White Bean, Strawberry + Chia 4oz Pouch-8-pack",1.0,10.8800,10.8800,10.88,10.8800,yes
2025-09-01,Walmart,"Fritos Scoops! Corn Snacks, Party Size, 15.5 oz Bag",2.0,5.9400,11.8800,11.88,5.9400,yes
2025-09-01,Walmart,"Heinz Chili Sauce, 12 oz Bottle",1.0,3.1800,3.1800,3.18,3.1800,yes
2025-09-01,Walmart,"Del Monte Fresh Cut Green Beans, Canned Vegetables, 14.5 oz Can (Pack of 4)",1.0,5.2700,5.2700,5.27,5.2700,yes
2025-09-01,Walmart,"Thomas' Plain Mini Bagels, 10 count, Kosher Mini Bagels, 15 oz Bag",1.0,4.8200,4.8200,4.82,4.8200,yes
2025-09-01,Walmart,"Great Value Original Whipped Cream Cheese Spread, 12 oz Tub",1.0,3.2600,3.2600,3.26,3.2600,yes
2025-09-01,Walmart,"Pacific Foods Organic Creamy Tomato Soup, 32 oz Carton",1.0,4.1200,4.1200,4.12,4.1200,yes
2025-09-01,Walmart,"Sabra Classic Original Fresh Hummus Dip, Non-GMO, Gluten Free, Vegan Hummus Spread, 10 oz Tub",1.0,3.9700,3.9700,3.97,3.9700,yes
2025-09-01,Walmart,"Great Value Waffle Cut French Fried Potatoes, 24 oz (Frozen)",1.0,3.1600,3.1600,3.16,3.1600,yes
2025-09-01,Walmart,"Great Value Individually Plastic Wrapped Singles American Cheese Product, 16 oz, 24 Slices",1.0,2.4800,2.4800,2.48,2.4800,yes
2025-09-01,Walmart,"Great Value Italian Style Finely Shredded Cheese, 16 oz Bag",1.0,3.7800,3.7800,3.78,3.7800,yes
2025-09-01,Walmart,"Great Value Extra Sharp Cheddar Shredded Cheese, 16 oz Bag",1.0,3.7800,3.7800,3.78,3.7800,yes
2025-09-01,Walmart,"Great Value Elbows, 16 oz",2.0,0.9800,1.9600,1.96,0.9800,yes
2025-09-01,Walmart,"Great Value Original Sour Cream, 24 oz Tub",1.0,2.7400,2.7400,2.74,2.7400,yes
2025-09-01,Walmart,"McCormick Chili Seasoning Mix, 1.25 oz Packet",1.0,1.5800,1.5800,1.58,1.5800,yes
2025-09-01,Walmart,"Great Value Golden Sweet Whole Kernel Corn, 15 oz",2.0,0.7600,1.5200,1.52,0.7600,yes
2025-09-01,Walmart,"Great Value Petite Diced Tomatoes in Tomato Juice, 14.5 oz",2.0,0.9600,1.9200,1.92,0.9600,yes
2025-09-01,Walmart,"Bush's Chili Beans, Canned Pinto Beans in Mild Chili Sauce, 27 oz Can",1.0,2.4200,2.4200,2.42,2.4200,yes
2025-09-01,Walmart,"Great Value Black Beans, 15 oz",2.0,0.9200,1.8400,1.84,0.9200,yes
2025-09-01,Walmart,"Great Value Uncooked Original Breakfast Pork Sausage Links, 12 oz Package",1.0,2.9400,2.9400,2.94,2.9400,yes
2025-09-01,Walmart,"Oikos Pro Shots 10g Protein, Mixed Berry Cultured Dairy Drinks Bottles, 3.1 fl oz, 6 Count​",2.0,10.28,20.56,10.28,,no
2025-09-01,Walmart,"Oikos Pro 23g Protein, Peach Cultured Dairy Drink Bottle, 7 fl oz",4.0,7.76,31.04,7.76,,no
2025-09-01,Walmart,"bubly Sparkling Water, The Super Mario Galaxy Movie Cherry, Zero Sugar & Zero Calories ,12 fl oz Cans (8 pack)​",1.0,4.1800,4.1800,4.18,4.1800,yes
2025-09-01,Walmart,"bubly Sparkling Water, The Super Mario Galaxy Movie Lime, Zero Sugar & Zero Calories, 12 fl oz Cans (8 pack)​",1.0,4.1800,4.1800,4.18,4.1800,yes
2025-09-01,Walmart,"Great Value Large White Eggs, 36 Count",1.0,8.0000,8.0000,8.0,8.0000,yes
2025-09-01,Walmart,"Marketside Plain Goat Cheese, 4 oz",1.0,2.9700,2.9700,2.97,2.9700,yes
2025-09-01,Walmart,"Thomas' Light Multi-Grain English Muffins, 6 count, 100 Calories English Muffins, 12 oz Tray",1.0,3.6700,3.6700,3.67,3.6700,yes
2025-09-01,Walmart,"Planet Oat Oat Milk, Velvety & Smooth, Barista Lovers, 52 fl oz",1.0,3.3800,3.3800,3.38,3.3800,yes
2025-09-01,Walmart,"Great Value Whole Vitamin D Milk, Gallon, 128 fl oz",1.0,2.3200,2.3200,2.32,2.3200,yes
2025-09-01,Walmart,"Great Value Muenster Deli Style Sliced Cheese, 8 oz, 12 Slices",2.0,1.9700,3.9400,3.94,1.9700,yes
2025-09-01,Walmart,"Great Value Oven Roasted Turkey Breast Lunchmeat, 16 oz, Plastic Tub, Refrigerated",2.0,5.3700,10.7400,10.74,5.3700,yes
2025-09-01,Walmart,"Nature's Own WhiteWheat Healthy White Bread, Sliced White Bread Loaf, 20 oz, Shelf-Stable",2.0,3.4200,6.8400,6.84,3.4200,yes
2025-09-01,Walmart,"Great Value Concord Grape Jelly, 30 oz",1.0,2.7400,2.7400,2.74,2.7400,yes
2025-09-01,Walmart,"King's Hawaiian Original Hawaiian Sweet Dinner Rolls 24 Count, 24 oz, Shelf-Stable",1.0,7.8800,7.8800,7.88,7.8800,yes
2025-09-05,Walmart,"Sheamoisture Fresh Antiperspirant Deodorant Stick for Women Coconut & Hibiscus, 2.6 oz",1.0,9.9700,9.9700,9.97,9.9700,yes
2025-09-05,Walmart,"Kraft String Cheese Mozzarella Cheese Snacks, 12 ct Sticks",1.0,4.6800,4.6800,4.68,4.6800,yes
2025-09-05,Walmart,"Fresh Banana, Each",7.0,0.20428571428571426,1.43,0.20428571428571426,,no
2025-09-05,Walmart,Native Limited Edition Vanilla Cream & Pumpkin Body Wash 18 FL OZ,1.0,9.9700,9.9700,9.97,9.9700,yes
2025-09-05,Walmart,"TAZO Classic Chai Latte Black Tea Concentrate, Made from Real Black Tea, 32oz Carton",1.0,5.4800,5.4800,5.48,5.4800,yes
2025-09-05,Walmart,"Heinz Sweet Relish, 12.7 oz Bottle",1.0,2.9700,2.9700,2.97,2.9700,yes
2025-09-05,Walmart,"Snack Factory Original Pretzel Crisps, Non-GMO, 14 oz Party Size Bag",1.0,5.3200,5.3200,5.32,5.3200,yes
2025-09-05,Walmart,"Honey Nut Cheerios, Heart Healthy Cereal, Affirmations Box, Mega Size, 27.2 oz",1.0,5.9700,5.9700,5.97,5.9700,yes
2025-09-05,Walmart,"Blue Diamond Almonds, Lightly Salted Low Sodium Snack Nuts For Gluten Free Snacking, 14 oz.",1.0,5.9800,5.9800,5.98,5.9800,yes
2025-09-05,Walmart,"Oikos Pro 23g Protein, Peach Cultured Dairy Drink Bottle, 7 fl oz",5.0,9.7,48.5,9.7,,no
2025-09-05,Walmart,"Pillsbury Grands! Southern Homestyle Buttermilk Biscuits, 2 Pack, 16 Biscuits, 32.6 oz",1.0,4.9600,4.9600,4.96,4.9600,yes
2025-09-05,Walmart,"Great Value Uncooked Original Breakfast Pork Sausage Links, 12 oz Package",1.0,2.9400,2.9400,2.94,2.9400,yes
2025-09-05,Walmart,"Oikos Pro Shots 10g Protein, Mixed Berry Cultured Dairy Drinks Bottles, 3.1 fl oz, 6 Count​",2.0,10.28,20.56,10.28,,no
2025-09-05,Walmart,Chobani 20G Protein Low-Fat Greek Yogurt Drink Strawberries & Cream 10 fl oz Bottle,4.0,9.88,39.52,9.88,,no
2025-09-05,Walmart,"Fresh Whole Celery Stalk, 1 Each Bag",1.0,2.12,2.12,2.12,,no
2025-09-05,Walmart,Alexia® Sweet Potato Fries Sweet & Savory with Sea Salt 20oz,1.0,5.4200,5.4200,5.42,5.4200,yes
2025-09-05,Walmart,"Great Value Yellow Mustard, 20 oz Squeeze Bottle",1.0,0.9800,0.9800,0.98,0.9800,yes
2025-09-05,Walmart,"Pepperidge Farm White Hot Dog Buns, Top Sliced, 8-Pack Bag",2.0,3.3700,6.7400,6.74,3.3700,yes
2025-09-05,Walmart,"Oscar Mayer Turkey Franks Hot Dogs, 16 oz, 10 ct Pack",1.0,3.9700,3.9700,3.97,3.9700,yes
2025-09-05,Walmart,"Nature's Own WhiteWheat Healthy White Bread, Sliced White Bread Loaf, 20 oz, Shelf-Stable",1.0,3.4200,3.4200,3.42,3.4200,yes
2025-09-05,Walmart,"Thomas' Plain Mini Bagels, 10 count, Kosher Mini Bagels, 15 oz Bag",1.0,4.8200,4.8200,4.82,4.8200,yes
2025-09-05,Walmart,"bubly Sparkling Water, The Super Mario Galaxy Movie Cherry, Zero Sugar & Zero Calories ,12 fl oz Cans (8 pack)​",1.0,4.1800,4.1800,4.18,4.1800,yes
2025-09-05,Walmart,"Great Value Jasmine Rice, 2 lb",1.0,3.2800,3.2800,3.28,3.2800,yes
2025-09-05,Walmart,"Great Value Black Beans, 15 oz",4.0,0.9200,3.6800,3.68,0.9200,yes
2025-09-05,Walmart,"BelGioioso Gluten-Free Asiago Specialty Cheese Wedge, 8 oz",1.0,5.4200,5.4200,5.42,5.4200,yes
2025-09-05,Walmart,"Lunchables Ham & Cheddar Value Pack, 1.9 oz Pack",4.0,1.0000,4.0000,4.0,1.0000,yes
2025-09-05,Walmart,"Aspercreme Max Strength Topical Numbing Pain Reliever for Nerve Pain Relief, 4% Lidocaine, Odor Free, 4.3 oz",1.0,7.4800,7.4800,7.48,7.4800,yes
2025-09-05,Walmart,"Snyder's of Hanover Pretzels, Braided Pretzel Twists Honey Wheat, 12 oz",1.0,3.6200,3.6200,3.62,3.6200,yes
2025-09-05,Walmart,"Sabra Classic Original Fresh Hummus Dip, Non-GMO, Gluten Free, Vegan Hummus Spread, 10 oz Tub",1.0,3.9700,3.9700,3.97,3.9700,yes
2025-09-05,Walmart,"Great Value Whole Vitamin D Milk, Gallon, 128 fl oz",1.0,2.3200,2.3200,2.32,2.3200,yes
2025-09-05,Walmart,"Great Value Colby & Monterey Jack Cheese Snack, 9 oz Bag, 12 Cheese Sticks",1.0,3.4600,3.4600,3.46,3.4600,yes
2025-09-05,Walmart,Cabot Creamery Cabot Whole Milk Plain Greek Yogurt 2 lb (Refrigerated  Tub),1.0,4.12,4.12,4.12,,no
2025-09-05,Walmart,"Oikos Pro 23g Protein, Vanilla Yogurt-Cultured Ultra-Filtered Milk Product Tub, 32 oz​",1.0,7.64,7.64,7.64,,no
2025-09-05,Walmart,"Stacy’s No Artificial Colors or Flavors Sea Salt Pita Chips Bag, 7.33 oz​",1.0,3.9800,3.9800,3.98,3.9800,yes
2025-09-08,Walmart,"TAZO Classic Chai Latte Black Tea Concentrate, Made from Real Black Tea, 32oz Carton",1.0,5.4800,5.4800,5.48,5.4800,yes
2025-09-08,Walmart,"Oikos Pro 23g Protein, Peach Cultured Dairy Drink Bottle, 7 fl oz",2.0,3.88,7.76,3.88,,no
2025-09-08,Walmart,"Great Value Oven Roasted Turkey Breast Lunchmeat, 16 oz, Plastic Tub, Refrigerated",1.0,5.3700,5.3700,5.37,5.3700,yes
2025-09-08,Walmart,"Great Value Original Whipped Cream Cheese Spread, 12 oz Tub",1.0,3.2600,3.2600,3.26,3.2600,yes
2025-09-08,Walmart,"Marketside Plain Goat Cheese, 4 oz",2.0,2.9700,5.9400,5.94,2.9700,yes
2025-09-08,Walmart,"Great Value Whole Vitamin D Milk, Gallon, 128 fl oz",1.0,2.3600,2.3600,2.36,2.3600,yes
2025-09-08,Walmart,"Great Value Large White Eggs, 36 Count",1.0,8.0000,8.0000,8.0,8.0000,yes
2025-09-11,Walmart,"Fresh Banana, Each",5.0,0.22200000000000003,1.11,0.22200000000000003,,no
2025-09-11,Walmart,"Swiffer Sweep + Mop, Wet Pads Refill, Floor Cleaner, Cleaning Cloths, Gain, 24 Count",1.0,9.9400,9.9400,9.94,9.9400,yes
2025-09-11,Walmart,"Stauffer's Original Animal Crackers, 24 oz Resealable Family Size Bear Jug, Low Fat Snack for Kids & Adults",1.0,6.4200,6.4200,6.42,6.4200,yes
2025-09-11,Walmart,"Plum Organics® Tots Mighty Builder Fruit & Veggie Blend Pear, White Bean, Blueberry, Date + Chia & Banana, White Bean, Strawberry + Chia 4oz Pouch-8-pack",1.0,10.8800,10.8800,10.88,10.8800,yes
2025-09-11,Walmart,"Great Value Large White Eggs, 18 Count",1.0,3.9700,3.9700,3.97,3.9700,yes
2025-09-11,Walmart,"bubly Sparkling Water, The Super Mario Galaxy Movie Lime, Zero Sugar & Zero Calories, 12 fl oz Cans (8 pack)​",1.0,4.2800,4.2800,4.28,4.2800,yes
2025-09-11,Walmart,"bubly Sparkling Water, The Super Mario Galaxy Movie Cherry, Zero Sugar & Zero Calories ,12 fl oz Cans (8 pack)​",1.0,4.2800,4.2800,4.28,4.2800,yes
2025-09-11,Walmart,"Lunchables Ham & Cheddar Value Pack, 1.9 oz Pack",4.0,1.0000,4.0000,4.0,1.0000,yes
2025-09-11,Walmart,"Method All-Purpose Cleaner, French Lavender, 28  fl oz",1.0,4.3800,4.3800,4.38,4.3800,yes
2025-09-11,Walmart,"Great Value Whole Vitamin D Milk, Gallon, 128 fl oz",1.0,2.3600,2.3600,2.36,2.3600,yes
2025-09-11,Walmart,"BelGioioso Gluten-Free Asiago Specialty Cheese Wedge, 8 oz",1.0,5.4200,5.4200,5.42,5.4200,yes
2025-09-11,Walmart,"Oikos Pro Shots 10g Protein, Mango Cultured Dairy Drinks Bottles, 3.1 fl oz, 6 Count​",1.0,5.14,5.14,5.14,,no
2025-09-11,Walmart,"Oikos Pro Shots 10g Protein, Mixed Berry Cultured Dairy Drinks Bottles, 3.1 fl oz, 6 Count​",1.0,5.14,5.14,5.14,,no
2025-09-11,Walmart,"Oikos Pro 23g Protein, Peach Cultured Dairy Drink Bottle, 7 fl oz",5.0,9.7,48.5,9.7,,no
2025-09-11,Walmart,"Fresh Glorys Cherry Tomatoes, 10 oz Package",1.0,3.2700,3.2700,3.27,3.2700,yes
2025-09-13,Walmart,"Heinz Tomato Ketchup, 32 oz Bottle",1.0,4.4700,4.4700,4.47,4.4700,yes
2025-09-13,Walmart,"Scott 1000 Toilet Paper, 12 Rolls, 1,000 Sheets per Roll",1.0,10.9700,10.9700,10.97,10.9700,yes
2025-09-13,Walmart,"Great Value Oven Roasted Turkey Breast Lunchmeat, 16 oz, Plastic Tub, Refrigerated",1.0,5.3700,5.3700,5.37,5.3700,yes
2025-09-13,Walmart,"Great Value Mild Cheddar Finely Shredded Cheese, 8 oz Bag",1.0,1.9700,1.9700,1.97,1.9700,yes
2025-09-13,Walmart,"Great Value Large White Eggs, 18 Count",1.0,3.9700,3.9700,3.97,3.9700,yes
2025-09-13,Walmart,"Pepperidge Farm White Hot Dog Buns, Top Sliced, 8-Pack Bag",2.0,3.3700,6.7400,6.74,3.3700,yes
2025-09-13,Walmart,"Jimmy Dean Premium Pork Regular Sausage Roll, 16 oz",1.0,4.6200,4.6200,4.62,4.6200,yes
2025-09-13,Walmart,"Oscar Mayer Turkey Franks Hot Dogs, 16 oz, 10 ct Pack",2.0,3.9700,7.9400,7.94,3.9700,yes
2025-09-13,Walmart,"Great Value Uncooked Original Breakfast Pork Sausage Links, 12 oz Package",1.0,2.9400,2.9400,2.94,2.9400,yes
2025-09-13,Walmart,"Bagel Bites Three Cheese Mini Pizza Bagel Frozen Snacks, 40 ct Box",1.0,9.9800,9.9800,9.98,9.9800,yes
2025-09-13,Walmart,"Thomas' Plain Mini Bagels, 10 count, Kosher Mini Bagels, 15 oz Bag",1.0,4.8200,4.8200,4.82,4.8200,yes
2025-09-13,Walmart,"Nature's Own WhiteWheat Healthy White Bread, Sliced White Bread Loaf, 20 oz, Shelf-Stable",2.0,3.4200,6.8400,6.84,3.4200,yes
2025-09-15,Walmart,"Great Value Whole Vitamin D Milk, Gallon, 128 fl oz",1.0,2.3600,2.3600,2.36,2.3600,yes
2025-09-15,Walmart,"Fresh Banana, Each",5.0,0.236,1.18,0.236,,no
2025-09-15,Walmart,"TAZO Classic Chai Latte Black Tea Concentrate, Made from Real Black Tea, 32oz Carton",1.0,5.4800,5.4800,5.48,5.4800,yes
2025-09-15,Walmart,"Great Value No Stir Creamy Natural Peanut Butter Spread, 40 oz",1.0,3.9800,3.9800,3.98,3.9800,yes
2025-09-15,Walmart,"Fritos Scoops! Corn Snacks, Party Size, 15.5 oz Bag",2.0,5.9400,11.8800,11.88,5.9400,yes
2025-09-15,Walmart,"Oikos Pro Shots 10g Protein, Mango Cultured Dairy Drinks Bottles, 3.1 fl oz, 6 Count​",1.0,5.14,5.14,5.14,,no
2025-09-15,Walmart,"Oikos Pro 23g Protein, Mango Pineapple Cultured Dairy Drink Bottle, 7 fl oz",2.0,3.88,7.76,3.88,,no
2025-09-15,Walmart,"Oikos Pro Shots 10g Protein, Mixed Berry Cultured Dairy Drinks Bottles, 3.1 fl oz, 6 Count​",1.0,5.14,5.14,5.14,,no
2025-09-15,Walmart,Chobani 20G Protein Low-Fat Greek Yogurt Drink Strawberries & Cream 10 fl oz Bottle,4.0,9.28,37.12,9.28,,no
2025-09-15,Walmart,"Great Value Fiesta Blend Finely Shredded Cheese, 8 oz Bag",1.0,1.9700,1.9700,1.97,1.9700,yes
2025-09-15,Walmart,"BelGioioso Gluten-Free Asiago Specialty Cheese Wedge, 8 oz",1.0,5.4200,5.4200,5.42,5.4200,yes
2025-09-15,Walmart,"Thomas' Plain Mini Bagels, 10 count, Kosher Mini Bagels, 15 oz Bag",1.0,4.8200,4.8200,4.82,4.8200,yes
2025-09-15,Walmart,"Great Value Whole Vitamin D Milk, Gallon, 128 fl oz",1.0,2.3600,2.3600,2.36,2.3600,yes
2025-09-15,Walmart,"Great Value Large White Eggs, 36 Count",1.0,8.0000,8.0000,8.0,8.0000,yes
2025-09-15,Walmart,"GoGo squeeZ No Sugar Added Apple Applesauce & Fruit Puree Pouches, 3.2 oz (16 Pack)",1.0,9.8600,9.8600,9.86,9.8600,yes
2025-09-15,Walmart,"Great Value Uncooked Original Breakfast Pork Sausage Links, 12 oz Package",1.0,2.9400,2.9400,2.94,2.9400,yes
2025-09-15,Walmart,"Thomas' Light Multi-Grain English Muffins, 6 count, 100 Calories English Muffins, 12 oz Tray",1.0,3.6700,3.6700,3.67,3.6700,yes
2025-09-15,Walmart,"Great Value Original Whipped Cream Cheese Spread, 12 oz Tub",1.0,2.6300,2.6300,2.63,2.6300,yes
2025-09-15,Walmart,"Perdue Harvestland, Fresh Ground Chicken, 92% Lean 8% Fat, 1 lb. Tray",2.0,3.8400,7.6800,7.68,3.8400,yes
2025-09-15,Walmart,"Great Value Mild Cheddar Finely Shredded Cheese, 8 oz Bag",1.0,1.9700,1.9700,1.97,1.9700,yes
2025-09-15,Walmart,"Great Value Golden Sweet Whole Kernel Corn, 15 oz",1.0,0.7600,0.7600,0.76,0.7600,yes
2025-09-15,Walmart,"Great Value Petite Diced Tomatoes in Tomato Juice, 14.5 oz",3.0,0.9600,2.8800,2.88,0.9600,yes
2025-09-15,Walmart,"Bush's Chili Beans, Canned Pinto Beans in Mild Chili Sauce, 27 oz Can",2.0,2.4200,4.8400,4.84,2.4200,yes
2025-09-15,Walmart,"Great Value Black Beans, 15 oz",3.0,0.9200,2.7600,2.76,0.9200,yes
2025-09-15,Walmart,"McCormick Chili Seasoning Mix, 1.25 oz Packet",2.0,1.5800,3.1600,3.16,1.5800,yes
2025-09-15,Walmart,Marketside Envy Apples 3 Lb Bag,1.0,7.4200,7.4200,7.42,7.4200,yes
2025-09-18,Walmart,"Fresh Banana, Each",4.0,0.22,0.88,0.22,,no
2025-09-18,Walmart,"Gatorade Sports Drinks, Grape,Strawberry and Berry Flavored Variety Pack, 12 fl oz, 18 Count Bottles",1.0,10.7800,10.7800,10.78,10.7800,yes
2025-09-18,Walmart,"Honey Nut Cheerios, Heart Healthy Cereal, Affirmations Box, Mega Size, 27.2 oz",1.0,5.9700,5.9700,5.97,5.9700,yes
2025-09-18,Walmart,"bubly Sparkling Water, The Super Mario Galaxy Movie Cherry, Zero Sugar & Zero Calories ,12 fl oz Cans (8 pack)​",1.0,4.2800,4.2800,4.28,4.2800,yes
2025-09-18,Walmart,"bubly Sparkling Water, The Super Mario Galaxy Movie Lime, Zero Sugar & Zero Calories, 12 fl oz Cans (8 pack)​",1.0,4.2800,4.2800,4.28,4.2800,yes
2025-09-18,Walmart,"Mission Super Soft Flour Tortillas, Soft Taco Size, 10 Count",1.0,2.7800,2.7800,2.78,2.7800,yes
2025-09-18,Walmart,"Sargento® Balanced Breaks® Monterey Jack & Mild Cheddar Cheese, WHEAT THINS® Minis",1.0,3.3400,3.3400,3.34,3.3400,yes
2025-09-18,Walmart,"GoGo squeeZ Active Energy No Sugar Added Strawberry Guava Fruit Blend Pouches, 3.9 oz (4 Pack)",1.0,3.9700,3.9700,3.97,3.9700,yes
2025-09-18,Walmart,"Marketside Plain Goat Cheese, 4 oz",2.0,2.9700,5.9400,5.94,2.9700,yes
2025-09-18,Walmart,"Great Value Whole Vitamin D Milk, Gallon, 128 fl oz",2.0,2.3600,4.7200,4.72,2.3600,yes
2025-09-18,Walmart,Marketside Envy Apples 3 Lb Bag,1.0,7.4200,7.4200,7.42,7.4200,yes
2025-09-19,Walmart,"All Natural Ground Chicken, 1 lb Tray",2.0,3.7200,7.4400,7.44,3.7200,yes
2025-09-19,Walmart,"Fritos Scoops! Corn Snacks, Party Size, 15.5 oz Bag",1.0,5.9400,5.9400,5.94,5.9400,yes
2025-09-19,Walmart,"Pace Chunky Medium Salsa, 64 oz Bottle",1.0,7.9300,7.9300,7.93,7.9300,yes
2025-09-19,Walmart,"Great Value Uncooked Original Breakfast Pork Sausage Links, 12 oz Package",1.0,2.9400,2.9400,2.94,2.9400,yes
2025-09-19,Walmart,"Great Value Mozzarella String Cheese Sticks, 12 oz Bag, 12 Count",1.0,3.2800,3.2800,3.28,3.2800,yes
2025-09-19,Walmart,"Nutella Hazelnut Spread with Cocoa, Creamy Hazelnut Spread, Breakfast Favorite, 13 oz Jar",1.0,4.9700,4.9700,4.97,4.9700,yes
2025-09-19,Walmart,"Great Value Original Whipped Cream Cheese Spread, 12 oz Tub",1.0,2.6300,2.6300,2.63,2.6300,yes
2025-09-19,Walmart,Chobani 20G Protein Low-Fat Greek Yogurt Drink Strawberries & Cream 10 fl oz Bottle,2.0,4.64,9.28,4.64,,no
2025-09-19,Walmart,"Oikos Pro Shots 10g Protein, Mango Cultured Dairy Drinks Bottles, 3.1 fl oz, 6 Count​",1.0,5.14,5.14,5.14,,no
2025-09-19,Walmart,"Oikos Pro Shots 10g Protein, Mixed Berry Cultured Dairy Drinks Bottles, 3.1 fl oz, 6 Count​",1.0,5.14,5.14,5.14,,no
2025-09-19,Walmart,"Oikos Pro 23g Protein, Mango Pineapple Cultured Dairy Drink Bottle, 7 fl oz",5.0,9.7,48.5,9.7,,no
2025-09-19,Walmart,"Great Value Original Sour Cream, 24 oz Tub",1.0,2.7400,2.7400,2.74,2.7400,yes
2025-09-19,Walmart,"McCormick Chili Seasoning Mix, 1.25 oz Packet",2.0,1.5800,3.1600,3.16,1.5800,yes
2025-09-19,Walmart,"Great Value Petite Diced Tomatoes in Tomato Juice, 14.5 oz",4.0,0.9600,3.8400,3.84,0.9600,yes
2025-09-19,Walmart,"Bush's Chili Beans, Canned Pinto Beans in Mild Chili Sauce, 27 oz Can",2.0,2.4200,4.8400,4.84,2.4200,yes
2025-09-19,Walmart,"Great Value Black Beans, 15 oz",2.0,0.9200,1.8400,1.84,0.9200,yes
2025-09-19,Walmart,"Great Value Golden Sweet Whole Kernel Corn, 15 oz",2.0,0.7600,1.5200,1.52,0.7600,yes
2025-09-19,Walmart,"Smithfield Naturally Hickory Smoked Lower Sodium Sliced Bacon, Gluten-Free, 16 oz",1.0,6.9700,6.9700,6.97,6.9700,yes
2025-09-19,Walmart,"Dawn Powerwash Spray Refill, Dish Soap, Dishwashing Liquid, Fresh, 1 Refill",1.0,3.9400,3.9400,3.94,3.9400,yes
2025-09-22,Walmart,"The Cheesecake Factory At Home Famous ""Brown Bread"" Sweet Wheat Sandwich Loaf, 18.7 oz, Kosher Rye Bread, Bag",1.0,4.2200,4.2200,4.22,4.2200,yes
2025-09-22,Walmart,"Classico Four Cheese Spaghetti Pasta Sauce Value Size, 44 oz Jar",1.0,5.9800,5.9800,5.98,5.9800,yes
2025-09-22,Walmart,"Marketside Plain Goat Cheese, 4 oz",1.0,2.9700,2.9700,2.97,2.9700,yes
2025-09-22,Walmart,"Thomas' Plain Mini Bagels, 10 count, Kosher Mini Bagels, 15 oz Bag",1.0,4.8200,4.8200,4.82,4.8200,yes
2025-09-22,Walmart,"Galbani Whole Milk Ricotta Cheese, 32 oz (Refrigerated)",1.0,5.3200,5.3200,5.32,5.3200,yes
2025-09-22,Walmart,"Great Value Jumbo Shell, 12 oz",1.0,1.8400,1.8400,1.84,1.8400,yes
2025-09-22,Walmart,"Morton Iodized Salt, 26 oz",1.0,1.6700,1.6700,1.67,1.6700,yes
2025-09-22,Walmart,"Great Value Large White Eggs, 36 Count",1.0,6.9600,6.9600,6.96,6.9600,yes
2025-09-22,Walmart,Marketside Envy Apples 3 Lb Bag,1.0,7.4200,7.4200,7.42,7.4200,yes
2025-09-22,Walmart,"Fresh Glorys Cherry Tomatoes, 10 oz Package",1.0,3.2700,3.2700,3.27,3.2700,yes
2025-09-24,Walmart,"TPH BY TARAJI Make it Rain Hydrating Deep Conditioner With Aloe Vera, Avocado Oil, & Moringa Oil For All Hair Types | Detangler For Curly, Coily & Wavy Hair | Color Safe & Sulfate Free, 12 oz.",1.0,11.8200,11.8200,11.82,11.8200,yes
2025-09-24,Walmart,"TPH BY TARAJI Hustle & Co Hydrating Co Wash Cleansing Hair Conditioner | Coily & Curly Hair | All Genders, 12 oz.",1.0,10.0000,10.0000,10.0,10.0000,yes
2025-09-24,Walmart,"Fresh Banana, Each",8.0,0.2175,1.74,0.2175,,no
2025-09-24,Walmart,"Honey Nut Cheerios, Heart Healthy Cereal, Affirmations Box, Mega Size, 27.2 oz",1.0,5.9700,5.9700,5.97,5.9700,yes
2025-09-24,Walmart,SunButter Original Sunflower Seed Butter 16 oz Jar,1.0,6.9800,6.9800,6.98,6.9800,yes
2025-09-24,Walmart,"Nature's Own WhiteWheat Healthy White Bread, Sliced White Bread Loaf, 20 oz, Shelf-Stable",1.0,3.4200,3.4200,3.42,3.4200,yes
2025-09-24,Walmart,"Thomas' Light Multi-Grain English Muffins, 6 count, 100 Calories English Muffins, 12 oz Tray",1.0,3.6700,3.6700,3.67,3.6700,yes
2025-09-24,Walmart,"bubly Sparkling Water, The Super Mario Galaxy Movie Lime, Zero Sugar & Zero Calories, 12 fl oz Cans (8 pack)​",1.0,4.2800,4.2800,4.28,4.2800,yes
2025-09-24,Walmart,"bubly Sparkling Water, The Super Mario Galaxy Movie Cherry, Zero Sugar & Zero Calories ,12 fl oz Cans (8 pack)​",1.0,4.2800,4.2800,4.28,4.2800,yes
2025-09-24,Walmart,"SheaMoisture Strengthening Scalp Oil & Hair Oil Rosemary & Vegan Collagen, 2 oz",1.0,9.9700,9.9700,9.97,9.9700,yes
2025-09-24,Walmart,"Great Value Oven Roasted Turkey Breast Lunchmeat, 16 oz, Plastic Tub, Refrigerated",2.0,5.3700,10.7400,10.74,5.3700,yes
2025-09-24,Walmart,"Planet Oat Oat Milk, Velvety & Smooth, Barista Lovers, 52 fl oz",1.0,3.3800,3.3800,3.38,3.3800,yes
2025-09-24,Walmart,"Great Value Whole Vitamin D Milk, Gallon, 128 fl oz",1.0,2.2800,2.2800,2.28,2.2800,yes
2025-09-24,Walmart,"Oikos Pro 23g Protein, Vanilla Yogurt-Cultured Ultra-Filtered Milk Product Tub, 32 oz​",1.0,7.64,7.64,7.64,,no
2025-09-24,Walmart,Cabot Creamery Cabot Whole Milk Plain Greek Yogurt 2 lb (Refrigerated  Tub),1.0,4.12,4.12,4.12,,no
2025-09-27,Walmart,"Fresh Cosmic Crisp Apples, 3 lb Bag",1.0,4.5700,4.5700,4.57,4.5700,yes
2025-09-27,Walmart,"Great Value Chili Seasoning Mix, 1.25 oz",1.0,0.7400,0.7400,0.74,0.7400,yes
2025-09-27,Walmart,"Great Value Medium Egg Noodles, 16 oz",1.0,1.6200,1.6200,1.62,1.6200,yes
2025-09-27,Walmart,"Fresh Banana, Each",5.0,0.23399999999999999,1.17,0.23399999999999999,,no
2025-09-27,Walmart,"Sweet Potatoes Whole Fresh, Each",4.0,0.7125,2.85,0.7125,,no
2025-09-27,Walmart,"PopCorners No Artificial Colors or Flavors White Cheddar Popped Corn Chips Bag, 7 oz",1.0,3.9800,3.9800,3.98,3.9800,yes
2025-09-27,Walmart,"Heinz Sweet Relish, 12.7 oz Bottle",1.0,2.9700,2.9700,2.97,2.9700,yes
2025-09-27,Walmart,"Blue Diamond Almonds, Lightly Salted Low Sodium Snack Nuts For Gluten Free Snacking, 14 oz.",1.0,5.9800,5.9800,5.98,5.9800,yes
2025-09-27,Walmart,"Tostitos Scoops! Tortilla Chips Multigrain, 10 oz Bag",2.0,4.4800,8.9600,8.96,4.4800,yes
2025-09-27,Walmart,"TAZO Classic Chai Latte Black Tea Concentrate, Made from Real Black Tea, 32oz Carton",1.0,5.4800,5.4800,5.48,5.4800,yes
2025-09-27,Walmart,"Great Value Original Whipped Cream Cheese Spread, 12 oz Tub",1.0,2.6300,2.6300,2.63,2.6300,yes
2025-09-27,Walmart,"Great Value Uncooked Original Breakfast Pork Sausage Links, 12 oz Package",2.0,2.4200,4.8400,4.84,2.4200,yes
2025-09-27,Walmart,"BelGioioso Gluten-Free Asiago Specialty Cheese Wedge, 8 oz",1.0,5.4200,5.4200,5.42,5.4200,yes
2025-09-27,Walmart,"Snyder's of Hanover Pretzels, Braided Pretzel Twists Honey Wheat, 12 oz",1.0,3.6200,3.6200,3.62,3.6200,yes
2025-09-27,Walmart,"PopCorners No Artificial Colors or Flavors Spicy Queso Popped Corn Chips Bag, 7 oz​",1.0,3.9800,3.9800,3.98,3.9800,yes
2025-09-27,Walmart,"PopCorners No Artificial Colors or Flavors Kettle Corn Popped Corn Chips Bag, 7 oz​",1.0,3.9800,3.9800,3.98,3.9800,yes
2025-09-27,Walmart,"Stauffer's Original Animal Snack Crackers, 32 oz Party Size Pillow Bag, Low Fat Snack for Kids & Adults",1.0,4.8700,4.8700,4.87,4.8700,yes
2025-09-27,Walmart,"Oikos Pro Shots 10g Protein, Mango Cultured Dairy Drinks Bottles, 3.1 fl oz, 6 Count​",1.0,5.14,5.14,5.14,,no
2025-09-27,Walmart,"Oikos Pro Shots 10g Protein, Mixed Berry Cultured Dairy Drinks Bottles, 3.1 fl oz, 6 Count​",1.0,5.14,5.14,5.14,,no
2025-09-27,Walmart,"The Cheesecake Factory At Home Famous ""Brown Bread"" Sweet Wheat Sandwich Loaf, 18.7 oz, Kosher Rye Bread, Bag",1.0,4.2200,4.2200,4.22,4.2200,yes
2025-09-27,Walmart,"King's Hawaiian Original Hawaiian Sweet Dinner Rolls 24 Count, 24 oz, Shelf-Stable",1.0,7.8800,7.8800,7.88,7.8800,yes
2025-09-27,Walmart,"Great Value Petite Diced Tomatoes in Tomato Juice, 14.5 oz",1.0,0.9600,0.9600,0.96,0.9600,yes
2025-09-27,Walmart,"Bush's Chili Beans, Canned Pinto Beans in Mild Chili Sauce, 27 oz Can",1.0,2.4200,2.4200,2.42,2.4200,yes
2025-09-27,Walmart,"Perdue Harvestland, Fresh Ground Chicken, 92% Lean 8% Fat, 1 lb. Tray",1.0,3.8400,3.8400,3.84,3.8400,yes
2025-09-27,Walmart,"Great Value Reduced Sodium Gluten-Free Chicken Broth, 32 oz Carton (Shelf-Stable)",2.0,1.5000,3.0000,3.0,1.5000,yes
2025-09-27,Walmart,"Sargento® Balanced Breaks® Monterey Jack & Mild Cheddar Cheese, WHEAT THINS® Minis",1.0,3.3400,3.3400,3.34,3.3400,yes
2025-09-27,Walmart,"Pepperidge Farm White Hot Dog Buns, Top Sliced, 8-Pack Bag",1.0,3.3700,3.3700,3.37,3.3700,yes
2025-09-27,Walmart,"Oscar Mayer Turkey Franks Hot Dogs, 16 oz, 10 ct Pack",1.0,3.9700,3.9700,3.97,3.9700,yes
2025-09-27,Walmart,"WHOLLY GUACAMOLE Classic Bowl Family Size, Hass Avocados, No preservatives added, 15 oz Tub",1.0,5.3300,5.3300,5.33,5.3300,yes
2025-09-27,Walmart,"Great Value Fiesta Blend Finely Shredded Cheese, 16 oz Bag",1.0,3.4800,3.4800,3.48,3.4800,yes
2025-09-27,Walmart,"Nature's Own WhiteWheat Healthy White Bread, Sliced White Bread Loaf, 20 oz, Shelf-Stable",1.0,3.4200,3.4200,3.42,3.4200,yes
2025-09-27,Walmart,"Green Bell Pepper, 1 each",1.0,0.78,0.78,0.78,,no
2025-09-27,Walmart,"Fresh Whole Celery Stalk, 1 Each Bag",1.0,1.97,1.97,1.97,,no
2025-09-27,Walmart,"Organic Fresh Whole Carrots, 2 lb Bag",1.0,2.6200,2.6200,2.62,2.6200,yes
2025-09-27,Walmart,"Great Value Golden Sweet Whole Kernel Corn, 15 oz",1.0,0.7600,0.7600,0.76,0.7600,yes
2025-09-27,Walmart,"Great Value Black Beans, 15 oz",1.0,0.9200,0.9200,0.92,0.9200,yes
2025-09-27,Walmart,"Oikos Pro 23g Protein, Mango Pineapple Cultured Dairy Drink Bottle, 7 fl oz",5.0,9.7,48.5,9.7,,no
2025-09-27,Walmart,"Chobani 20G Protein Low-Fat Greek Yogurt Drink, Strawberries and Cream 10 fl oz Bottle, 4 Pack",1.0,8.97,8.97,8.97,,no
2025-09-27,Walmart,"Thomas' Plain Mini Bagels, 10 count, Kosher Mini Bagels, 15 oz Bag",1.0,4.8200,4.8200,4.82,4.8200,yes
2025-09-27,Walmart,"GoGo squeeZ No Sugar Added Apple Apple Applesauce & Fruit Puree Pouches, 3.2 oz (24 Pack)",1.0,14.4700,14.4700,14.47,14.4700,yes
2025-09-27,Walmart,"Fresh Glorys Cherry Tomatoes, 10 oz Package",1.0,3.2700,3.2700,3.27,3.2700,yes
2025-09-27,Walmart,"Fresh Red Bell Pepper, 1 Each",1.0,1.48,1.48,1.48,,no
2025-09-27,Walmart,Mainstays – 4x6 Picture Frame – White Step Program Tabletop Photo Frame,4.0,1.7700,7.0800,7.08,1.7700,yes
2025-09-27,Walmart,Mainstays – 8x10 Picture Frame – White Step Program Tabletop Photo Frame,1.0,2.9300,2.9300,2.93,2.9300,yes
2025-09-30,Walmart,"Scott Paper Towels, Choose-A-Sheet, 6 Double Rolls",1.0,6.8400,6.8400,6.84,6.8400,yes
2025-09-30,Walmart,"Crystal Geyser Alpine Spring Water, 1 Gallon Plastic Jug",2.0,1.4300,2.8600,2.86,1.4300,yes
2025-09-30,Walmart,"Kerrygold Grass-Fed Pure Irish Salted Butter Sticks, 8 oz, 2 Sticks",1.0,5.2400,5.2400,5.24,5.2400,yes
2025-09-30,Walmart,"Great Value Oven Roasted Turkey Breast Lunchmeat, 16 oz, Plastic Tub, Refrigerated",1.0,5.3700,5.3700,5.37,5.3700,yes
2025-09-30,Walmart,"bubly Sparkling Water, The Super Mario Galaxy Movie Lime, Zero Sugar & Zero Calories, 12 fl oz Cans (8 pack)​",1.0,4.2800,4.2800,4.28,4.2800,yes
2025-09-30,Walmart,"bubly Sparkling Water, The Super Mario Galaxy Movie Cherry, Zero Sugar & Zero Calories ,12 fl oz Cans (8 pack)​",1.0,4.2800,4.2800,4.28,4.2800,yes
2025-09-30,Walmart,"Great Value Large White Eggs, 36 Count",1.0,6.9600,6.9600,6.96,6.9600,yes
2025-09-30,Walmart,"Marketside Plain Goat Cheese, 4 oz",2.0,2.9700,5.9400,5.94,2.9700,yes
2025-09-30,Walmart,"Cholula Kosher Green Pepper Hot Sauce, 5.0 fl oz Bottle",2.0,3.8200,7.6400,7.64,3.8200,yes
2025-09-30,Walmart,"Pen+Gear No. 1 Size Smooth Paper Clips, Silver, 100 Count",1.0,1.9700,1.9700,1.97,1.9700,yes
2025-09-30,Walmart,"Great Value Whole Vitamin D Milk, Gallon, 128 fl oz",1.0,2.2800,2.2800,2.28,2.2800,yes
2025-10-02,Walmart,"Fresh Banana, Each",10.0,0.157,1.57,0.157,,no
2025-10-02,Walmart,"Blue Diamond Almonds, Lightly Salted Low Sodium Snack Nuts For Gluten Free Snacking, 14 oz.",1.0,5.9800,5.9800,5.98,5.9800,yes
2025-10-02,Walmart,"Pepperidge Farm White Hot Dog Buns, Top Sliced, 8-Pack Bag",1.0,3.3700,3.3700,3.37,3.3700,yes
2025-10-02,Walmart,Chobani 20G Protein Low-Fat Greek Yogurt Drink Strawberries & Cream 10 fl oz Bottle,2.0,4.64,9.28,4.64,,no
2025-10-02,Walmart,"Oscar Mayer Turkey Franks Hot Dogs, 16 oz, 10 ct Pack",1.0,3.9700,3.9700,3.97,3.9700,yes
2025-10-02,Walmart,"Great Value Original Whipped Cream Cheese Spread, 12 oz Tub",1.0,2.6300,2.6300,2.63,2.6300,yes
2025-10-02,Walmart,"Great Value Oven Roasted Turkey Breast Lunchmeat, 16 oz, Plastic Tub, Refrigerated",1.0,5.3700,5.3700,5.37,5.3700,yes
2025-10-02,Walmart,"Great Value Fiesta Blend Finely Shredded Cheese, 16 oz Bag",1.0,3.4800,3.4800,3.48,3.4800,yes
2025-10-02,Walmart,"Thomas' Light Multi-Grain English Muffins, 6 count, 100 Calories English Muffins, 12 oz Tray",1.0,3.6700,3.6700,3.67,3.6700,yes
2025-10-02,Walmart,"Thomas' Plain Mini Bagels, 10 count, Kosher Mini Bagels, 15 oz Bag",1.0,4.8200,4.8200,4.82,4.8200,yes
2025-10-02,Walmart,"Nature's Own WhiteWheat Healthy White Bread, Sliced White Bread Loaf, 20 oz, Shelf-Stable",2.0,3.4200,6.8400,6.84,3.4200,yes
2025-10-07,Walmart,"Fresh Banana, Each",6.0,0.22999999999999998,1.38,0.22999999999999998,,no
2025-10-07,Walmart,"Crest Toothpaste, 3DWhite Advanced Whitening Toothpaste, Radiant Mint, 3.3 oz, 3 Pack",1.0,12.9700,12.9700,12.97,12.9700,yes
2025-10-07,Walmart,"Great Value Extra Creamy Dairy Whipped Topping, 13 oz",1.0,2.9700,2.9700,2.97,2.9700,yes
2025-10-07,Walmart,"Great Value Uncooked Original Breakfast Pork Sausage Links, 12 oz Package",1.0,2.4200,2.4200,2.42,2.4200,yes
2025-10-07,Walmart,"Marketside Plain Goat Cheese, 4 oz",1.0,2.9700,2.9700,2.97,2.9700,yes
2025-10-07,Walmart,"Thomas' Plain Mini Bagels, 10 count, Kosher Mini Bagels, 15 oz Bag",1.0,4.8200,4.8200,4.82,4.8200,yes
2025-10-07,Walmart,"Stauffer's Original Animal Snack Crackers, 32 oz Party Size Pillow Bag, Low Fat Snack for Kids & Adults",1.0,5.1800,5.1800,5.18,5.1800,yes
2025-10-07,Walmart,"bubly Sparkling Water, The Super Mario Galaxy Movie Lime, Zero Sugar & Zero Calories, 12 fl oz Cans (8 pack)​",1.0,4.2800,4.2800,4.28,4.2800,yes
2025-10-07,Walmart,"bubly Sparkling Water, The Super Mario Galaxy Movie Cherry, Zero Sugar & Zero Calories ,12 fl oz Cans (8 pack)​",1.0,4.2800,4.2800,4.28,4.2800,yes
2025-10-07,Walmart,M&M's Peanut Milk Chocolate Candy Sharing Size - 10.05 oz Bag,1.0,4.9200,4.9200,4.92,4.9200,yes
2025-10-07,Walmart,"Jimmy Dean Fully Cooked Original Pork Sausage Links, 9.6 oz, 12 Count",1.0,5.4700,5.4700,5.47,5.4700,yes
2025-10-07,Walmart,Cabot Creamery Cabot Whole Milk Plain Greek Yogurt 2 lb (Refrigerated  Tub),1.0,4.12,4.12,4.12,,no
2025-10-07,Walmart,"Oikos Pro Shots 10g Protein, Mango Cultured Dairy Drinks Bottles, 3.1 fl oz, 6 Count​",1.0,5.14,5.14,5.14,,no
2025-10-07,Walmart,"Oikos Pro 23g Protein, Peach Cultured Dairy Drink Bottle, 7 fl oz",3.0,5.82,17.46,5.82,,no
2025-10-07,Walmart,Chobani 20G Protein Low-Fat Greek Yogurt Drink Strawberries & Cream 10 fl oz Bottle,6.0,13.92,83.52,13.92,,no
2025-10-07,Walmart,"Great Value Colby & Monterey Jack Cheese Snack, 9 oz Bag, 12 Cheese Sticks",1.0,2.5600,2.5600,2.56,2.5600,yes
2025-10-07,Walmart,"Sargento® Balanced Breaks® Monterey Jack & Mild Cheddar Cheese, WHEAT THINS® Minis",1.0,3.3400,3.3400,3.34,3.3400,yes
2025-10-07,Walmart,"BelGioioso Gluten-Free Asiago Specialty Cheese Wedge, 8 oz",1.0,5.4200,5.4200,5.42,5.4200,yes
2025-10-07,Walmart,Marketside Envy Apples 3 Lb Bag,1.0,7.4200,7.4200,7.42,7.4200,yes
2025-10-07,Walmart,"Fresh Glorys Cherry Tomatoes, 10 oz Package",1.0,3.2700,3.2700,3.27,3.2700,yes
2025-10-07,Walmart,"Great Value Low-Moisture Part-Skim Mozzarella String Cheese Snack, 12 oz, 12 Count",1.0,3.2800,3.2800,3.28,3.2800,yes
2025-10-11,Walmart,"Great Value Smoked Turkey Breast Lunchmeat, 16 oz, Plastic Tub, Refrigerated",1.0,5.3700,5.3700,5.37,5.3700,yes
2025-10-11,Walmart,"Heinz Tomato Ketchup, 32 oz Bottle",1.0,4.4700,4.4700,4.47,4.4700,yes
2025-10-11,Walmart,"Thomas' Light Multi-Grain English Muffins, 6 count, 100 Calories English Muffins, 12 oz Tray",2.0,3.6700,7.3400,7.34,3.6700,yes
2025-10-11,Walmart,"bubly Sparkling Water, The Super Mario Galaxy Movie Lime, Zero Sugar & Zero Calories, 12 fl oz Cans (8 pack)​",1.0,4.2800,4.2800,4.28,4.2800,yes
2025-10-11,Walmart,"Great Value Whole Vitamin D Milk, Gallon, 128 fl oz",1.0,2.3200,2.3200,2.32,2.3200,yes
2025-10-11,Walmart,"DiGiorno Stuffed Crust Cheese, Veggie, and Meat Supreme Pizza, 26.4 oz (Frozen)",1.0,8.4700,8.4700,8.47,8.4700,yes
2025-10-11,Walmart,"Great Value Large White Eggs, 18 Count",1.0,3.4600,3.4600,3.46,3.4600,yes
2025-10-11,Walmart,"DiGiorno Classic Crust Cheese Pizza, 19.1 oz (Frozen)",2.0,4.6700,9.3400,9.34,4.6700,yes
2025-10-14,Walmart,"TPH BY TARAJI Hustle & Co Hydrating Co Wash Cleansing Hair Conditioner | Coily & Curly Hair | All Genders, 12 oz.",2.0,10.0000,20.0000,20.0,10.0000,yes
2025-10-14,Walmart,"Great Value Uncooked Original Breakfast Pork Sausage Links, 12 oz Package",2.0,2.4200,4.8400,4.84,2.4200,yes
2025-10-14,Walmart,"Fresh Whole Yellow Onion, Each",1.0,0.99,0.99,0.99,,no
2025-10-14,Walmart,"Fresh Banana, Each",4.0,0.2075,0.83,0.2075,,no
2025-10-14,Walmart,"Great Value No Stir Creamy Natural Peanut Butter Spread, 40 oz",1.0,3.9800,3.9800,3.98,3.9800,yes
2025-10-14,Walmart,"Blue Diamond Almonds, Lightly Salted Snack Almonds perfect for lunches and on-the-go, 25 oz.",1.0,9.9800,9.9800,9.98,9.9800,yes
2025-10-14,Walmart,"Hellmann's Real Mayonnaise Rich Creamy Condiment Gluten Free, 20 oz Squeeze Bottle",1.0,5.9800,5.9800,5.98,5.9800,yes
2025-10-14,Walmart,"Fritos Scoops! Corn Snacks, Party Size, 15.5 oz Bag",2.0,5.9400,11.8800,11.88,5.9400,yes
2025-10-14,Walmart,"Great Value Original Whipped Cream Cheese Spread, 12 oz Tub",1.0,2.9200,2.9200,2.92,2.9200,yes
2025-10-14,Walmart,"bubly Sparkling Water, The Super Mario Galaxy Movie Cherry, Zero Sugar & Zero Calories ,12 fl oz Cans (8 pack)​",1.0,4.2800,4.2800,4.28,4.2800,yes
2025-10-14,Walmart,"Marketside Plain Goat Cheese, 4 oz",2.0,2.9700,5.9400,5.94,2.9700,yes
2025-10-14,Walmart,"DiGiorno Stuffed Crust Cheese, Veggie, and Meat Supreme Pizza, 26.4 oz (Frozen)",1.0,8.4700,8.4700,8.47,8.4700,yes
2025-10-14,Walmart,"Great Value Large White Eggs, 18 Count",1.0,3.4600,3.4600,3.46,3.4600,yes
2025-10-14,Walmart,"Pillsbury Grands! Southern Homestyle Buttermilk Biscuits, 2 Pack, 16 Biscuits, 32.6 oz",1.0,4.4600,4.4600,4.46,4.4600,yes
2025-10-14,Walmart,"Jimmy Dean Premium Pork Regular Sausage Roll, 16 oz",1.0,4.9700,4.9700,4.97,4.9700,yes
2025-10-14,Walmart,"Great Value Cut Green Beans, 14.5 oz Can",2.0,0.5000,1.0000,1.0,0.5000,yes
2025-10-14,Walmart,"Kerrygold Grass-Fed Pure Irish Salted Butter Sticks, 8 oz, 2 Sticks",1.0,5.2400,5.2400,5.24,5.2400,yes
2025-10-14,Walmart,"The Cheesecake Factory At Home Famous ""Brown Bread"" Wheat Dinner Rolls",1.0,3.9800,3.9800,3.98,3.9800,yes
2025-10-14,Walmart,"Classico Tomato & Basil Pasta Sauce, 24 oz Jar",1.0,2.9800,2.9800,2.98,2.9800,yes
2025-10-14,Walmart,"Barilla Classic Whole Grain Pasta, Thin Spaghetti Noodles, 16 oz",1.0,1.8400,1.8400,1.84,1.8400,yes
2025-10-14,Walmart,"BelGioioso Gluten-Free Asiago Specialty Cheese Wedge, 8 oz",1.0,5.4200,5.4200,5.42,5.4200,yes
2025-10-14,Walmart,"Thomas' Plain Mini Bagels, 10 count, Kosher Mini Bagels, 15 oz Bag",1.0,4.8200,4.8200,4.82,4.8200,yes
2025-10-14,Walmart,"GoGo squeeZ No Sugar Added Apple Apple Applesauce & Fruit Puree Pouches, 3.2 oz (24 Pack)",1.0,14.4700,14.4700,14.47,14.4700,yes
2025-10-14,Walmart,"Pepperidge Farm White Hot Dog Buns, Top Sliced, 8-Pack Bag",2.0,3.3700,6.7400,6.74,3.3700,yes
2025-10-14,Walmart,"Oscar Mayer Turkey Franks Hot Dogs, 16 oz, 10 ct Pack",1.0,3.9700,3.9700,3.97,3.9700,yes
2025-10-14,Walmart,"Great Value Oven Roasted Turkey Breast Lunchmeat, 16 oz, Plastic Tub, Refrigerated",1.0,5.3700,5.3700,5.37,5.3700,yes
2025-10-14,Walmart,"Nature's Own WhiteWheat Healthy White Bread, Sliced White Bread Loaf, 20 oz, Shelf-Stable",1.0,3.4200,3.4200,3.42,3.4200,yes
2025-10-14,Walmart,"McCormick Chili Seasoning Mix, 1.25 oz Packet",1.0,1.5800,1.5800,1.58,1.5800,yes
2025-10-14,Walmart,"Bush's Chili Beans, Canned Pinto Beans in Mild Chili Sauce, 27 oz Can",1.0,2.4200,2.4200,2.42,2.4200,yes
2025-10-14,Walmart,"Great Value Golden Sweet Whole Kernel Corn, 15 oz",1.0,0.5000,0.5000,0.5,0.5000,yes
2025-10-14,Walmart,"Great Value Black Beans, 15 oz",2.0,0.9200,1.8400,1.84,0.9200,yes
2025-10-14,Walmart,"Perdue Harvestland, Fresh Ground Chicken, 92% Lean 8% Fat, 1 lb. Tray",2.0,3.8400,7.6800,7.68,3.8400,yes
2025-10-14,Walmart,"Oikos Pro 23g Protein, Mango Pineapple Cultured Dairy Drink Bottle, 7 fl oz",3.0,5.82,17.46,5.82,,no
2025-10-14,Walmart,"Oikos Pro Shots 10g Protein, Mango Cultured Dairy Drinks Bottles, 3.1 fl oz, 6 Count​",1.0,5.14,5.14,5.14,,no
2025-10-14,Walmart,"Oikos Pro Shots 10g Protein, Mixed Berry Cultured Dairy Drinks Bottles, 3.1 fl oz, 6 Count​",1.0,5.14,5.14,5.14,,no
2025-10-14,Walmart,"Great Value Colby & Monterey Jack Cheese Snack, 9 oz Bag, 12 Cheese Sticks",1.0,2.5600,2.5600,2.56,2.5600,yes
2025-10-14,Walmart,"Great Value Whole Vitamin D Milk, Gallon, 128 fl oz",2.0,2.2200,4.4400,4.44,2.2200,yes
2025-10-14,Walmart,"Fresh Whole Brown Mushrooms, 8 oz",1.0,2.2700,2.2700,2.27,2.2700,yes
2025-10-14,Walmart,Marketside Envy Apples 3 Lb Bag,1.0,7.4200,7.4200,7.42,7.4200,yes
2025-10-14,Walmart,"DiGiorno Classic Crust Cheese Pizza, 19.1 oz (Frozen)",2.0,4.6700,9.3400,9.34,4.6700,yes
2025-10-19,Walmart,"Nutella Hazelnut Spread with Cocoa, Creamy Hazelnut Spread, Breakfast Favorite, 33.5 oz Jar",1.0,11.4800,11.4800,11.48,11.4800,yes
2025-10-19,Walmart,"Snyder's of Hanover Pretzels, Braided Pretzel Twists Honey Wheat, 12 oz",1.0,3.6200,3.6200,3.62,3.6200,yes
2025-10-19,Walmart,"Fresh Whole Green Broccoli Crowns, 1 Each",2.0,2.0,4.0,2.0,,no
2025-10-19,Walmart,"Fresh Banana, Each",4.0,0.1725,0.69,0.1725,,no
2025-10-19,Walmart,"Fritos® Scoops!® Corn Chips, 9.25 oz. Bag",1.0,4.4800,4.4800,4.48,4.4800,yes
2025-10-19,Walmart,"Swiffer Sweep + Mop Heavy Duty Wet Refills, Multi-Surface Floor Cleaner, Unstopables Fresh, 20 Count",2.0,8.9400,17.8800,17.88,8.9400,yes
2025-10-19,Walmart,"All Natural Ground Chicken, 1 lb Tray",1.0,3.7200,3.7200,3.72,3.7200,yes
2025-10-19,Walmart,"McCormick Chili Seasoning Mix, 1.25 oz Packet",1.0,1.5800,1.5800,1.58,1.5800,yes
2025-10-19,Walmart,"Thomas' Light Multi-Grain English Muffins, 6 count, 100 Calories English Muffins, 12 oz Tray",1.0,3.6700,3.6700,3.67,3.6700,yes
2025-10-19,Walmart,"Great Value Original Whipped Cream Cheese Spread, 12 oz Tub",1.0,2.9200,2.9200,2.92,2.9200,yes
2025-10-19,Walmart,"Great Value Uncooked Original Breakfast Pork Sausage Links, 12 oz Package",2.0,2.4200,4.8400,4.84,2.4200,yes
2025-10-19,Walmart,"Great Value Fiesta Blend Finely Shredded Cheese, 8 oz Bag",1.0,1.9700,1.9700,1.97,1.9700,yes
2025-10-19,Walmart,"Great Value Colby & Monterey Jack Cheese Snack, 9 oz Bag, 12 Cheese Sticks",1.0,2.5600,2.5600,2.56,2.5600,yes
2025-10-19,Walmart,"bubly Sparkling Water, The Super Mario Galaxy Movie Cherry, Zero Sugar & Zero Calories ,12 fl oz Cans (8 pack)​",1.0,4.2800,4.2800,4.28,4.2800,yes
2025-10-19,Walmart,"bubly Sparkling Water, The Super Mario Galaxy Movie Lime, Zero Sugar & Zero Calories, 12 fl oz Cans (8 pack)​",1.0,4.2800,4.2800,4.28,4.2800,yes
2025-10-19,Walmart,"WHOLLY GUACAMOLE Classic Bowl Family Size, Hass Avocados, No preservatives added, 15 oz Tub",1.0,5.3300,5.3300,5.33,5.3300,yes
2025-10-19,Walmart,"Gordo's Original Queso Cheese Dip, 16 oz, Refrigerated Dip",1.0,4.9800,4.9800,4.98,4.9800,yes
2025-10-19,Walmart,"Great Value Original Sour Cream, 24 oz Tub",1.0,2.7400,2.7400,2.74,2.7400,yes
2025-10-19,Walmart,"Great Value Golden Sweet Whole Kernel Corn, 15 oz",2.0,0.5000,1.0000,1.0,0.5000,yes
2025-10-19,Walmart,"Great Value Petite Diced Tomatoes in Tomato Juice, 14.5 oz",1.0,0.9600,0.9600,0.96,0.9600,yes
2025-10-19,Walmart,"Great Value Black Beans, 15 oz",2.0,0.9200,1.8400,1.84,0.9200,yes
2025-10-19,Walmart,"Bush's Chili Beans, Canned Pinto Beans in Mild Chili Sauce, 27 oz Can",1.0,2.4200,2.4200,2.42,2.4200,yes
2025-10-19,Walmart,"Planet Oat Oat Milk, Velvety & Smooth, Barista Lovers, 52 fl oz",1.0,3.3800,3.3800,3.38,3.3800,yes
2025-10-19,Walmart,"Great Value Whole Vitamin D Milk, Gallon, 128 fl oz",1.0,2.2200,2.2200,2.22,2.2200,yes
2025-10-19,Walmart,"Chobani 20G Protein Low-Fat Greek Yogurt Drink, Strawberries and Cream 10 fl oz Bottle, 4 Pack",1.0,8.97,8.97,8.97,,no
2025-10-19,Walmart,"Oikos Pro Shots 10g Protein, Mango Cultured Dairy Drinks Bottles, 3.1 fl oz, 6 Count​",1.0,5.14,5.14,5.14,,no
2025-10-19,Walmart,"Oikos Pro Shots 10g Protein, Mixed Berry Cultured Dairy Drinks Bottles, 3.1 fl oz, 6 Count​",1.0,5.14,5.14,5.14,,no
2025-10-19,Walmart,"Oikos Pro 23g Protein, Mango Pineapple Cultured Dairy Drink Bottle, 7 fl oz",3.0,5.82,17.46,5.82,,no
2025-10-19,Walmart,"Great Value Oven Roasted Turkey Breast Lunchmeat, 16 oz, Plastic Tub, Refrigerated",1.0,5.3700,5.3700,5.37,5.3700,yes
2025-10-19,Walmart,"Green Bell Pepper, 1 each",1.0,0.78,0.78,0.78,,no
2025-10-19,Walmart,"Thomas' Plain Mini Bagels, 10 count, Kosher Mini Bagels, 15 oz Bag",1.0,4.8200,4.8200,4.82,4.8200,yes
2025-10-19,Walmart,"Nature's Own WhiteWheat Healthy White Bread, Sliced White Bread Loaf, 20 oz, Shelf-Stable",2.0,3.4200,6.8400,6.84,3.4200,yes
2025-10-19,Walmart,"RITZ Whole Wheat Crackers, Snacks for Kids and Adults, Lunch Snacks, 12.9 oz",1.0,3.9700,3.9700,3.97,3.9700,yes
2025-10-19,Walmart,"Great Value Sharp Cheddar Finely Shredded Cheese, 8 oz Bag",1.0,1.9700,1.9700,1.97,1.9700,yes
2025-10-19,Walmart,"Great Value Frozen Broccoli Florets Steamable Bag, 12 oz",1.0,1.1600,1.1600,1.16,1.1600,yes
2025-10-19,Walmart,"The Cheesecake Factory At Home Famous ""Brown Bread"" Wheat Dinner Rolls",1.0,3.9800,3.9800,3.98,3.9800,yes
2025-10-19,Walmart,"Great Value Wide Egg Noodles, 16 oz",1.0,1.6200,1.6200,1.62,1.6200,yes
2025-10-19,Walmart,"Garlic Bulb Fresh Whole, Each",1.0,0.72,0.72,0.72,,no
2025-10-19,Walmart,"Fresh Red Bell Pepper, 1 Each",1.0,1.48,1.48,1.48,,no
2025-10-19,Walmart,"Fresh Glorys Cherry Tomatoes, 10 oz Package",2.0,3.2700,6.5400,6.54,3.2700,yes
2025-10-19,Walmart,"Perdue Harvestland, Free Range, Fresh Chicken Breast Tenderloin Pieces, 0.8-1.7lb. Tray",1.0,5.7800,5.7800,5.78,5.7800,yes
2025-10-19,Walmart,"Fresh Whole Brown Mushrooms, 8 oz",2.0,2.2700,4.5400,4.54,2.2700,yes
2025-10-19,Walmart,Marketside Envy Apples 3 Lb Bag,1.0,7.4200,7.4200,7.42,7.4200,yes
2025-10-26,Walmart,"Sweet Potatoes Whole Fresh, Each",5.0,0.58,2.9,0.58,,no
2025-10-26,Walmart,"Fresh Whole Yellow Onion, Each",1.0,1.23,1.23,1.23,,no
2025-10-26,Walmart,"Fresh Banana, Each",6.0,0.18333333333333335,1.1,0.18333333333333335,,no
2025-10-26,Walmart,"Pace Chunky Medium Salsa, 64 oz Bottle",1.0,7.9300,7.9300,7.93,7.9300,yes
2025-10-26,Walmart,"Heinz Sweet Relish, 26 oz Bottle",1.0,4.6400,4.6400,4.64,4.6400,yes
2025-10-26,Walmart,"McCormick 30% Less Sodium Taco Seasoning Mix, 1.0 oz Packet",1.0,0.9700,0.9700,0.97,0.9700,yes
2025-10-26,Walmart,"Tostitos Scoops! Tortilla Chips Multigrain, 10 oz Bag",2.0,4.4800,8.9600,8.96,4.4800,yes
2025-10-26,Walmart,"Blue Diamond Almonds, Lightly Salted Snack Almonds perfect for lunches and on-the-go, 25 oz.",1.0,11.4800,11.4800,11.48,11.4800,yes
2025-10-26,Walmart,"King's Hawaiian Original Hawaiian Sweet Dinner Rolls 24 Count, 24 oz, Shelf-Stable",1.0,7.8800,7.8800,7.88,7.8800,yes
2025-10-26,Walmart,"Pepperidge Farm White Hot Dog Buns, Top Sliced, 8-Pack Bag",1.0,3.3700,3.3700,3.37,3.3700,yes
2025-10-26,Walmart,"Starry Lemon Lime Soda Pop, 7.5 fl oz, 10 Pack Mini Cans",1.0,5.9800,5.9800,5.98,5.9800,yes
2025-10-26,Walmart,"Stauffer's Original Animal Snack Crackers, 32 oz Party Size Pillow Bag, Low Fat Snack for Kids & Adults",1.0,5.1800,5.1800,5.18,5.1800,yes
2025-10-26,Walmart,"Snyder's of Hanover Pretzels, Braided Pretzel Twists Honey Wheat, 12 oz",1.0,3.6200,3.6200,3.62,3.6200,yes
2025-10-26,Walmart,"Great Value Soup & Oyster Crackers, 9 oz",1.0,1.4700,1.4700,1.47,1.4700,yes
2025-10-26,Walmart,"Pacific Foods Organic Creamy Tomato Soup, 32 oz Carton",1.0,4.1200,4.1200,4.12,4.1200,yes
2025-10-26,Walmart,"""JIFFY"" Corn Muffin Mix, 8.5 oz Box",2.0,0.5000,1.0000,1.0,0.5000,yes
2025-10-26,Walmart,"McCormick Chili Seasoning Mix, 1.25 oz Packet",2.0,1.5800,3.1600,3.16,1.5800,yes
2025-10-26,Walmart,"Bush's Chili Beans, Canned Pinto Beans in Mild Chili Sauce, 27 oz Can",2.0,2.4200,4.8400,4.84,2.4200,yes
2025-10-26,Walmart,"Great Value Petite Diced Tomatoes in Tomato Juice, 14.5 oz",4.0,0.9600,3.8400,3.84,0.9600,yes
2025-10-26,Walmart,"Great Value Cut Green Beans, 14.5 oz Can",2.0,0.5000,1.0000,1.0,0.5000,yes
2025-10-26,Walmart,"Classico Tomato & Basil Pasta Sauce, 24 oz Jar",1.0,2.9800,2.9800,2.98,2.9800,yes
2025-10-26,Walmart,"Barilla Classic Whole Grain Pasta, Thin Spaghetti Noodles, 16 oz",1.0,1.8400,1.8400,1.84,1.8400,yes
2025-10-26,Walmart,"WHOLLY GUACAMOLE Classic Bowl Family Size, Hass Avocados, No preservatives added, 15 oz Tub",1.0,5.3300,5.3300,5.33,5.3300,yes
2025-10-26,Walmart,"Great Value Fiesta Blend Finely Shredded Cheese, 16 oz Bag",1.0,3.4800,3.4800,3.48,3.4800,yes
2025-10-26,Walmart,"Perdue Harvestland, Fresh Ground Chicken, 92% Lean 8% Fat, 1 lb. Tray",3.0,3.8400,11.5200,11.52,3.8400,yes
2025-10-26,Walmart,"Great Value Golden Sweet Whole Kernel Corn, 15 oz",3.0,0.5000,1.5000,1.5,0.5000,yes
2025-10-26,Walmart,"Great Value Black Beans, 15 oz",3.0,0.9200,2.7600,2.76,0.9200,yes
2025-10-26,Walmart,"bubly Sparkling Water, The Super Mario Galaxy Movie Lime, Zero Sugar & Zero Calories, 12 fl oz Cans (8 pack)​",1.0,4.2800,4.2800,4.28,4.2800,yes
2025-10-26,Walmart,"bubly Sparkling Water, The Super Mario Galaxy Movie Cherry, Zero Sugar & Zero Calories ,12 fl oz Cans (8 pack)​",1.0,4.2800,4.2800,4.28,4.2800,yes
2025-10-26,Walmart,"BelGioioso Gluten-Free Asiago Specialty Cheese Wedge, 8 oz",1.0,5.4200,5.4200,5.42,5.4200,yes
2025-10-26,Walmart,"Kerrygold Grass-Fed Pure Irish Salted Butter Sticks, 8 oz, 2 Sticks",2.0,5.2400,10.4800,10.48,5.2400,yes
2025-10-26,Walmart,"Oscar Mayer Turkey Franks Hot Dogs, 16 oz, 10 ct Pack",1.0,3.9700,3.9700,3.97,3.9700,yes
2025-10-26,Walmart,"Green Bell Pepper, 1 each",1.0,0.82,0.82,0.82,,no
2025-10-26,Walmart,"Great Value Oven Roasted Turkey Breast Lunchmeat, 16 oz, Plastic Tub, Refrigerated",1.0,5.3700,5.3700,5.37,5.3700,yes
2025-10-26,Walmart,"Chobani 20G Protein Low-Fat Greek Yogurt Drink, Strawberries and Cream 10 fl oz Bottle, 4 Pack",1.0,8.97,8.97,8.97,,no
2025-10-26,Walmart,"Oikos Pro Shots 10g Protein, Mango Cultured Dairy Drinks Bottles, 3.1 fl oz, 6 Count​",1.0,5.14,5.14,5.14,,no
2025-10-26,Walmart,"Oikos Pro Shots 10g Protein, Mixed Berry Cultured Dairy Drinks Bottles, 3.1 fl oz, 6 Count​",1.0,5.14,5.14,5.14,,no
2025-10-26,Walmart,"Oikos Pro 23g Protein, Mango Pineapple Cultured Dairy Drink Bottle, 7 fl oz",4.0,7.76,31.04,7.76,,no
2025-10-26,Walmart,"Great Value Uncooked Original Breakfast Pork Sausage Links, 12 oz Package",2.0,2.4200,4.8400,4.84,2.4200,yes
2025-10-26,Walmart,"Marketside Plain Goat Cheese, 4 oz",2.0,2.9700,5.9400,5.94,2.9700,yes
2025-10-26,Walmart,"Great Value Large White Eggs, 36 Count",1.0,5.8200,5.8200,5.82,5.8200,yes
2025-10-26,Walmart,"Great Value Original Whipped Cream Cheese Spread, 12 oz Tub",2.0,2.9200,5.8400,5.84,2.9200,yes
2025-10-26,Walmart,"Thomas' Plain Mini Bagels, 10 count, Kosher Mini Bagels, 15 oz Bag",2.0,4.8200,9.6400,9.64,4.8200,yes
2025-10-26,Walmart,"Nature's Own WhiteWheat Healthy White Bread, Sliced White Bread Loaf, 20 oz, Shelf-Stable",2.0,3.4200,6.8400,6.84,3.4200,yes
2025-10-26,Walmart,"Fresh Glorys Cherry Tomatoes, 10 oz Package",1.0,3.2700,3.2700,3.27,3.2700,yes
2025-10-26,Walmart,"Fritos Regular Corn Chips, 9.25 oz Single Bag",2.0,4.4800,8.9600,8.96,4.4800,yes
2025-10-26,Walmart,"Fresh Red Bell Pepper, 1 Each",1.0,1.48,1.48,1.48,,no
2025-10-26,Walmart,"Fresh Whole Brown Mushrooms, 8 oz",1.0,2.2700,2.2700,2.27,2.2700,yes
2025-10-26,Walmart,"Marketside Fresh Shredded Iceberg Lettuce, 16 oz Bag",1.0,3.9700,3.9700,3.97,3.9700,yes
2025-10-26,Walmart,Marketside Envy Apples 3 Lb Bag,1.0,7.4200,7.4200,7.42,7.4200,yes
2025-11-02,Walmart,"Nature's Own WhiteWheat Healthy White Bread, Sliced White Bread Loaf, 20 oz, Shelf-Stable",1.0,3.4200,3.4200,3.42,3.4200,yes
2025-11-02,Walmart,"Oikos Pro 23g Protein, Peach Cultured Dairy Drink Bottle, 7 fl oz",4.0,7.76,31.04,7.76,,no
2025-11-02,Walmart,SunButter Original Sunflower Seed Butter 16 oz Jar,1.0,6.9800,6.9800,6.98,6.9800,yes
2025-11-02,Walmart,"Great Value Petite Diced Tomatoes in Tomato Juice, 14.5 oz",1.0,0.9600,0.9600,0.96,0.9600,yes
2025-11-02,Walmart,"Bush's Chili Beans, Canned Pinto Beans in Mild Chili Sauce, 16 oz Can",1.0,1.8200,1.8200,1.82,1.8200,yes
2025-11-02,Walmart,"McCormick Chili Seasoning Mix, 1.25 oz Packet",1.0,1.5800,1.5800,1.58,1.5800,yes
2025-11-02,Walmart,"Perdue Harvestland, Fresh Ground Chicken, 92% Lean 8% Fat, 1 lb. Tray",1.0,3.8400,3.8400,3.84,3.8400,yes
2025-11-02,Walmart,"Pacific Foods Organic Creamy Tomato Soup, 32 oz Carton",1.0,4.1200,4.1200,4.12,4.1200,yes
2025-11-02,Walmart,"Great Value Sharp Cheddar Finely Shredded Cheese, 16 oz Bag",1.0,3.4800,3.4800,3.48,3.4800,yes
2025-11-02,Walmart,"bubly Sparkling Water, The Super Mario Galaxy Movie Cherry, Zero Sugar & Zero Calories ,12 fl oz Cans (8 pack)​",1.0,4.2800,4.2800,4.28,4.2800,yes
2025-11-02,Walmart,"bubly Sparkling Water, The Super Mario Galaxy Movie Lime, Zero Sugar & Zero Calories, 12 fl oz Cans (8 pack)​",1.0,4.2800,4.2800,4.28,4.2800,yes
2025-11-02,Walmart,"Chobani 20G Protein Low-Fat Greek Yogurt Drink, Strawberries and Cream 10 fl oz Bottle, 4 Pack",1.0,8.97,8.97,8.97,,no
2025-11-02,Walmart,"Oikos Pro Shots 10g Protein, Mango Cultured Dairy Drinks Bottles, 3.1 fl oz, 6 Count​",1.0,5.14,5.14,5.14,,no
2025-11-02,Walmart,"Oikos Pro Shots 10g Protein, Mixed Berry Cultured Dairy Drinks Bottles, 3.1 fl oz, 6 Count​",1.0,5.14,5.14,5.14,,no
2025-11-02,Walmart,"Great Value Oven Roasted Turkey Breast Lunchmeat, 16 oz, Plastic Tub, Refrigerated",2.0,5.3700,10.7400,10.74,5.3700,yes
2025-11-02,Walmart,"Thomas' Plain Mini Bagels, 10 count, Kosher Mini Bagels, 15 oz Bag",1.0,4.8200,4.8200,4.82,4.8200,yes
2025-11-02,Walmart,"Great Value Original Whipped Cream Cheese Spread, 12 oz Tub",2.0,2.9200,5.8400,5.84,2.9200,yes
2025-11-02,Walmart,"Great Value Whole Vitamin D Milk, Gallon, 128 fl oz",1.0,2.2600,2.2600,2.26,2.2600,yes
2025-11-02,Walmart,Marketside Envy Apples 3 Lb Bag,1.0,7.4200,7.4200,7.42,7.4200,yes
2025-11-02,Walmart,"Perdue Harvestland, Free Range, Fresh Chicken Breast Tenderloin Pieces, 0.8-1.7lb. Tray",1.0,5.9400,5.9400,5.94,5.9400,yes
2025-11-04,Walmart,"Gatorade 32 oz Gator-skin Bottle, Green, One Size",1.0,9.9700,9.9700,9.97,9.9700,yes
2025-11-05,Walmart,"Blue Diamond Almonds, Lightly Salted Snack Almonds perfect for lunches and on-the-go, 25 oz.",1.0,11.4800,11.4800,11.48,11.4800,yes
2025-11-05,Walmart,"Oscar Mayer Turkey Franks Hot Dogs, 16 oz, 10 ct Pack",1.0,3.9700,3.9700,3.97,3.9700,yes
2025-11-05,Walmart,"Marketside Plain Goat Cheese, 4 oz",2.0,2.9700,5.9400,5.94,2.9700,yes
2025-11-05,Walmart,"BelGioioso Gluten-Free Asiago Specialty Cheese Wedge, 8 oz",1.0,5.4200,5.4200,5.42,5.4200,yes
2025-11-05,Walmart,"Stauffer's Original Animal Snack Crackers, 32 oz Party Size Pillow Bag, Low Fat Snack for Kids & Adults",1.0,5.1800,5.1800,5.18,5.1800,yes
2025-11-05,Walmart,"Great Value Mozzarella String Cheese Sticks, 12 oz Bag, 12 Count",1.0,3.2800,3.2800,3.28,3.2800,yes
2025-11-05,Walmart,"Great Value Colby & Monterey Jack Cheese Snack, 9 oz Bag, 12 Cheese Sticks",1.0,2.5600,2.5600,2.56,2.5600,yes
2025-11-05,Walmart,"Great Value Large White Eggs, 36 Count",1.0,5.8200,5.8200,5.82,5.8200,yes
2025-11-05,Walmart,"Fresh Glorys Cherry Tomatoes, 10 oz Package",1.0,3.2700,3.2700,3.27,3.2700,yes
2025-11-09,Walmart,"Planet Oat Extra Creamy Original Oat Milk, 52 oz",1.0,3.3800,3.3800,3.38,3.3800,yes
2025-11-09,Walmart,"Great Value Smoked Turkey Breast Lunchmeat, 16 oz, Plastic Tub, Refrigerated",1.0,6.4600,6.4600,6.46,6.4600,yes
2025-11-09,Walmart,"Fresh Cosmic Crisp Apples, 3 lb Bag",1.0,4.5700,4.5700,4.57,4.5700,yes
2025-11-09,Walmart,"Johnsonville Original Breakfast Sausage, 14 Links, 12 oz (Fresh)",1.0,3.9700,3.9700,3.97,3.9700,yes
2025-11-09,Walmart,"Great Value Oven Roasted Turkey Breast Lunchmeat, 16 oz, Plastic Tub, Refrigerated",1.0,5.3700,5.3700,5.37,5.3700,yes
2025-11-09,Walmart,"Chobani 20G Protein Low-Fat Greek Yogurt Drink, Strawberries and Cream 10 fl oz Bottle, 4 Pack",1.0,8.97,8.97,8.97,,no
2025-11-09,Walmart,"Fresh Banana, Each",5.0,0.202,1.01,0.202,,no
2025-11-09,Walmart,"Scott 1000 Toilet Paper, 12 Rolls, 1,000 Sheets per Roll",1.0,10.9700,10.9700,10.97,10.9700,yes
2025-11-09,Walmart,"Heinz Chili Sauce, 12 oz Bottle",1.0,3.1800,3.1800,3.18,3.1800,yes
2025-11-09,Walmart,"bubly Sparkling Water, The Super Mario Galaxy Movie Lime, Zero Sugar & Zero Calories, 12 fl oz Cans (8 pack)​",1.0,4.2800,4.2800,4.28,4.2800,yes
2025-11-09,Walmart,"bubly Sparkling Water, The Super Mario Galaxy Movie Cherry, Zero Sugar & Zero Calories ,12 fl oz Cans (8 pack)​",1.0,4.2800,4.2800,4.28,4.2800,yes
2025-11-09,Walmart,"Kerrygold Grass-Fed Pure Irish Salted Butter Sticks, 8 oz, 2 Sticks",1.0,5.2400,5.2400,5.24,5.2400,yes
2025-11-09,Walmart,"McCormick Chili Seasoning Mix, 1.25 oz Packet",1.0,1.5800,1.5800,1.58,1.5800,yes
2025-11-09,Walmart,"Great Value Petite Diced Tomatoes in Tomato Juice, 14.5 oz",1.0,0.9600,0.9600,0.96,0.9600,yes
2025-11-09,Walmart,"Great Value Golden Sweet Whole Kernel Corn, 15 oz",1.0,0.5000,0.5000,0.5,0.5000,yes
2025-11-09,Walmart,"Great Value Black Beans, 15 oz",1.0,0.8600,0.8600,0.86,0.8600,yes
2025-11-09,Walmart,"Bush's Chili Beans, Canned Pinto Beans in Mild Chili Sauce, 27 oz Can",1.0,2.4200,2.4200,2.42,2.4200,yes
2025-11-09,Walmart,"Great Value Original Sour Cream, 24 oz Tub",1.0,2.7400,2.7400,2.74,2.7400,yes
2025-11-09,Walmart,"Great Value Sharp Cheddar Finely Shredded Cheese, 16 oz Bag",1.0,3.4800,3.4800,3.48,3.4800,yes
2025-11-09,Walmart,"Great Value Mixed Vegetables, 12 oz Steamable Bag (Frozen)",2.0,0.9800,1.9600,1.96,0.9800,yes
2025-11-09,Walmart,"Heinz HomeStyle Beef Gravy Value Size, 18 oz Jar",2.0,2.8200,5.6400,5.64,2.8200,yes
2025-11-09,Walmart,"Perdue Harvestland, Fresh Ground Chicken, 92% Lean 8% Fat, 1 lb. Tray",2.0,3.8400,7.6800,7.68,3.8400,yes
2025-11-09,Walmart,"Great Value Jasmine Rice, 2 lb",1.0,3.2800,3.2800,3.28,3.2800,yes
2025-11-09,Walmart,"Great Value Fully Cooked Turkey Meatballs, 32 oz, Approximately 64 Meatballs (Frozen)",1.0,11.4700,11.4700,11.47,11.4700,yes
2025-11-09,Walmart,"Great Value Concord Grape Jelly, 30 oz",1.0,2.4600,2.4600,2.46,2.4600,yes
2025-11-09,Walmart,"Great Value Reduced Sodium Gluten-Free Chicken Broth, 32 oz Carton (Shelf-Stable)",2.0,1.5000,3.0000,3.0,1.5000,yes
2025-11-09,Walmart,"Great Value Wide Egg Noodles, 16 oz",1.0,1.6200,1.6200,1.62,1.6200,yes
2025-11-09,Walmart,"Fresh Whole Celery Stalk, 1 Each Bag",1.0,1.97,1.97,1.97,,no
2025-11-09,Walmart,"Great Value Whole Vitamin D Milk, Gallon, 128 fl oz",2.0,2.2600,4.5200,4.52,2.2600,yes
2025-11-09,Walmart,"Olé Mexican Foods Xtreme Wellness High Fiber Keto Certified Flour Tortilla Wraps, 12.7 oz, 8 Count",1.0,4.5700,4.5700,4.57,4.5700,yes
2025-11-09,Walmart,"Organic Fresh Whole Carrots, 2 lb Bag",1.0,2.6200,2.6200,2.62,2.6200,yes
2025-11-09,Walmart,"Green Bell Pepper, 1 each",1.0,0.82,0.82,0.82,,no
2025-11-09,Walmart,"Nature's Own WhiteWheat Healthy White Bread, Sliced White Bread Loaf, 20 oz, Shelf-Stable",2.0,3.4200,6.8400,6.84,3.4200,yes
2025-11-09,Walmart,"Pepperidge Farm White Hot Dog Buns, Top Sliced, 8-Pack Bag",1.0,3.3700,3.3700,3.37,3.3700,yes
2025-11-09,Walmart,"Oscar Mayer Turkey Franks Hot Dogs, 16 oz, 10 ct Pack",1.0,3.9700,3.9700,3.97,3.9700,yes
2025-11-09,Walmart,"Great Value Soup & Oyster Crackers, 9 oz",1.0,1.4700,1.4700,1.47,1.4700,yes
2025-11-09,Walmart,"Pacific Foods Organic Creamy Tomato Soup, 32 oz Carton",1.0,4.1200,4.1200,4.12,4.1200,yes
2025-11-09,Walmart,"Oikos Pro Shots 10g Protein, Mango Cultured Dairy Drinks Bottles, 3.1 fl oz, 6 Count​",1.0,5.14,5.14,5.14,,no
2025-11-09,Walmart,"Oikos Pro Shots 10g Protein, Mixed Berry Cultured Dairy Drinks Bottles, 3.1 fl oz, 6 Count​",1.0,5.14,5.14,5.14,,no
2025-11-09,Walmart,"Oikos Pro 23g Protein, Mango Pineapple Cultured Dairy Drink Bottle, 7 fl oz",5.0,9.7,48.5,9.7,,no
2025-11-09,Walmart,"Thomas' Light Multi-Grain English Muffins, 6 count, 100 Calories English Muffins, 12 oz Tray",1.0,3.6700,3.6700,3.67,3.6700,yes
2025-11-09,Walmart,"Marketside Plain Goat Cheese, 4 oz",1.0,2.9700,2.9700,2.97,2.9700,yes
2025-11-09,Walmart,"Great Value Original Whipped Cream Cheese Spread, 8 oz Cup",2.0,1.9600,3.9200,3.92,1.9600,yes
2025-11-09,Walmart,"Pepperidge Farm Raisin Cinnamon Swirl Breakfast Bread, 16 oz Loaf",1.0,3.4700,3.4700,3.47,3.4700,yes
2025-11-09,Walmart,"Thomas' Plain Mini Bagels, 10 count, Kosher Mini Bagels, 15 oz Bag",2.0,4.8200,9.6400,9.64,4.8200,yes
2025-11-09,Walmart,"Great Value Uncooked Original Breakfast Pork Sausage Links, 12 oz Package",1.0,2.4200,2.4200,2.42,2.4200,yes
2025-11-09,Walmart,"Great Value Large White Eggs, 36 Count",1.0,5.8200,5.8200,5.82,5.8200,yes
2025-11-09,Walmart,Fresh Whole Russet Potatoes 5 lb Bag,1.0,2.4700,2.4700,2.47,2.4700,yes
2025-11-09,Walmart,"Perdue Harvestland, Free Range, Fresh Chicken Breast Tenderloin Pieces, 0.8-1.7lb. Tray",1.0,7.7900,7.7900,7.79,7.7900,yes
2025-11-09,Walmart,"Fritos Regular Corn Chips, 9.25 oz Single Bag",2.0,4.4800,8.9600,8.96,4.4800,yes
2025-11-09,Walmart,"Smithfield Hickory Smoked Bacon, 16 oz, Gluten-Free, No MSG",1.0,6.9700,6.9700,6.97,6.9700,yes
2025-11-11,Walmart,"Method Repairing Shampoo, Island Mist, 14 fl oz",1.0,8.3400,8.3400,8.34,8.3400,yes
2025-11-11,Walmart,Native Moisturizing Conditioner Coconut and Vanilla 16.5 fl oz,1.0,10.9700,10.9700,10.97,10.9700,yes
2025-11-11,Walmart,"Little Debbie Christmas Tree Brownies, 8 oz, 5 Count",2.0,3.1600,6.3200,6.32,3.1600,yes
2025-11-11,Walmart,"Little Debbie Vanilla Christmas Tree Cakes, 8.52 oz, 5 Count",2.0,2.9700,5.9400,5.94,2.9700,yes
2025-11-11,Walmart,Fresh Whole Russet Potatoes 5 lb Bag,1.0,2.4700,2.4700,2.47,2.4700,yes
2025-11-13,Walmart,"Great Value Whole Milk Low-Moisture Mozzarella String Cheese Sticks, 12 oz, 12 Count",1.0,3.2800,3.2800,3.28,3.2800,yes
2025-11-13,Walmart,"Hellmann's Real Mayonnaise Rich Creamy Condiment Gluten Free, 20 oz Squeeze Bottle",1.0,5.9700,5.9700,5.97,5.9700,yes
2025-11-13,Walmart,"Pillsbury Grands! Southern Homestyle Buttermilk Biscuits, 2 Pack, 16 Biscuits, 32.6 oz",1.0,4.4600,4.4600,4.46,4.4600,yes
2025-11-13,Walmart,"Jimmy Dean Premium Pork Regular Sausage Roll, 16 oz",1.0,3.9700,3.9700,3.97,3.9700,yes
2025-11-13,Walmart,"Great Value Whole Vitamin D Milk, Gallon, 128 fl oz",1.0,2.2600,2.2600,2.26,2.2600,yes
2025-11-13,Walmart,Chobani 20G Protein Low-Fat Greek Yogurt Drink Strawberries & Cream 10 fl oz Bottle,4.0,9.28,37.12,9.28,,no
2025-11-13,Walmart,"GoGo squeeZ No Sugar Added Apple Apple Applesauce & Fruit Puree Pouches, 3.2 oz (24 Pack)",1.0,14.4700,14.4700,14.47,14.4700,yes
2025-11-13,Walmart,"Great Value Colby & Monterey Jack Cheese Snack, 9 oz Bag, 12 Cheese Sticks",1.0,2.5600,2.5600,2.56,2.5600,yes
2025-11-13,Walmart,"Pepperidge Farm White Hot Dog Buns, Top Sliced, 8-Pack Bag",1.0,3.3700,3.3700,3.37,3.3700,yes
2025-11-13,Walmart,"Great Value Oven Roasted Turkey Breast Lunchmeat, 16 oz, Plastic Tub, Refrigerated",2.0,5.3700,10.7400,10.74,5.3700,yes
2025-11-13,Walmart,"Thomas' Plain Mini Bagels, 10 count, Kosher Mini Bagels, 15 oz Bag",1.0,4.8200,4.8200,4.82,4.8200,yes
2025-11-13,Walmart,"Smucker's Seedless Strawberry Jam, 18 oz",1.0,3.9400,3.9400,3.94,3.9400,yes
2025-11-13,Walmart,"Nature's Own WhiteWheat Healthy White Bread, Sliced White Bread Loaf, 20 oz, Shelf-Stable",2.0,3.4200,6.8400,6.84,3.4200,yes
2025-11-13,Walmart,Marketside Envy Apples 3 Lb Bag,1.0,5.9700,5.9700,5.97,5.9700,yes
2025-11-16,Walmart,"Blue Diamond Almonds, Lightly Salted Low Sodium Snack Nuts For Gluten Free Snacking, 14 oz.",2.0,6.9400,13.8800,13.88,6.9400,yes
2025-11-16,Walmart,"Fresh Whole Yellow Onion, Each",1.0,0.87,0.87,0.87,,no
2025-11-16,Walmart,"Swiss Miss Milk Chocolate Flavored Hot Cocoa Mix, 38.27 oz. Canister",1.0,8.8700,8.8700,8.87,8.8700,yes
2025-11-16,Walmart,"Wilton Mini Daisy Royal Icing Decorations, Rainbow, 0.33 oz, 32-Pieces",1.0,7.4800,7.4800,7.48,7.4800,yes
2025-11-16,Walmart,"BelGioioso Gluten-Free Asiago Specialty Cheese Wedge, 8 oz",1.0,5.4200,5.4200,5.42,5.4200,yes
2025-11-16,Walmart,"Little Debbie Chocolate Christmas Tree Cakes, 8.25 oz, 5 Count",2.0,3.1600,6.3200,6.32,3.1600,yes
2025-11-16,Walmart,"Little Debbie Vanilla Christmas Tree Cakes, 8.52 oz, 5 Count",2.0,2.9700,5.9400,5.94,2.9700,yes
2025-11-16,Walmart,"Great Value Original Whipped Cream Cheese Spread, 12 oz Tub",1.0,2.9200,2.9200,2.92,2.9200,yes
2025-11-16,Walmart,"Thomas' Plain Mini Bagels, 10 count, Kosher Mini Bagels, 15 oz Bag",1.0,4.8200,4.8200,4.82,4.8200,yes
2025-11-16,Walmart,"Organic Fresh Whole Carrots, 2 lb Bag",1.0,2.6200,2.6200,2.62,2.6200,yes
2025-11-16,Walmart,"Kerrygold Grass-Fed Pure Irish Salted Butter Sticks, 8 oz, 2 Sticks",1.0,5.2400,5.2400,5.24,5.2400,yes
2025-11-16,Walmart,"Pacific Foods Organic Creamy Tomato Soup, 32 oz Carton",1.0,4.1200,4.1200,4.12,4.1200,yes
2025-11-16,Walmart,"Great Value Soup & Oyster Crackers, 9 oz",1.0,1.4700,1.4700,1.47,1.4700,yes
2025-11-16,Walmart,"Marketside Plain Goat Cheese, 4 oz",1.0,2.9700,2.9700,2.97,2.9700,yes
2025-11-16,Walmart,"Great Value Whole Vitamin D Milk, Gallon, 128 fl oz",1.0,2.3700,2.3700,2.37,2.3700,yes
2025-11-16,Walmart,"Stauffer's Original Animal Snack Crackers, 32 oz Party Size Pillow Bag, Low Fat Snack for Kids & Adults",1.0,5.1800,5.1800,5.18,5.1800,yes
2025-11-16,Walmart,"Pillsbury Creamy Supreme Cream Cheese Frosting, 16 oz Tub",2.0,1.7600,3.5200,3.52,1.7600,yes
2025-11-16,Walmart,"Betty Crocker Snickerdoodle Cookies, Cookie Baking Mix, 17.9 oz",2.0,2.9700,5.9400,5.94,2.9700,yes
2025-11-16,Walmart,"Great Value Fully Cooked Turkey Meatballs, 32 oz, Approximately 64 Meatballs (Frozen)",1.0,11.4700,11.4700,11.47,11.4700,yes
2025-11-16,Walmart,"Great Value Heavy Whipping Cream, 16 oz Carton",1.0,2.9600,2.9600,2.96,2.9600,yes
2025-11-16,Walmart,"Great Value Gluten-Free Beef Broth, 32 oz Carton (Shelf-Stable)",1.0,1.5000,1.5000,1.5,1.5000,yes
2025-11-16,Walmart,"Great Value Waffle Cut French Fried Potatoes, 24 oz (Frozen)",1.0,2.9700,2.9700,2.97,2.9700,yes
2025-11-16,Walmart,"Great Value Sharp Cheddar Finely Shredded Cheese, 16 oz Bag",1.0,3.4800,3.4800,3.48,3.4800,yes
2025-11-16,Walmart,"Great Value Italian Style Finely Shredded Cheese, 8 oz Bag",1.0,1.9700,1.9700,1.97,1.9700,yes
2025-11-16,Walmart,"Great Value Elbows, 16 oz",1.0,0.9800,0.9800,0.98,0.9800,yes
2025-11-16,Walmart,"Great Value Wide Egg Noodles, 16 oz",2.0,1.6200,3.2400,3.24,1.6200,yes
2025-11-16,Walmart,"Great Value Reduced Sodium Gluten-Free Chicken Broth, 32 oz Carton (Shelf-Stable)",3.0,1.5000,4.5000,4.5,1.5000,yes
2025-11-16,Walmart,"Great Value Large White Eggs, 36 Count",1.0,5.8200,5.8200,5.82,5.8200,yes
2025-11-16,Walmart,"Fresh Glorys Cherry Tomatoes, 10 oz Package",1.0,2.7300,2.7300,2.73,2.7300,yes
2025-11-16,Walmart,"Fresh Whole Brown Mushrooms, 8 oz",2.0,1.9600,3.9200,3.92,1.9600,yes
2025-11-16,Walmart,"Perdue Harvestland, Free Range, Fresh Chicken Breast Tenderloin Pieces, 0.8-1.7lb. Tray",1.0,7.2700,7.2700,7.27,7.2700,yes
2025-11-16,Walmart,"Perdue Harvestland, Free Range, Fresh Chicken Breast Tenderloin Pieces, 0.8-1.7lb. Tray",1.0,6.2300,6.2300,6.23,6.2300,yes
2025-11-22,Walmart,"Ozark Trail Kids Air Mattress, Indoor/Outdoor Air Bed, Blow up Mattress Without Pump",1.0,21.8800,21.8800,21.88,21.8800,yes
2025-11-22,Walmart,"Fresh Banana, Each",5.0,0.21000000000000002,1.05,0.21000000000000002,,no
2025-11-22,Walmart,"Sweet Potatoes Whole Fresh, Each",10.0,0.585,5.85,0.585,,no
2025-11-22,Walmart,"Cheez-It Grooves Sharp White Cheddar Crunchy Cheese Crackers, Snack Crackers, 17 oz",1.0,5.9700,5.9700,5.97,5.9700,yes
2025-11-22,Walmart,"Heinz Sweet Relish, 26 oz Bottle",1.0,4.6400,4.6400,4.64,4.6400,yes
2025-11-22,Walmart,"Heinz Tomato Ketchup, 32 oz Bottle",1.0,4.4700,4.4700,4.47,4.4700,yes
2025-11-22,Walmart,"Honey Nut Cheerios, Heart Healthy Cereal, Affirmations Box, Mega Size, 27.2 oz",2.0,5.9700,11.9400,11.94,5.9700,yes
2025-11-22,Walmart,"King Arthur Baking Company Non-GMO Project Verified, Certified Kosher Unbleached All Purpose Flour, 5 lb Bag",1.0,5.24,5.24,5.24,,no
2025-11-22,Walmart,"Great Value Disposable Paper Plates, 8.5"", 100 Count",1.0,5.5800,5.5800,5.58,5.5800,yes
2025-11-22,Walmart,"Cascade Platinum Dishwasher Pods, Dishwasher Detergent, Dish Detergent Soap, Fresh, 12 Count",1.0,4.9400,4.9400,4.94,4.9400,yes
2025-11-22,Walmart,"Great Value Organic Bay Leaves, 0.15 oz",1.0,4.3600,4.3600,4.36,4.3600,yes
2025-11-22,Walmart,"McCormick Pure Vanilla Extract, 2.0 fl oz Box",1.0,6.9700,6.9700,6.97,6.9700,yes
2025-11-22,Walmart,"Great Value Muenster Deli Style Sliced Cheese, 8 oz, 12 Slices",1.0,1.8400,1.8400,1.84,1.8400,yes
2025-11-22,Walmart,"Great Value Oven Roasted Turkey Breast Lunchmeat, 16 oz, Plastic Tub, Refrigerated",1.0,5.9700,5.9700,5.97,5.9700,yes
2025-11-22,Walmart,"Great Value Whole Vitamin D Milk, Gallon, 128 fl oz",2.0,2.3700,4.7400,4.74,2.3700,yes
2025-11-22,Walmart,"Great Value Original Sour Cream, 24 oz Tub",2.0,2.7400,5.4800,5.48,2.7400,yes
2025-11-22,Walmart,"Pace Chunky Medium Salsa, 16 oz Jar",1.0,2.9700,2.9700,2.97,2.9700,yes
2025-11-22,Walmart,"Tyson Oven Roasted Diced Chicken Breast, 22 oz (Frozen, Fully Cooked)",1.0,8.4700,8.4700,8.47,8.4700,yes
2025-11-22,Walmart,"Gordo's Original Queso Cheese Dip, 16 oz, Refrigerated Dip",1.0,4.9800,4.9800,4.98,4.9800,yes
2025-11-22,Walmart,"WHOLLY GUACAMOLE Classic Bowl Family Size, Hass Avocados, No preservatives added, 15 oz Tub",1.0,5.3300,5.3300,5.33,5.3300,yes
2025-11-22,Walmart,"Stauffer's Original Animal Snack Crackers, 32 oz Party Size Pillow Bag, Low Fat Snack for Kids & Adults",1.0,5.1800,5.1800,5.18,5.1800,yes
2025-11-22,Walmart,"Great Value Black Beans, 15 oz",3.0,0.8600,2.5800,2.58,0.8600,yes
2025-11-22,Walmart,"Great Value Diced Tomatoes in Tomato Juice, 14.5 oz Can",2.0,0.9600,1.9200,1.92,0.9600,yes
2025-11-22,Walmart,"Bush's Chili Beans, Canned Pinto Beans in Mild Chili Sauce, 27 oz Can",2.0,2.4200,4.8400,4.84,2.4200,yes
2025-11-22,Walmart,"McCormick Chili Seasoning Mix, 1.25 oz Packet",2.0,1.5800,3.1600,3.16,1.5800,yes
2025-11-22,Walmart,"Perdue Harvestland, Fresh Ground Chicken, 92% Lean 8% Fat, 1 lb. Tray",2.0,3.8400,7.6800,7.68,3.8400,yes
2025-11-22,Walmart,"Great Value Yellow Mustard, 20 oz Squeeze Bottle",1.0,0.9800,0.9800,0.98,0.9800,yes
2025-11-22,Walmart,"Pepperidge Farm White Hot Dog Buns, Top Sliced, 8-Pack Bag",2.0,3.3700,6.7400,6.74,3.3700,yes
2025-11-22,Walmart,"Oscar Mayer Turkey Franks Hot Dogs, 16 oz, 10 ct Pack",2.0,3.9700,7.9400,7.94,3.9700,yes
2025-11-22,Walmart,"Great Value Evaporated Milk, 12 fl oz",1.0,1.0000,1.0000,1.0,1.0000,yes
2025-11-22,Walmart,"Great Value 100% Pure Pumpkin, 15 oz",1.0,1.1600,1.1600,1.16,1.1600,yes
2025-11-22,Walmart,"Pillsbury Premade Refrigerated Pie Crust, Two Pie Crusts, 14.1 oz",2.0,2.9700,5.9400,5.94,2.9700,yes
2025-11-22,Walmart,"Great Value Pure Granulated Sugar, 4 lb",1.0,3.0700,3.0700,3.07,3.0700,yes
2025-11-22,Walmart,"Nature's Own WhiteWheat Healthy White Bread, Sliced White Bread Loaf, 20 oz, Shelf-Stable",2.0,3.4200,6.8400,6.84,3.4200,yes
2025-11-22,Walmart,"Smithfield Hickory Smoked Bacon, 16 oz, Gluten-Free, No MSG",2.0,6.9700,13.9400,13.94,6.9700,yes
2025-11-22,Walmart,"Thomas' Light Multi-Grain English Muffins, 6 count, 100 Calories English Muffins, 12 oz Tray",2.0,3.6700,7.3400,7.34,3.6700,yes
2025-11-22,Walmart,"Marketside Plain Goat Cheese, 4 oz",2.0,2.9700,5.9400,5.94,2.9700,yes
2025-11-22,Walmart,"Great Value Original Whipped Cream Cheese Spread, 12 oz Tub",2.0,2.9200,5.8400,5.84,2.9200,yes
2025-11-22,Walmart,"Pepperidge Farm Raisin Cinnamon Swirl Breakfast Bread, 16 oz Loaf",1.0,3.4700,3.4700,3.47,3.4700,yes
2025-11-22,Walmart,"Thomas' Plain Mini Bagels, 10 count, Kosher Mini Bagels, 15 oz Bag",1.0,4.8200,4.8200,4.82,4.8200,yes
2025-11-22,Walmart,"Great Value Large White Eggs, 36 Count",2.0,5.8200,11.6400,11.64,5.8200,yes
2025-11-22,Walmart,"Great Value 100% Apple Juice, 96 fl oz",1.0,3.2400,3.2400,3.24,3.2400,yes
2025-11-22,Walmart,"Ocean Spray® Whole Cranberry Sauce, Canned Side Dish, 14 oz Can",1.0,2.4700,2.4700,2.47,2.4700,yes
2025-11-22,Walmart,"Stove Top Stuffing Mix for Turkey, 6 oz Box",1.0,1.8800,1.8800,1.88,1.8800,yes
2025-11-22,Walmart,"Heinz HomeStyle Turkey Gravy Value Size, 18 oz Jar",1.0,2.8200,2.8200,2.82,2.8200,yes
2025-11-22,Walmart,"Great Value Sweet Cream Unsalted Butter, 16 oz, 4 Sticks",1.0,3.6700,3.6700,3.67,3.6700,yes
2025-11-22,Walmart,"Great Value Golden Sweet Whole Kernel Corn, 15 oz",3.0,0.5000,1.5000,1.5,0.5000,yes
2025-11-22,Walmart,"Great Value Canned Cream Style Sweet Corn, 14.75 oz Aluminum Can",1.0,0.7600,0.7600,0.76,0.7600,yes
2025-11-22,Walmart,"King's Hawaiian Original Hawaiian Sweet Dinner Rolls 24 Count, 24 oz, Shelf-Stable",2.0,7.8800,15.7600,15.76,7.8800,yes
2025-11-22,Walmart,"Great Value Sharp Cheddar Finely Shredded Cheese, 16 oz Bag",2.0,3.4800,6.9600,6.96,3.4800,yes
2025-11-22,Walmart,"Campbell's Condensed Cream of Mushroom Soup, 10.5 oz Can",2.0,1.0000,2.0000,2.0,1.0000,yes
2025-11-22,Walmart,"Great Value Cut Green Beans, 14.5 oz Can",4.0,0.5000,2.0000,2.0,0.5000,yes
2025-11-22,Walmart,"French's Non-GMO Kosher Original Crispy Fried Onions, 6.0 oz Can",2.0,3.7200,7.4400,7.44,3.7200,yes
2025-11-22,Walmart,"Jet-Puffed Mini Marshmallows, 10 oz Bag",2.0,1.4700,2.9400,2.94,1.4700,yes
2025-11-22,Walmart,"Great Value Light Brown Sugar, 32 oz",1.0,1.9700,1.9700,1.97,1.9700,yes
2025-11-22,Walmart,"Fritos Regular Corn Chips, 9.25 oz Single Bag",2.0,4.4800,8.9600,8.96,4.4800,yes
2025-11-22,Walmart,"Fresh Lemon, Each",1.0,0.58,0.58,0.58,,no
2025-11-22,Walmart,"Fresh Granny Smith Apples, 3 lb Bag",1.0,3.7700,3.7700,3.77,3.7700,yes
2025-11-22,Walmart,"Fresh Honeycrisp Apples, 3 lb Bag",1.0,4.9700,4.9700,4.97,4.9700,yes
2025-11-22,Walmart,"Fresh Navel Orange, Each",3.0,0.8300000000000001,2.49,0.8300000000000001,,no
2025-11-22,Walmart,Fresh Whole Russet Potatoes 5 lb Bag,1.0,2.4700,2.4700,2.47,2.4700,yes
2025-11-22,Walmart,Kraft Mexican Style Four Cheese Finely Shredded Natural Cheese 16oz Bag,1.0,5.6400,5.6400,5.64,5.6400,yes
2025-11-22,Walmart,"(3 pack) Deer Park Spring Water, 2.5 gal, Single Plastic Jug",1.0,16.3800,16.3800,16.38,16.3800,yes
2025-11-22,Walmart,"EZ Foil Disposable Casserole Pans, 11.75 x 9.25 in., 2 Count",2.0,2.9800,5.9600,5.96,2.9800,yes
2025-11-22,Walmart,"Little Debbie Vanilla Christmas Tree Cakes, 8.52 oz, 5 Count",1.0,2.9700,2.9700,2.97,2.9700,yes
2025-11-22,Walmart,"Little Debbie Christmas Tree Brownies, 8 oz, 5 Count",1.0,2.9700,2.9700,2.97,2.9700,yes
2025-11-22,Walmart,Little Debbie Big Pack Christmas Tree Cakes,1.0,5.4800,5.4800,5.48,5.4800,yes
2025-11-25,Walmart,"Mobil 1 Advanced Full Synthetic Motor Oil 5W-30, 12 Quart",1.0,60.0000,60.0000,60.0,60.0000,yes
2025-11-25,Walmart,"FRAM Ultra Synthetic Oil Filter, XG4967, 20K mile Replacement Filter for Select Toyota Vehicles",1.0,8.9700,8.9700,8.97,8.9700,yes
2025-11-30,Walmart,"TPH BY TARAJI Hustle & Co Hydrating Co Wash Cleansing Hair Conditioner | Coily & Curly Hair | All Genders, 12 oz.",1.0,14.0000,14.0000,14.0,14.0000,yes
2025-11-30,Walmart,"Arnold Country Style Sourdough Bread, 24 oz, Sourdough Bread, Bag",1.0,3.8400,3.8400,3.84,3.8400,yes
2025-11-30,Walmart,"Melitta 8-12 Cup White Basket Coffee Filters, 200 Ct",1.0,2.7700,2.7700,2.77,2.7700,yes
2025-11-30,Walmart,"Fresh Banana, Each",5.0,0.21000000000000002,1.05,0.21000000000000002,,no
2025-11-30,Walmart,"Scott Paper Towels, Choose-A-Sheet, 6 Double Rolls",1.0,6.8400,6.8400,6.84,6.8400,yes
2025-11-30,Walmart,"Scott 1000 Toilet Paper, 12 Rolls, 1,000 Sheets per Roll",1.0,10.9700,10.9700,10.97,10.9700,yes
2025-11-30,Walmart,"Ziploc® Brand Sandwich Bags with EasyGuide™ Texture, Grip 'n Seal Technology™, Food Storage, Zipper, 300 Count",1.0,9.9800,9.9800,9.98,9.9800,yes
2025-11-30,Walmart,"BelGioioso Gluten-Free Asiago Specialty Cheese Wedge, 8 oz",1.0,5.4200,5.4200,5.42,5.4200,yes
2025-11-30,Walmart,"Great Value Colby & Monterey Jack Cheese Snack, 9 oz Bag, 12 Cheese Sticks",2.0,2.5600,5.1200,5.12,2.5600,yes
2025-11-30,Walmart,"TPH BY TARAJI Make it Rain Hydrating Deep Conditioner With Aloe Vera, Avocado Oil, & Moringa Oil For All Hair Types | Detangler For Curly, Coily & Wavy Hair | Color Safe & Sulfate Free, 12 oz.",1.0,9.9700,9.9700,9.97,9.9700,yes
2025-11-30,Walmart,"Great Value Large White Eggs, 18 Count",1.0,2.9200,2.9200,2.92,2.9200,yes
2025-11-30,Walmart,"Pacific Foods Organic Creamy Tomato Soup, 32 oz Carton",1.0,4.1200,4.1200,4.12,4.1200,yes
2025-11-30,Walmart,"Great Value Cut Green Beans, 14.5 oz Can",2.0,0.5000,1.0000,1.0,0.5000,yes
2025-11-30,Walmart,"Great Value Original Sour Cream, 24 oz Tub",1.0,2.7400,2.7400,2.74,2.7400,yes
2025-11-30,Walmart,"Great Value Canned Cream Style Sweet Corn, 14.75 oz Aluminum Can",1.0,0.7600,0.7600,0.76,0.7600,yes
2025-11-30,Walmart,"""JIFFY"" Corn Muffin Mix, 8.5 oz Box",1.0,0.5000,0.5000,0.5,0.5000,yes
2025-11-30,Walmart,"Marketside Plain Goat Cheese, 4 oz",1.0,2.9700,2.9700,2.97,2.9700,yes
2025-11-30,Walmart,"Great Value Golden Sweet Whole Kernel Corn, 15 oz",2.0,0.5000,1.0000,1.0,0.5000,yes
2025-11-30,Walmart,"Oikos Pro 23g Protein, Strawberry Banana Cultured Dairy Drink Bottle, 7 fl oz",5.0,9.7,48.5,9.7,,no
2025-11-30,Walmart,"Oikos Pro Shots 10g Protein, Mixed Berry Cultured Dairy Drinks Bottles, 3.1 fl oz, 6 Count​",1.0,5.14,5.14,5.14,,no
2025-11-30,Walmart,"Oikos Pro Shots 10g Protein, Mango Cultured Dairy Drinks Bottles, 3.1 fl oz, 6 Count​",1.0,5.14,5.14,5.14,,no
2025-11-30,Walmart,"Chobani 20G Protein Low-Fat Greek Yogurt Drink, Strawberries and Cream 10 fl oz Bottle, 4 Pack",1.0,8.97,8.97,8.97,,no
2025-11-30,Walmart,"Fritos Regular Corn Chips, 9.25 oz Single Bag",1.0,4.4800,4.4800,4.48,4.4800,yes
2025-11-30,Walmart,"Fresh Glorys Cherry Tomatoes, 10 oz Package",1.0,2.7300,2.7300,2.73,2.7300,yes
2025-12-01,Walmart,"Bluey Toddler Boys Holiday Thermal Henley Shirt with Long Sleeves, Sizes 12M-5T",1.0,4.9900,4.9900,4.99,4.9900,yes
2025-12-01,Walmart,"Bluey Toddler Boys Holiday Thermal Henley Shirt with Long Sleeves, Sizes 12M-5T",1.0,4.9900,4.9900,4.99,4.9900,yes
2025-12-02,Walmart,"Snyder's of Hanover Pretzels, Braided Pretzel Twists Honey Wheat, 12 oz",2.0,3.6200,7.2400,7.24,3.6200,yes
2025-12-02,Walmart,"Pace Chunky Medium Salsa, 64 oz Bottle",1.0,7.9300,7.9300,7.93,7.9300,yes
2025-12-02,Walmart,"Tostitos Scoops! Tortilla Chips Multigrain, 10 oz Bag",2.0,4.4800,8.9600,8.96,4.4800,yes
2025-12-02,Walmart,"WHOLLY GUACAMOLE Classic Bowl Family Size, Hass Avocados, No preservatives added, 15 oz Tub",1.0,5.3300,5.3300,5.33,5.3300,yes
2025-12-02,Walmart,"Great Value Golden Sweet Whole Kernel Corn, 15 oz",1.0,0.5000,0.5000,0.5,0.5000,yes
2025-12-02,Walmart,"Great Value Black Beans, 15 oz",1.0,0.8600,0.8600,0.86,0.8600,yes
2025-12-02,Walmart,"Thomas' Plain Mini Bagels, 10 count, Kosher Mini Bagels, 15 oz Bag",1.0,4.8200,4.8200,4.82,4.8200,yes
2025-12-02,Walmart,"Little Debbie Vanilla Christmas Tree Cakes, 8.52 oz, 5 Count",1.0,2.9700,2.9700,2.97,2.9700,yes
2025-12-02,Walmart,"Great Value Oven Roasted Turkey Breast Lunchmeat, 16 oz, Plastic Tub, Refrigerated",1.0,5.9700,5.9700,5.97,5.9700,yes
2025-12-02,Walmart,"BelGioioso Freshly Grated Parmesan Cheese, Refrigerated 5 oz Plastic Cup",1.0,3.9400,3.9400,3.94,3.9400,yes
2025-12-02,Walmart,"Marketside Plain Goat Cheese, 4 oz",2.0,2.9700,5.9400,5.94,2.9700,yes
2025-12-02,Walmart,"Oscar Mayer Turkey Franks Hot Dogs, 16 oz, 10 ct Pack",1.0,3.9700,3.9700,3.97,3.9700,yes
2025-12-02,Walmart,"Pepperidge Farm White Hot Dog Buns, Top Sliced, 8-Pack Bag",1.0,3.3700,3.3700,3.37,3.3700,yes
2025-12-04,Walmart,"ACE Brand Adjustable Compression Knee Support with Stabilizers, Black/Gray – One Size",1.0,16.4200,16.4200,16.42,16.4200,yes
2025-12-04,Walmart,"TAZO Classic Chai Latte Black Tea Concentrate, Made from Real Black Tea, 32oz Carton",1.0,5.7200,5.7200,5.72,5.7200,yes
2025-12-04,Walmart,Good Spirits: A Novel (Paperback),1.0,13.8600,13.8600,13.86,13.8600,yes
2025-12-04,Walmart,"Planet Oat Oat Milk, Velvety & Smooth, Barista Lovers, 52 fl oz",1.0,3.3800,3.3800,3.38,3.3800,yes
2025-12-04,Walmart,"Great Value Whole Vitamin D Milk, Gallon, 128 fl oz",1.0,2.2300,2.2300,2.23,2.2300,yes
2025-12-04,Walmart,"Green Bell Pepper, 1 each",1.0,0.78,0.78,0.78,,no
2025-12-04,Walmart,"Great Value Large White Eggs, 36 Count",1.0,5.8200,5.8200,5.82,5.8200,yes
2025-12-04,Walmart,"Fresh Glorys Cherry Tomatoes, 10 oz Package",1.0,2.7300,2.7300,2.73,2.7300,yes
2025-12-07,Walmart,"Earthbound Farm Organic Fresh Vegetable Tray with Ranch Dip, 40 oz",1.0,11.9700,11.9700,11.97,11.9700,yes
2025-12-07,Walmart,"Nature's Own WhiteWheat Healthy White Bread, Sliced White Bread Loaf, 20 oz, Shelf-Stable",2.0,3.4200,6.8400,6.84,3.4200,yes
2025-12-07,Walmart,"Fresh Banana, Each",5.0,0.162,0.81,0.162,,no
2025-12-07,Walmart,"Tostitos Scoops! Tortilla Chips Multigrain, 10 oz Bag",2.0,4.4800,8.9600,8.96,4.4800,yes
2025-12-07,Walmart,"Ken's Steak House® Creamy Caesar Salad Dressing, Topping & Spread 24 fl oz",1.0,4.6800,4.6800,4.68,4.6800,yes
2025-12-07,Walmart,"Classico Four Cheese Spaghetti Pasta Sauce Value Size, 44 oz Jar",1.0,5.9800,5.9800,5.98,5.9800,yes
2025-12-07,Walmart,"Blue Diamond Almonds, Lightly Salted Snack Almonds perfect for lunches and on-the-go, 25 oz.",1.0,11.4800,11.4800,11.48,11.4800,yes
2025-12-07,Walmart,"Great Value Uncooked Original Breakfast Pork Sausage Links, 12 oz Package",1.0,2.4200,2.4200,2.42,2.4200,yes
2025-12-07,Walmart,"Smithfield Hickory Smoked Bacon, 16 oz, Gluten-Free, No MSG",1.0,6.9700,6.9700,6.97,6.9700,yes
2025-12-07,Walmart,"Oikos Pro Shots 10g Protein, Mixed Berry Cultured Dairy Drinks Bottles, 3.1 fl oz, 6 Count​",1.0,5.14,5.14,5.14,,no
2025-12-07,Walmart,"Oikos Pro Shots 10g Protein, Mango Cultured Dairy Drinks Bottles, 3.1 fl oz, 6 Count​",1.0,5.14,5.14,5.14,,no
2025-12-07,Walmart,"Oikos Pro 23g Protein, Strawberry Banana Cultured Dairy Drink Bottle, 7 fl oz",5.0,9.7,48.5,9.7,,no
2025-12-07,Walmart,"Snyder's of Hanover Pretzels, Braided Pretzel Twists Honey Wheat, 12 oz",1.0,3.6200,3.6200,3.62,3.6200,yes
2025-12-07,Walmart,"Thomas' Light Multi-Grain English Muffins, 6 count, 100 Calories English Muffins, 12 oz Tray",1.0,3.6700,3.6700,3.67,3.6700,yes
2025-12-07,Walmart,"Great Value Golden Sweet Whole Kernel Corn, 15 oz",1.0,0.5000,0.5000,0.5,0.5000,yes
2025-12-07,Walmart,"Great Value Black Beans, 15 oz",1.0,0.8600,0.8600,0.86,0.8600,yes
2025-12-07,Walmart,"Great Value Original Whipped Cream Cheese Spread, 12 oz Tub",1.0,2.9200,2.9200,2.92,2.9200,yes
2025-12-07,Walmart,"Pepperidge Farm Raisin Cinnamon Swirl Breakfast Bread, 16 oz Loaf",1.0,3.4700,3.4700,3.47,3.4700,yes
2025-12-07,Walmart,"Thomas' Plain Mini Bagels, 10 count, Kosher Mini Bagels, 15 oz Bag",2.0,4.8200,9.6400,9.64,4.8200,yes
2025-12-07,Walmart,"Great Value Soup & Oyster Crackers, 9 oz",1.0,1.4700,1.4700,1.47,1.4700,yes
2025-12-07,Walmart,"Marketside Plain Goat Cheese, 4 oz",2.0,2.9700,5.9400,5.94,2.9700,yes
2025-12-07,Walmart,"Pacific Foods Organic Creamy Tomato Soup, 32 oz Carton",1.0,4.1200,4.1200,4.12,4.1200,yes
2025-12-07,Walmart,"Great Value Seasoned Croutons, Baked and Seasoned, 5 oz Resealable Bag",1.0,1.4200,1.4200,1.42,1.4200,yes
2025-12-07,Walmart,"Great Value Italian Style Finely Shredded Cheese, 16 oz Bag",1.0,3.4800,3.4800,3.48,3.4800,yes
2025-12-07,Walmart,"Galbani Whole Milk Ricotta Cheese, 32 oz (Refrigerated)",1.0,5.7800,5.7800,5.78,5.7800,yes
2025-12-07,Walmart,"Great Value Jumbo Shell, 12 oz",1.0,1.8400,1.8400,1.84,1.8400,yes
2025-12-07,Walmart,"The Cheesecake Factory At Home Famous ""Brown Bread"" Sweet Wheat Sandwich Loaf, 18.7 oz, Kosher Rye Bread, Bag",1.0,4.2200,4.2200,4.22,4.2200,yes
2025-12-07,Walmart,"Great Value Wide Egg Noodles, 16 oz",1.0,1.7400,1.7400,1.74,1.7400,yes
2025-12-07,Walmart,"Fresh Whole Celery Stalk, 1 Each Bag",1.0,1.27,1.27,1.27,,no
2025-12-07,Walmart,"Great Value Reduced Sodium Gluten-Free Chicken Broth, 32 oz Carton (Shelf-Stable)",3.0,1.5000,4.5000,4.5,1.5000,yes
2025-12-07,Walmart,"Great Value Mixed Vegetables, 12 oz Steamable Bag (Frozen)",2.0,0.9800,1.9600,1.96,0.9800,yes
2025-12-07,Walmart,"Heinz HomeStyle Beef Gravy Value Size, 18 oz Jar",1.0,2.8200,2.8200,2.82,2.8200,yes
2025-12-07,Walmart,"All Natural Ground Chicken, 1 lb Tray",1.0,3.7200,3.7200,3.72,3.7200,yes
2025-12-07,Walmart,"Crunchmaster Multi-Seed Original Gluten-Free crackers, Party Pack, 7 oz. Bag in Box",1.0,5.9700,5.9700,5.97,5.9700,yes
2025-12-07,Walmart,"BelGioioso Gluten-Free Asiago Specialty Cheese Wedge, 8 oz",1.0,5.4200,5.4200,5.42,5.4200,yes
2025-12-07,Walmart,"Great Value Sharp Cheddar Finely Shredded Cheese, 16 oz Bag",2.0,3.4800,6.9600,6.96,3.4800,yes
2025-12-07,Walmart,"Betty Crocker Bisquick Pancake and Baking Mix, Original, 20 oz",1.0,2.9200,2.9200,2.92,2.9200,yes
2025-12-07,Walmart,"Jimmy Dean Premium Pork Regular Sausage Roll, 16 oz",1.0,3.9700,3.9700,3.97,3.9700,yes
2025-12-07,Walmart,"Great Value Oven Roasted Turkey Breast Lunchmeat, 16 oz, Plastic Tub, Refrigerated",2.0,5.9700,11.9400,11.94,5.9700,yes
2025-12-07,Walmart,"Pepperidge Farm White Hot Dog Buns, Top Sliced, 8-Pack Bag",2.0,3.3700,6.7400,6.74,3.3700,yes
2025-12-07,Walmart,"Oscar Mayer Turkey Franks Hot Dogs, 16 oz, 10 ct Pack",2.0,3.9700,7.9400,7.94,3.9700,yes
2025-12-07,Walmart,"Super Tech Cabin Air Filter, 7280, Replacement Filter for Toyota, Mazda, Lexus",1.0,12.9700,12.9700,12.97,12.9700,yes
2025-12-07,Walmart,Marketside Envy Apples 3 Lb Bag,1.0,5.9700,5.9700,5.97,5.9700,yes
2025-12-07,Walmart,"Fresh Romaine Lettuce Hearts 3 Count, Each",1.0,3.86,3.86,3.86,,no
2025-12-07,Walmart,"Fresh Whole Carrots, 1 lb Bag",1.0,1.3200,1.3200,1.32,1.3200,yes
2025-12-07,Walmart,"Perdue Harvestland, Free Range, Fresh Chicken Breast Tenderloin Pieces, 0.8-1.7lb. Tray",1.0,7.0400,7.0400,7.04,7.0400,yes
2025-12-07,Walmart,Fresh Whole Russet Potatoes 5 lb Bag,1.0,2.4700,2.4700,2.47,2.4700,yes
2025-12-07,Walmart,"BelGioioso Freshly Shredded Parmesan Cheese, 5 oz Refrigerated Plastic Cup",1.0,3.9400,3.9400,3.94,3.9400,yes
2025-12-09,Walmart,"Maple Grove Farms Pure Maple Syrup, Kosher, 12.5 fl oz",1.0,8.5800,8.5800,8.58,8.5800,yes
2025-12-09,Walmart,"Honey Nut Cheerios, Heart Healthy Cereal, Affirmations Box, Mega Size, 27.2 oz",1.0,5.9700,5.9700,5.97,5.9700,yes
2025-12-09,Walmart,"Swiss Miss Milk Chocolate Flavored Hot Cocoa Mix, 38.27 oz. Canister",1.0,8.8700,8.8700,8.87,8.8700,yes
2025-12-09,Walmart,"BelGioioso Gluten-Free Asiago Specialty Cheese Wedge, 8 oz",1.0,5.4200,5.4200,5.42,5.4200,yes
2025-12-09,Walmart,"Cholula Kosher Green Pepper Hot Sauce, 5.0 fl oz Bottle",1.0,3.9200,3.9200,3.92,3.9200,yes
2025-12-09,Walmart,"Great Value Reduced Calorie Sugar Free Syrup, 24 fl oz",1.0,2.3600,2.3600,2.36,2.3600,yes
2025-12-09,Walmart,"Little Debbie Vanilla Christmas Tree Cakes, 8.52 oz, 5 Count",2.0,2.9700,5.9400,5.94,2.9700,yes
2025-12-09,Walmart,"Great Value Whole Vitamin D Milk, Gallon, 128 fl oz",1.0,2.2300,2.2300,2.23,2.2300,yes
2025-12-09,Walmart,"Great Value Large White Eggs, 36 Count",1.0,5.8200,5.8200,5.82,5.8200,yes
2025-12-11,Walmart,"Nestle Toll House Premier White Regular Baking Chips, 12 oz Bag",1.0,3.9700,3.9700,3.97,3.9700,yes
2025-12-11,Walmart,"Fresh Whole Yellow Onion, Each",1.0,0.97,0.97,0.97,,no
2025-12-11,Walmart,"Fresh Banana, Each",6.0,0.155,0.93,0.155,,no
2025-12-11,Walmart,"Traditional Medicinals, Organic Turmeric with Meadowsweet & Ginger Herbal Tea Bags, 16 Count",1.0,5.3200,5.3200,5.32,5.3200,yes
2025-12-11,Walmart,Traditional Medicinals Organic Nighty Night Extra Valerian Root Herbal Tea Bags,1.0,5.3200,5.3200,5.32,5.3200,yes
2025-12-11,Walmart,"Tostitos Scoops! Tortilla Chips Multigrain, 10 oz Bag",1.0,4.4800,4.4800,4.48,4.4800,yes
2025-12-11,Walmart,"TAZO Classic Chai Latte Black Tea Concentrate, Made from Real Black Tea, 32oz Carton",1.0,5.7200,5.7200,5.72,5.7200,yes
2025-12-11,Walmart,"Skinnypop Gluten Free Original Popcorn, 8.0 oz Family Size Bag, Skinny Pop, Popcorn Snacks",2.0,4.9200,9.8400,9.84,4.9200,yes
2025-12-11,Walmart,M&M's Milk Chocolate Christmas Candy - 10 oz Bag,1.0,3.9600,3.9600,3.96,3.9600,yes
2025-12-11,Walmart,"Kinder's Sunday Pot Roast Stew Seasoning for Slow Cooking, 1.1 oz",1.0,1.6700,1.6700,1.67,1.6700,yes
2025-12-11,Walmart,"Thomas' Plain Mini Bagels, 10 count, Kosher Mini Bagels, 15 oz Bag",1.0,4.8200,4.8200,4.82,4.8200,yes
2025-12-11,Walmart,"Great Value Original Whipped Cream Cheese Spread, 12 oz Tub",1.0,2.9200,2.9200,2.92,2.9200,yes
2025-12-11,Walmart,"Yogi Tea Elderberry Lemon Balm Immune Plus Stress, Herbal Tea Bags, 16 Count",1.0,4.4600,4.4600,4.46,4.4600,yes
2025-12-11,Walmart,"Oikos Pro 23g Protein, Strawberry Banana Cultured Dairy Drink Bottle, 7 fl oz",4.0,7.76,31.04,7.76,,no
2025-12-11,Walmart,"Oikos Pro Shots 10g Protein, Mixed Berry Cultured Dairy Drinks Bottles, 3.1 fl oz, 6 Count​",1.0,5.14,5.14,5.14,,no
2025-12-11,Walmart,"Oikos Pro Shots 10g Protein, Mango Cultured Dairy Drinks Bottles, 3.1 fl oz, 6 Count​",1.0,5.14,5.14,5.14,,no
2025-12-11,Walmart,"Planet Oat Oat Milk, Velvety & Smooth, Barista Lovers, 52 fl oz",1.0,3.3800,3.3800,3.38,3.3800,yes
2025-12-11,Walmart,"Great Value Whole Vitamin D Milk, Gallon, 128 fl oz",1.0,2.2300,2.2300,2.23,2.2300,yes
2025-12-11,Walmart,"Pacific Foods Organic Creamy Tomato Soup, 32 oz Carton",1.0,4.1200,4.1200,4.12,4.1200,yes
2025-12-11,Walmart,"Pepperidge Farm Farmhouse Sourdough Bread, 24 oz Loaf",2.0,3.8400,7.6800,7.68,3.8400,yes
2025-12-11,Walmart,"Pillsbury Grands! Southern Homestyle Buttermilk Biscuits, 2 Pack, 16 Biscuits, 32.6 oz",1.0,4.4600,4.4600,4.46,4.4600,yes
2025-12-11,Walmart,"Smithfield Hickory Smoked Bacon, 16 oz, Gluten-Free, No MSG",1.0,6.9700,6.9700,6.97,6.9700,yes
2025-12-11,Walmart,"Great Value Uncooked Original Breakfast Pork Sausage Links, 12 oz Package",1.0,2.4200,2.4200,2.42,2.4200,yes
2025-12-11,Walmart,"Jimmy Dean Premium Pork Regular Sausage Roll, 16 oz",1.0,3.9700,3.9700,3.97,3.9700,yes
2025-12-11,Walmart,"Pillsbury Orange Rolls with Cinnabon Cinnamon and Orange Icing, 8 Count, 13.9 oz",2.0,2.9700,5.9400,5.94,2.9700,yes
2025-12-11,Walmart,"Great Value Oven Roasted Turkey Breast Lunchmeat, 16 oz, Plastic Tub, Refrigerated",1.0,5.9700,5.9700,5.97,5.9700,yes
2025-12-11,Walmart,"Siete Mild Taco Seasoning, Mixed Spice, 1.31 oz. Packet",1.0,2.2300,2.2300,2.23,2.2300,yes
2025-12-11,Walmart,"WHOLLY GUACAMOLE Classic Bowl Family Size, Hass Avocados, No preservatives added, 15 oz Tub",1.0,5.3300,5.3300,5.33,5.3300,yes
2025-12-11,Walmart,"Gordo's Original Queso Cheese Dip, 16 oz, Refrigerated Dip",1.0,4.9800,4.9800,4.98,4.9800,yes
2025-12-11,Walmart,"Great Value Large White Eggs, 36 Count",1.0,5.8200,5.8200,5.82,5.8200,yes
2025-12-11,Walmart,"Great Value Gluten-Free Beef Broth, 32 oz Carton (Shelf-Stable)",1.0,1.5000,1.5000,1.5,1.5000,yes
2025-12-11,Walmart,"Great Value Tomato Paste, 6 oz",1.0,0.8600,0.8600,0.86,0.8600,yes
2025-12-11,Walmart,"Bush's Chili Beans, Canned Pinto Beans in Mild Chili Sauce, 27 oz Can",1.0,2.4200,2.4200,2.42,2.4200,yes
2025-12-11,Walmart,"Great Value Petite Diced Tomatoes in Tomato Juice, 14.5 oz",1.0,0.9600,0.9600,0.96,0.9600,yes
2025-12-11,Walmart,"Great Value Black Beans, 15 oz",1.0,0.8600,0.8600,0.86,0.8600,yes
2025-12-11,Walmart,"Great Value Golden Sweet Whole Kernel Corn, 15 oz",1.0,0.5000,0.5000,0.5,0.5000,yes
2025-12-11,Walmart,"McCormick Chili Seasoning Mix, 1.25 oz Packet",1.0,1.3700,1.3700,1.37,1.3700,yes
2025-12-11,Walmart,"All Natural Ground Chicken, 1 lb Tray",1.0,3.7200,3.7200,3.72,3.7200,yes
2025-12-11,Walmart,"Nature's Own WhiteWheat Healthy White Bread, Sliced White Bread Loaf, 20 oz, Shelf-Stable",2.0,3.6200,7.2400,7.24,3.6200,yes
2025-12-11,Walmart,"Pepperidge Farm White Hot Dog Buns, Top Sliced, 8-Pack Bag",2.0,3.3700,6.7400,6.74,3.3700,yes
2025-12-11,Walmart,"Oscar Mayer Turkey Franks Hot Dogs, 16 oz, 10 ct Pack",2.0,3.9700,7.9400,7.94,3.9700,yes
2025-12-11,Walmart,"Jet-Puffed Mini Marshmallows, 10 oz Bag",1.0,1.4700,1.4700,1.47,1.4700,yes
2025-12-11,Walmart,"Pillsbury Ready to Bake Cookie Dough, Chocolate Chip, About 30 Cookies, Value Size, 30 oz",1.0,5.4800,5.4800,5.48,5.4800,yes
2025-12-11,Walmart,"Perdue Harvestland, Free Range, Fresh Chicken Breast Tenderloin Pieces, 0.8-1.7lb. Tray",1.0,6.4100,6.4100,6.41,6.4100,yes
2025-12-11,Walmart,"Fresh Glorys Cherry Tomatoes, 10 oz Package",2.0,2.7300,5.4600,5.46,2.7300,yes
2025-12-11,Walmart,"Chuck Roast, Choice Angus Beef, Tray, Fresh, 2.25 - 3.38 lb",1.0,20.8600,20.8600,20.86,20.8600,yes
2025-12-11,Walmart,"Fresh Whole Carrots, 1 lb Bag",1.0,1.3200,1.3200,1.32,1.3200,yes
2025-12-11,Walmart,"Fresh Yellow Baby Potatoes, 1.5 lb Bag",1.0,3.4400,3.4400,3.44,3.4400,yes
2025-12-11,Walmart,"Fritos Regular Corn Chips, 9.25 oz Single Bag",2.0,4.4800,8.9600,8.96,4.4800,yes
2025-12-11,Walmart,"Fresh Organic Honeycrisp Apples, 2 lb Pouch",1.0,6.3800,6.3800,6.38,6.3800,yes
2025-12-14,Walmart,"Gatorade Sports Drink, Fruit Punch/Glacier Cherry/Cool Blue Variety Pack, 12 fl oz, 18 Count Bottles",1.0,11.9800,11.9800,11.98,11.9800,yes
2025-12-14,Walmart,"Scott Paper Towels, Choose-A-Sheet, 6 Double Rolls",1.0,6.8400,6.8400,6.84,6.8400,yes
2025-12-14,Walmart,"Snyder's of Hanover Pretzels, Braided Pretzel Twists Honey Wheat, 12 oz",1.0,3.6200,3.6200,3.62,3.6200,yes
2025-12-14,Walmart,"bubly Sparkling Water, The Super Mario Galaxy Movie Cherry, Zero Sugar & Zero Calories ,12 fl oz Cans (8 pack)​",2.0,4.2800,8.5600,8.56,4.2800,yes
2025-12-14,Walmart,"Kerrygold Grass-Fed Pure Irish Salted Butter Sticks, 8 oz, 2 Sticks",1.0,5.2400,5.2400,5.24,5.2400,yes
2025-12-14,Walmart,"Crunchmaster Multi-Seed Original Gluten-Free crackers, Party Pack, 7 oz. Bag in Box",1.0,5.9700,5.9700,5.97,5.9700,yes
2025-12-14,Walmart,"Quaker Original Quick 5-Minute Grits, Shelf-Stable, 24 Oz Canister",2.0,2.8800,5.7600,5.76,2.8800,yes
2025-12-14,Walmart,"Great Value Organic Extra Virgin Olive Oil, 17 fl oz",1.0,7.3600,7.3600,7.36,7.3600,yes
2025-12-14,Walmart,"Great Value Muenster Deli Style Sliced Cheese, 8 oz, 12 Slices",2.0,1.6700,3.3400,3.34,1.6700,yes
2025-12-14,Walmart,"Marketside Plain Goat Cheese, 4 oz",2.0,2.9700,5.9400,5.94,2.9700,yes
2025-12-14,Walmart,"Crystal Geyser Alpine Spring Water, 1 Gallon Plastic Jug",2.0,1.4300,2.8600,2.86,1.4300,yes
2025-12-15,Walmart,Walmart New Tire Install,1.0,0.0000,0.0000,0.0,0.0000,yes
2025-12-17,Walmart,"Swiffer Sweep + Mop Heavy Duty Wet Refills, Multi-Surface Floor Cleaner, Unstopables Fresh, 20 Count",1.0,8.9400,8.9400,8.94,8.9400,yes
2025-12-17,Walmart,"Fresh Banana, Each",1.0,0.16,0.16,0.16,,no
2025-12-17,Walmart,"Honey Nut Cheerios, Heart Healthy Cereal, Affirmations Box, Mega Size, 27.2 oz",1.0,5.9700,5.9700,5.97,5.9700,yes
2025-12-17,Walmart,"Great Value No Stir Creamy Natural Peanut Butter Spread, 40 oz",2.0,3.9800,7.9600,7.96,3.9800,yes
2025-12-17,Walmart,"Tostitos Scoops! Tortilla Chips Multigrain, 10 oz Bag",2.0,4.4800,8.9600,8.96,4.4800,yes
2025-12-17,Walmart,"Snyder's of Hanover Pretzels, Braided Pretzel Twists Honey Wheat, 12 oz",1.0,3.6200,3.6200,3.62,3.6200,yes
2025-12-17,Walmart,"bubly Sparkling Water, The Super Mario Galaxy Movie Cherry, Zero Sugar & Zero Calories ,12 fl oz Cans (8 pack)​",1.0,4.2800,4.2800,4.28,4.2800,yes
2025-12-17,Walmart,"bubly Sparkling Water, The Super Mario Galaxy Movie Lime, Zero Sugar & Zero Calories, 12 fl oz Cans (8 pack)​",1.0,4.2800,4.2800,4.28,4.2800,yes
2025-12-17,Walmart,"Thomas' Light Multi-Grain English Muffins, 6 count, 100 Calories English Muffins, 12 oz Tray",1.0,3.6700,3.6700,3.67,3.6700,yes
2025-12-17,Walmart,Marketside Envy Apples 3 Lb Bag,1.0,5.9700,5.9700,5.97,5.9700,yes
2025-12-17,Walmart,"Fresh Lime, Each",3.0,0.25,0.75,0.25,,no
2025-12-17,Walmart,"Vita Coco The Original Coconut Water, Nutrients & Electrolytes Rich, Pure, 16.9 fl oz Tetra",2.0,2.7700,5.5400,5.54,2.7700,yes
2025-12-17,Walmart,"Great Value Sharp Cheddar Finely Shredded Cheese, 16 oz Bag",1.0,3.4800,3.4800,3.48,3.4800,yes
2025-12-17,Walmart,"Betty Crocker Bisquick Pancake and Baking Mix, Original, 20 oz",2.0,2.9200,5.8400,5.84,2.9200,yes
2025-12-17,Walmart,"Jimmy Dean Premium Pork Regular Sausage Roll, 16 oz",1.0,3.9700,3.9700,3.97,3.9700,yes
2025-12-17,Walmart,"Keebler Ready Crust 9-Inch Graham Cracker Pie Crust, Premade Pie Crust For Baking And No-Bake, 6 oz",1.0,2.9400,2.9400,2.94,2.9400,yes
2025-12-17,Walmart,"Cool Whip Original Whipped Topping, 8 oz Tub",1.0,1.9800,1.9800,1.98,1.9800,yes
2025-12-17,Walmart,"Great Value Cream Cheese Brick, 8 oz Block",1.0,1.5600,1.5600,1.56,1.5600,yes
2025-12-17,Walmart,"Great Value Original Whipped Cream Cheese Spread, 12 oz Tub",2.0,2.9200,5.8400,5.84,2.9200,yes
2025-12-17,Walmart,"Thomas' Plain Mini Bagels, 10 count, Kosher Mini Bagels, 15 oz Bag",2.0,4.8200,9.6400,9.64,4.8200,yes
2025-12-17,Walmart,"Pepperidge Farm Raisin Cinnamon Swirl Breakfast Bread, 16 oz Loaf",2.0,3.4700,6.9400,6.94,3.4700,yes
2025-12-17,Walmart,"Land O Lakes Unsalted Butter, 4 Sticks, 1 lb Pack",1.0,4.4600,4.4600,4.46,4.4600,yes
2025-12-17,Walmart,"Jet-Puffed Mini Marshmallows, 10 oz Bag",4.0,1.4700,5.8800,5.88,1.4700,yes
2025-12-17,Walmart,"Kellogg's Rice Krispies Breakfast Cereal, 8 Vitamins and Minerals, Family Size, 18 oz",1.0,4.9800,4.9800,4.98,4.9800,yes
2025-12-17,Walmart,"Kellogg's Graham Cracker Original Crumbs, Dessert Ingredients, 13.5 oz",1.0,3.4300,3.4300,3.43,3.4300,yes
2025-12-17,Walmart,"Great Value Confectioners Powdered Sugar, 32 oz",2.0,1.9700,3.9400,3.94,1.9700,yes
2025-12-17,Walmart,"Nestle Toll House Semi Sweet Chocolate Baking Chips, 12 oz Bag",2.0,3.9700,7.9400,7.94,3.9700,yes
2025-12-17,Walmart,"Great Value Whole Vitamin D Milk, Gallon, 128 fl oz",2.0,2.2300,4.4600,4.46,2.2300,yes
2025-12-17,Walmart,"Fresh Whole Celery Stalk, 1 Each Bag",1.0,1.27,1.27,1.27,,no
2025-12-17,Walmart,"Fresh Whole Carrots, 1 lb Bag",1.0,1.3200,1.3200,1.32,1.3200,yes
2025-12-17,Walmart,"Great Value Coconut Milk, 13.5 fl oz, Can",2.0,2.1200,4.2400,4.24,2.1200,yes
2025-12-17,Walmart,"BelGioioso Freshly Shredded Parmesan Cheese, 5 oz Refrigerated Plastic Cup",1.0,3.9400,3.9400,3.94,3.9400,yes
2025-12-21,Walmart,"Oikos Pro 23g Protein, Mango Pineapple Cultured Dairy Drink Bottle, 7 fl oz",4.0,7.76,31.04,7.76,,no
2025-12-21,Walmart,"Planet Oat Extra Creamy Original Oat Milk, 52 oz",1.0,3.3800,3.3800,3.38,3.3800,yes
2025-12-21,Walmart,"Fresh Slicing Tomato, Each",4.0,1.48,5.92,1.48,,no
2025-12-21,Walmart,"Fresh Banana, Each",7.0,0.16714285714285712,1.17,0.16714285714285712,,no
2025-12-21,Walmart,"Great Value Organic Bay Leaves, 0.15 oz",1.0,4.3600,4.3600,4.36,4.3600,yes
2025-12-21,Walmart,"Hellmann's Real Mayonnaise Rich Creamy Condiment Gluten Free, 20 oz Squeeze Bottle",1.0,6.4200,6.4200,6.42,6.4200,yes
2025-12-21,Walmart,"Smash Kitchen Organic Classic Extra Virgin Olive Oil, 16.9 fl oz",1.0,8.9700,8.9700,8.97,8.9700,yes
2025-12-21,Walmart,"Tostitos Scoops! Tortilla Chips Multigrain, 10 oz Bag",2.0,4.4800,8.9600,8.96,4.4800,yes
2025-12-21,Walmart,"TAZO Classic Chai Latte Black Tea Concentrate, Made from Real Black Tea, 32oz Carton",1.0,5.7200,5.7200,5.72,5.7200,yes
2025-12-21,Walmart,"Dr Teal's Kids 3-in-1 Bubble Bath, Body Wash & Shampoo with Melatonin & Essential Oil, 20 fl oz",1.0,5.8700,5.8700,5.87,5.8700,yes
2025-12-21,Walmart,"Dr Teal's Epsom Salt Magnesium Soak, Relax & Relief with Eucalyptus & Spearmint, 3 lbs",1.0,5.8700,5.8700,5.87,5.8700,yes
2025-12-21,Walmart,"Tylenol Cold + Flu Severe Caplets for Multi-Symptom Relief, 24 Count.",1.0,7.6700,7.6700,7.67,7.6700,yes
2025-12-21,Walmart,"Pillsbury Grands! Southern Style Frozen Breakfast Biscuits, Value Pack, 20 ct., 41.6 oz",1.0,5.4200,5.4200,5.42,5.4200,yes
2025-12-21,Walmart,"Thomas' Light Multi-Grain English Muffins, 6 count, 100 Calories English Muffins, 12 oz Tray",1.0,3.6700,3.6700,3.67,3.6700,yes
2025-12-21,Walmart,"Snyder's of Hanover Pretzels, Braided Pretzel Twists Honey Wheat, 12 oz",1.0,3.6200,3.6200,3.62,3.6200,yes
2025-12-21,Walmart,"bubly Sparkling Water, The Super Mario Galaxy Movie Cherry, Zero Sugar & Zero Calories ,12 fl oz Cans (8 pack)​",1.0,4.2800,4.2800,4.28,4.2800,yes
2025-12-21,Walmart,"bubly Sparkling Water, The Super Mario Galaxy Movie Lime, Zero Sugar & Zero Calories, 12 fl oz Cans (8 pack)​",1.0,4.2800,4.2800,4.28,4.2800,yes
2025-12-21,Walmart,"Jimmy Dean Premium Pork Regular Sausage Roll, 16 oz",1.0,3.9700,3.9700,3.97,3.9700,yes
2025-12-21,Walmart,"Great Value Cinnamon Sticks, 0.75 oz",1.0,3.2200,3.2200,3.22,3.2200,yes
2025-12-21,Walmart,Fever-Tree Ginger Beer 150ml Cans; 8-pack,1.0,7.4800,7.4800,7.48,7.4800,yes
2025-12-21,Walmart,"Tropicana Pure Premium 100% Orange Juice Original, No Pulp, No Sugar Added, 46 fl oz",1.0,4.3400,4.3400,4.34,4.3400,yes
2025-12-21,Walmart,"Great Value Organic Pomegranate Juice, 32 fl oz",1.0,5.6800,5.6800,5.68,5.6800,yes
2025-12-21,Walmart,"Great Value Ground Ginger, 1.5 oz",1.0,2.3600,2.3600,2.36,2.3600,yes
2025-12-21,Walmart,"Pillsbury Ready to Bake Refrigerated Sugar Cookie Dough, Makes 24 Cookies, 16 oz",1.0,3.4600,3.4600,3.46,3.4600,yes
2025-12-21,Walmart,"Pillsbury Ready to Bake Chocolate Chip Cookie Dough, Makes 24 Cookies, 16 oz",1.0,3.4600,3.4600,3.46,3.4600,yes
2025-12-21,Walmart,"HONEY MAID Graham Crackers, Lunch Snacks, Easter Baking, 14.4 oz",1.0,4.6800,4.6800,4.68,4.6800,yes
2025-12-21,Walmart,"Cool Whip Original Whipped Topping, 8 oz Tub",1.0,1.9800,1.9800,1.98,1.9800,yes
2025-12-21,Walmart,"Fluffernutter Marshmallow Fluff, 7.5 oz",1.0,1.5200,1.5200,1.52,1.5200,yes
2025-12-21,Walmart,"Great Value Sharp Cheddar Finely Shredded Cheese, 16 oz Bag",1.0,3.4800,3.4800,3.48,3.4800,yes
2025-12-21,Walmart,"Great Value Original Sour Cream, 24 oz Tub",1.0,2.7400,2.7400,2.74,2.7400,yes
2025-12-21,Walmart,"Concord Foods Lime Juice, No Pulp, from Concentrate 4.5 oz",1.0,0.9800,0.9800,0.98,0.9800,yes
2025-12-21,Walmart,"Fresh Lime, Each",4.0,0.25,1.0,0.25,,no
2025-12-21,Walmart,"La Chona Cotija Mexican Style Grated Cheese 16 oz. Bag, Refrigerated.",1.0,5.8300,5.8300,5.83,5.8300,yes
2025-12-21,Walmart,"BelGioioso Fresh Mozzarella Log, Pre-Sliced Specialty Cheese, 16 oz Refrigerated Plastic Packet",2.0,7.4700,14.9400,14.94,7.4700,yes
2025-12-21,Walmart,Pompeian Red Wine Vinegar - 16 fl oz,1.0,2.8400,2.8400,2.84,2.8400,yes
2025-12-21,Walmart,"The Cheesecake Factory At Home Famous ""Brown Bread"" Sweet Wheat Sandwich Loaf, 18.7 oz, Kosher Rye Bread, Bag",1.0,4.2200,4.2200,4.22,4.2200,yes
2025-12-21,Walmart,"Great Value Golden Sweet Whole Kernel Corn, 15 oz",2.0,0.5000,1.0000,1.0,0.5000,yes
2025-12-21,Walmart,"Great Value Black Beans, 15 oz",1.0,0.8600,0.8600,0.86,0.8600,yes
2025-12-21,Walmart,"Nature's Own WhiteWheat Healthy White Bread, Sliced White Bread Loaf, 20 oz, Shelf-Stable",1.0,3.6200,3.6200,3.62,3.6200,yes
2025-12-21,Walmart,"Great Value Oven Roasted Turkey Breast Lunchmeat, 16 oz, Plastic Tub, Refrigerated",1.0,5.9700,5.9700,5.97,5.9700,yes
2025-12-21,Walmart,"Pepperidge Farm White Hot Dog Buns, Top Sliced, 8-Pack Bag",2.0,3.3700,6.7400,6.74,3.3700,yes
2025-12-21,Walmart,"Oscar Mayer Turkey Franks Hot Dogs, 16 oz, 10 ct Pack",1.0,3.9700,3.9700,3.97,3.9700,yes
2025-12-21,Walmart,"Ocean Spray® Cranberry Juice Cocktail, 64 fl oz Bottle",1.0,3.2800,3.2800,3.28,3.2800,yes
2025-12-21,Walmart,"Sprite Lemon Lime Soda Pop, 2 Liter Bottle",2.0,1.9800,3.9600,3.96,1.9800,yes
2025-12-21,Walmart,Chobani 20G Protein Low-Fat Greek Yogurt Drink Strawberries & Cream 10 fl oz Bottle,2.0,4.64,9.28,4.64,,no
2025-12-21,Walmart,"Oikos Pro Shots 10g Protein, Mango Cultured Dairy Drinks Bottles, 3.1 fl oz, 6 Count​",1.0,5.14,5.14,5.14,,no
2025-12-21,Walmart,"Oikos Pro Shots 10g Protein, Mixed Berry Cultured Dairy Drinks Bottles, 3.1 fl oz, 6 Count​",1.0,5.14,5.14,5.14,,no
2025-12-21,Walmart,"Great Value Large White Eggs, 36 Count",2.0,5.8200,11.6400,11.64,5.8200,yes
2025-12-21,Walmart,"Nestle Toll House Semi Sweet Chocolate Baking Chips, 12 oz Bag",2.0,3.9700,7.9400,7.94,3.9700,yes
2025-12-21,Walmart,Fresh Whole Russet Potatoes 5 lb Bag,2.0,2.4700,4.9400,4.94,2.4700,yes
2025-12-21,Walmart,"Fresh Whole Brussels Sprouts, 1 lb Bag",3.0,3.1700,9.5100,9.51,3.1700,yes
2025-12-21,Walmart,"Garlic Bulb Fresh Whole, Each",1.0,0.72,0.72,0.72,,no
2025-12-21,Walmart,"Fresh Romaine Lettuce Hearts 3 Count, Each",1.0,3.86,3.86,3.86,,no
2025-12-21,Walmart,"Perdue Harvestland, Free Range, Fresh Chicken Breast Tenderloin Pieces, 0.8-1.7lb. Tray",1.0,5.6500,5.6500,5.65,5.6500,yes
2025-12-21,Walmart,Marketside Envy Apples 3 Lb Bag,1.0,5.9700,5.9700,5.97,5.9700,yes
2025-12-21,Walmart,"BelGioioso Freshly Shredded Parmesan Cheese, 5 oz Refrigerated Plastic Cup",1.0,3.9400,3.9400,3.94,3.9400,yes
2025-12-21,Walmart,"(2 pack) Welch's Non-Alcoholic Sparkling Rosé Grape Juice Cocktail, 25.4 fl oz Bottle",1.0,7.9600,7.9600,7.96,7.9600,yes
2025-12-21,Walmart,"Fresh Cranberries, 12 oz, Bag",1.0,0.9700,0.9700,0.97,0.9700,yes
2025-12-22,Walmart,"Scott Paper Towels, Choose-A-Sheet, 6 Double Rolls",1.0,6.8400,6.8400,6.84,6.8400,yes
2025-12-22,Walmart,"Scott 1000 Toilet Paper, 12 Rolls, 1,000 Sheets per Roll",1.0,10.9700,10.9700,10.97,10.9700,yes
2025-12-22,Walmart,"Marketside Plain Goat Cheese, 4 oz",2.0,2.9700,5.9400,5.94,2.9700,yes
2025-12-22,Walmart,"Great Value Whole Vitamin D Milk, Gallon, 128 fl oz",1.0,2.2300,2.2300,2.23,2.2300,yes
2025-12-26,Walmart,"Oikos Triple Zero 17g Protein, 0g Added Sugar, Fat Free Vanilla Greek Yogurt Tub, 32 oz",1.0,6.27,6.27,6.27,,no
2025-12-26,Walmart,"Fresh Whole Sweet Onion, Each",1.0,0.36,0.36,0.36,,no
2025-12-26,Walmart,"Fresh Banana, Each",5.0,0.22000000000000003,1.1,0.22000000000000003,,no
2025-12-26,Walmart,"Honey Nut Cheerios, Heart Healthy Cereal, Affirmations Box, Mega Size, 27.2 oz",1.0,5.9700,5.9700,5.97,5.9700,yes
2025-12-26,Walmart,"Pace Chunky Medium Salsa, 64 oz Bottle",1.0,7.9300,7.9300,7.93,7.9300,yes
2025-12-26,Walmart,"Tostitos Scoops! Tortilla Chips Multigrain, 10 oz Bag",2.0,4.4800,8.9600,8.96,4.4800,yes
2025-12-26,Walmart,"Snack Factory Original Pretzel Crisps, Non-GMO, 14 oz Party Size Bag",1.0,5.3200,5.3200,5.32,5.3200,yes
2025-12-26,Walmart,"King's Hawaiian Original Hawaiian Sweet Dinner Rolls 24 Count, 24 oz, Shelf-Stable",1.0,7.8800,7.8800,7.88,7.8800,yes
2025-12-26,Walmart,"Great Value Tomato Paste, 6 oz",1.0,0.8600,0.8600,0.86,0.8600,yes
2025-12-26,Walmart,"Nature's Own WhiteWheat Healthy White Bread, Sliced White Bread Loaf, 20 oz, Shelf-Stable",1.0,3.6200,3.6200,3.62,3.6200,yes
2025-12-26,Walmart,"Great Value Uncooked Original Breakfast Pork Sausage Links, 12 oz Package",1.0,2.4200,2.4200,2.42,2.4200,yes
2025-12-26,Walmart,"Jimmy Dean Premium Pork Regular Sausage Roll, 16 oz",1.0,3.9700,3.9700,3.97,3.9700,yes
2025-12-26,Walmart,"""JIFFY"" Corn Muffin Mix, 8.5 oz Box",1.0,0.5000,0.5000,0.5,0.5000,yes
2025-12-26,Walmart,"Bush's Chili Beans, Canned Pinto Beans in Mild Chili Sauce, 27 oz Can",1.0,2.4200,2.4200,2.42,2.4200,yes
2025-12-26,Walmart,"Great Value Petite Diced Tomatoes in Tomato Juice, 14.5 oz",1.0,0.9600,0.9600,0.96,0.9600,yes
2025-12-26,Walmart,"Great Value Golden Sweet Whole Kernel Corn, 15 oz",1.0,0.5000,0.5000,0.5,0.5000,yes
2025-12-26,Walmart,"Great Value Black Beans, 15 oz",1.0,0.8600,0.8600,0.86,0.8600,yes
2025-12-26,Walmart,"McCormick Chili Seasoning Mix, 1.25 oz Packet",1.0,1.3700,1.3700,1.37,1.3700,yes
2025-12-26,Walmart,"Perdue Harvestland, Fresh Ground Chicken, 92% Lean 8% Fat, 1 lb. Tray",1.0,3.8400,3.8400,3.84,3.8400,yes
2025-12-26,Walmart,"The Cheesecake Factory At Home Famous ""Brown Bread"" Sweet Wheat Sandwich Loaf, 18.7 oz, Kosher Rye Bread, Bag",1.0,4.2200,4.2200,4.22,4.2200,yes
2025-12-26,Walmart,"BelGioioso Gluten-Free Asiago Specialty Cheese Wedge, 8 oz",1.0,5.4200,5.4200,5.42,5.4200,yes
2025-12-26,Walmart,"Great Value Seasoned Croutons, Baked and Seasoned, 5 oz Resealable Bag",1.0,1.4200,1.4200,1.42,1.4200,yes
2025-12-26,Walmart,"Smithfield Hickory Smoked Bacon, 16 oz, Gluten-Free, No MSG",1.0,6.9700,6.9700,6.97,6.9700,yes
2025-12-26,Walmart,"Great Value Sharp Cheddar Finely Shredded Cheese, 16 oz Bag",1.0,3.4800,3.4800,3.48,3.4800,yes
2025-12-26,Walmart,"Great Value Original Sour Cream, 24 oz Tub",1.0,2.7400,2.7400,2.74,2.7400,yes
2025-12-26,Walmart,"WHOLLY GUACAMOLE Classic Bowl Family Size, Hass Avocados, No preservatives added, 15 oz Tub",1.0,5.3300,5.3300,5.33,5.3300,yes
2025-12-26,Walmart,"Gordo's Original Queso Cheese Dip, 16 oz, Refrigerated Dip",1.0,4.9800,4.9800,4.98,4.9800,yes
2025-12-26,Walmart,"bubly Sparkling Water, The Super Mario Galaxy Movie Cherry, Zero Sugar & Zero Calories ,12 fl oz Cans (8 pack)​",2.0,4.2800,8.5600,8.56,4.2800,yes
2025-12-26,Walmart,"bubly Sparkling Water, The Super Mario Galaxy Movie Lime, Zero Sugar & Zero Calories, 12 fl oz Cans (8 pack)​",2.0,4.2800,8.5600,8.56,4.2800,yes
2025-12-26,Walmart,"Planet Oat Oat Milk, Velvety & Smooth, Barista Lovers, 52 fl oz",1.0,3.3800,3.3800,3.38,3.3800,yes
2025-12-26,Walmart,"Great Value Whole Vitamin D Milk, Gallon, 128 fl oz",1.0,2.2700,2.2700,2.27,2.2700,yes
2025-12-26,Walmart,"Great Value Whole Milk Low-Moisture Mozzarella String Cheese Sticks, 12 oz, 12 Count",1.0,3.2800,3.2800,3.28,3.2800,yes
2025-12-26,Walmart,"Great Value Colby & Monterey Jack Cheese Snack, 9 oz Bag, 12 Cheese Sticks",2.0,2.5600,5.1200,5.12,2.5600,yes
2025-12-26,Walmart,"Oikos Pro Shots 10g Protein, Mango Cultured Dairy Drinks Bottles, 3.1 fl oz, 6 Count​",1.0,5.14,5.14,5.14,,no
2025-12-26,Walmart,"Oikos Pro Shots 10g Protein, Mixed Berry Cultured Dairy Drinks Bottles, 3.1 fl oz, 6 Count​",1.0,5.14,5.14,5.14,,no
2025-12-26,Walmart,"Oikos Pro 23g Protein, Strawberry Banana Cultured Dairy Drink Bottle, 7 fl oz",5.0,9.7,48.5,9.7,,no
2025-12-26,Walmart,Chobani 20G Protein Low-Fat Greek Yogurt Drink Strawberries & Cream 10 fl oz Bottle,4.0,9.28,37.12,9.28,,no
2025-12-26,Walmart,"Fresh Glorys Cherry Tomatoes, 10 oz Package",1.0,2.7300,2.7300,2.73,2.7300,yes
2025-12-26,Walmart,"Fritos Regular Corn Chips, 9.25 oz Single Bag",1.0,4.4800,4.4800,4.48,4.4800,yes
2025-12-26,Walmart,"Perdue Harvestland, Free Range, Fresh Chicken Breast Tenderloin Pieces, 0.8-1.7lb. Tray",1.0,8.0200,8.0200,8.02,8.0200,yes
2025-12-26,Walmart,"Fresh Romaine Lettuce Hearts 3 Count, Each",1.0,3.86,3.86,3.86,,no
2025-12-26,Walmart,Fresh Whole Russet Potatoes 5 lb Bag,1.0,2.4700,2.4700,2.47,2.4700,yes
2025-12-26,Walmart,"Fresh Red Baby Potatoes, 1.5 lb Bag",1.0,3.4400,3.4400,3.44,3.4400,yes
2025-12-26,Walmart,Marketside Envy Apples 3 Lb Bag,1.0,5.9700,5.9700,5.97,5.9700,yes
2025-12-26,Walmart,"BelGioioso Freshly Shredded Parmesan Cheese, 5 oz Refrigerated Plastic Cup",1.0,3.9400,3.9400,3.94,3.9400,yes
2025-12-29,Walmart,"Honey Nut Cheerios, Heart Healthy Cereal, Affirmations Box, Mega Size, 27.2 oz",1.0,5.9700,5.9700,5.97,5.9700,yes
2025-12-29,Walmart,"TAZO Classic Chai Latte Black Tea Concentrate, Made from Real Black Tea, 32oz Carton",1.0,5.7200,5.7200,5.72,5.7200,yes
2025-12-29,Walmart,Chobani 20G Protein Low-Fat Greek Yogurt Drink Strawberries & Cream 10 fl oz Bottle,4.0,9.28,37.12,9.28,,no
2025-12-29,Walmart,"Thomas' Light Multi-Grain English Muffins, 6 count, 100 Calories English Muffins, 12 oz Tray",1.0,3.6700,3.6700,3.67,3.6700,yes
2025-12-29,Walmart,"bubly Sparkling Water, The Super Mario Galaxy Movie Lime, Zero Sugar & Zero Calories, 12 fl oz Cans (8 pack)​",1.0,4.2800,4.2800,4.28,4.2800,yes
2025-12-29,Walmart,"Tropicana Pure Premium 100% Orange Juice Original, No Pulp, No Sugar Added, 46 fl oz",1.0,4.3400,4.3400,4.34,4.3400,yes
2025-12-29,Walmart,"Fresh Lime, Each",4.0,0.25,1.0,0.25,,no
2025-12-29,Walmart,"Great Value Whole Vitamin D Milk, Gallon, 128 fl oz",1.0,2.2700,2.2700,2.27,2.2700,yes
2025-12-29,Walmart,"Great Value Large White Eggs, 36 Count",1.0,5.8200,5.8200,5.82,5.8200,yes
2025-12-29,Walmart,"Great Value Sharp Cheddar Finely Shredded Cheese, 16 oz Bag",1.0,3.4800,3.4800,3.48,3.4800,yes
2025-12-29,Walmart,"Jimmy Dean Premium Pork Regular Sausage Roll, 16 oz",1.0,3.9700,3.9700,3.97,3.9700,yes
2025-12-29,Walmart,"Great Value Low-Moisture Part-Skim Mozzarella Shredded Cheese, 32 oz Bag",1.0,6.9200,6.9200,6.92,6.9200,yes
2025-12-29,Walmart,"Classico Signature Recipes Traditional Pizza Sauce, 14 oz Jar",1.0,2.9700,2.9700,2.97,2.9700,yes
2025-12-29,Walmart,"Pillsbury Original Crescent Rolls, Dough, 2 Pack, 16 Rolls, 16 oz",2.0,4.4600,8.9200,8.92,4.4600,yes
2025-12-29,Walmart,Marketside Envy Apples 3 Lb Bag,1.0,5.9700,5.9700,5.97,5.9700,yes
2025-12-29,Walmart,"Fresh Whole Carrots, 1 lb Bag",1.0,1.3200,1.3200,1.32,1.3200,yes
2025-12-29,Walmart,Fever-Tree Ginger Beer 150ml Cans; 8-pack,2.0,7.4800,14.9600,14.96,7.4800,yes
2026-01-03,Walmart,"Great Value Diced Tomatoes in Tomato Juice, 14.5 oz Can",1.0,0.9600,0.9600,0.96,0.9600,yes
2026-01-03,Walmart,"Fresh Red Seedless Grapes, Bag (2.25 lbs/Bag Est.)",1.0,3.1000,3.1000,3.1,3.1000,yes
2026-01-03,Walmart,"Fresh Whole Yellow Onion, Each",1.0,1.01,1.01,1.01,,no
2026-01-03,Walmart,"Fresh Banana, Each",4.0,0.2225,0.89,0.2225,,no
2026-01-03,Walmart,"Hellmann's Real Mayonnaise Rich Creamy Condiment Gluten Free, 20 oz Squeeze Bottle",1.0,6.4200,6.4200,6.42,6.4200,yes
2026-01-03,Walmart,"PopCorners No Artificial Colors or Flavors White Cheddar Popped Corn Chips Bag, 7 oz",1.0,3.9800,3.9800,3.98,3.9800,yes
2026-01-03,Walmart,"Swiffer Dusters Multi-Surface Refills, Unscented, 10 Count Dusters",1.0,9.9400,9.9400,9.94,9.9400,yes
2026-01-03,Walmart,"Tostitos Scoops! Tortilla Chips Multigrain, 10 oz Bag",2.0,3.9700,7.9400,7.94,3.9700,yes
2026-01-03,Walmart,"Blue Diamond Almonds, Lightly Salted Low Sodium Snack Nuts For Gluten Free Snacking, 14 oz.",1.0,6.9400,6.9400,6.94,6.9400,yes
2026-01-03,Walmart,"Heinz Tomato Ketchup, 32 oz Bottle",1.0,4.4700,4.4700,4.47,4.4700,yes
2026-01-03,Walmart,"Nature Valley Protein Oats and Honey Granola, Family Size Pouch, 17 oz",1.0,5.98,5.98,5.98,,no
2026-01-03,Walmart,"Jimmy Dean Premium Pork Regular Sausage Roll, 16 oz",1.0,3.9700,3.9700,3.97,3.9700,yes
2026-01-03,Walmart,"Great Value Uncooked Original Breakfast Pork Sausage Links, 12 oz Package",1.0,2.4200,2.4200,2.42,2.4200,yes
2026-01-03,Walmart,"PopCorners No Artificial Colors or Flavors Spicy Queso Popped Corn Chips Bag, 7 oz​",1.0,3.9800,3.9800,3.98,3.9800,yes
2026-01-03,Walmart,"PopCorners No Artificial Colors or Flavors Kettle Corn Popped Corn Chips Bag, 7 oz​",1.0,3.9800,3.9800,3.98,3.9800,yes
2026-01-03,Walmart,"Gordo's Original Queso Cheese Dip, 16 oz, Refrigerated Dip",1.0,4.9800,4.9800,4.98,4.9800,yes
2026-01-03,Walmart,"Siete Mild Taco Seasoning, Mixed Spice, 1.31 oz. Packet",1.0,2.2300,2.2300,2.23,2.2300,yes
2026-01-03,Walmart,Cabot Creamery Colby Jack Cheddar Cheese Block 8 oz (Refrigerated),2.0,2.8200,5.6400,5.64,2.8200,yes
2026-01-03,Walmart,"Velveeta Original Pasteurized Recipe Cheese Product, 16 oz Block",1.0,5.4800,5.4800,5.48,5.4800,yes
2026-01-03,Walmart,"Great Value Mild Diced Tomatoes with Green Chilies, 10 oz",1.0,0.9600,0.9600,0.96,0.9600,yes
2026-01-03,Walmart,"McCormick Kosher Ground Cumin, 1.5 oz Bottle",1.0,2.5200,2.5200,2.52,2.5200,yes
2026-01-03,Walmart,"Great Value Small Shells, 16 oz",2.0,0.9800,1.9600,1.96,0.9800,yes
2026-01-03,Walmart,"Great Value Original Ricotta Cheese, 32 oz Tub",1.0,5.2400,5.2400,5.24,5.2400,yes
2026-01-03,Walmart,"Mueller's Sodium-Free, Cholesterol-Free Lasagna Pasta, 16 oz (Shelf-Stable)",1.0,2.3400,2.3400,2.34,2.3400,yes
2026-01-03,Walmart,"Great Value Gluten-Free Beef Broth, 32 oz Carton (Shelf-Stable)",1.0,1.5000,1.5000,1.5,1.5000,yes
2026-01-03,Walmart,"Great Value Crushed Tomatoes with Tomato Puree, 28 oz",1.0,1.5200,1.5200,1.52,1.5200,yes
2026-01-03,Walmart,"All Natural Ground Chicken, 1 lb Tray",2.0,3.7200,7.4400,7.44,3.7200,yes
2026-01-03,Walmart,"Great Value Whole Vitamin D Milk, Gallon, 128 fl oz",1.0,2.2700,2.2700,2.27,2.2700,yes
2026-01-03,Walmart,"Great Value Large White Eggs, 18 Count",1.0,2.9200,2.9200,2.92,2.9200,yes
2026-01-03,Walmart,"Welch's Natural Concord Grape Spread, 17 oz Jar",1.0,3.2800,3.2800,3.28,3.2800,yes
2026-01-03,Walmart,"Welch's Natural Strawberry Spread, 17 oz Jar",1.0,3.2700,3.2700,3.27,3.2700,yes
2026-01-03,Walmart,"Simply Potatoes Shredded Hash Browns, 20 oz Bag (Refrigerated)",1.0,2.7200,2.7200,2.72,2.7200,yes
2026-01-03,Walmart,"Smithfield Hickory Smoked Bacon, 16 oz, Gluten-Free, No MSG",1.0,5.9700,5.9700,5.97,5.9700,yes
2026-01-03,Walmart,"Vermont Creamery Blueberry, Lemon & Thyme Goat Cheese Log, 4 oz",1.0,3.9800,3.9800,3.98,3.9800,yes
2026-01-03,Walmart,"Oscar Mayer Turkey Franks Hot Dogs, 16 oz, 10 ct Pack",2.0,3.9700,7.9400,7.94,3.9700,yes
2026-01-03,Walmart,"Pepperidge Farm White Hot Dog Buns, Top Sliced, 8-Pack Bag",2.0,3.3700,6.7400,6.74,3.3700,yes
2026-01-03,Walmart,"Nature's Own WhiteWheat Healthy White Bread, Sliced White Bread Loaf, 20 oz, Shelf-Stable",1.0,3.6200,3.6200,3.62,3.6200,yes
2026-01-03,Walmart,"BelGioioso Gluten-Free Asiago Specialty Cheese Wedge, 8 oz",1.0,5.4200,5.4200,5.42,5.4200,yes
2026-01-03,Walmart,"Planet Oat Oat Milk, Velvety & Smooth, Barista Lovers, 52 fl oz",1.0,3.3800,3.3800,3.38,3.3800,yes
2026-01-03,Walmart,"Great Value Oven Roasted Turkey Breast Lunchmeat, 16 oz, Plastic Tub, Refrigerated",2.0,5.9700,11.9400,11.94,5.9700,yes
2026-01-03,Walmart,"Dave's Killer Bread Raisin' The Roof! Organic Breakfast Bread, Cinnamon Raisin Loaf, 18 Oz",1.0,6.9700,6.9700,6.97,6.9700,yes
2026-01-03,Walmart,"Great Value Large White Eggs, 36 Count",1.0,5.8200,5.8200,5.82,5.8200,yes
2026-01-03,Walmart,"Fresh Red Bell Pepper, 1 Each",1.0,1.48,1.48,1.48,,no
2026-01-03,Walmart,"Fresh Whole Carrots, 1 lb Bag",1.0,1.3200,1.3200,1.32,1.3200,yes
2026-01-03,Walmart,"Stacy’s No Artificial Colors or Flavors Sea Salt Pita Chips Bag, 7.33 oz​",1.0,3.9800,3.9800,3.98,3.9800,yes
2026-01-03,Walmart,Marketside Envy Apples 3 Lb Bag,1.0,5.9700,5.9700,5.97,5.9700,yes
2026-01-03,Walmart,"Fresh Glorys Cherry Tomatoes, 10 oz Package",1.0,2.7300,2.7300,2.73,2.7300,yes
2026-01-04,Walmart,Lucas Oil Products 10514 Interior Detailer,1.0,11.0000,11.0000,11.0,11.0000,yes
2026-01-05,Target,Hot Honey Cashews - 6oz - Good & Gather™,1.0,4.0,4.0,4.0,,no
2026-01-05,Target,Kettle Brand Party Size Sea Salt and Vinegar Potato Chips - 13oz,1.0,5.19,5.19,5.19,,no
2026-01-05,Target,Cranberry Jalapeno Dip - 10oz - Good & Gather™,1.0,1.0,1.0,1.0,,no
2026-01-05,Target,Entertainment Collection Crackers Variety Pack - 13.1oz - Good & Gather™,1.0,4.69,4.69,4.69,,no
2026-01-09,Walmart,"TPH BY TARAJI Hustle & Co Hydrating Co Wash Cleansing Hair Conditioner | Coily & Curly Hair | All Genders, 12 oz.",1.0,14.0000,14.0000,14.0,14.0000,yes
2026-01-09,Walmart,"TPH BY TARAJI Ride or Die Biotin Leave in Conditioner Spray Detangler for Dry Hair | Strength, Moisturizing & Anti Frizz | Natural + Curly Hair Product | Color Safe, 4 oz.",1.0,9.9700,9.9700,9.97,9.9700,yes
2026-01-09,Walmart,"Swanson White Premium Chunk Chicken Breast with Rib Meat in Water, 12.5 oz. (Pack of 2)",1.0,7.6200,7.6200,7.62,7.6200,yes
2026-01-09,Walmart,"Tostitos Scoops! Tortilla Chips Multigrain, 10 oz Bag",2.0,3.9700,7.9400,7.94,3.9700,yes
2026-01-09,Walmart,"Hidden Valley Original Ranch Dipping Sauce Salad Dressing and Topping, 20 fl oz Easy Squeeze Bottle",1.0,4.9700,4.9700,4.97,4.9700,yes
2026-01-09,Walmart,"Frank's RedHot Kosher Original Cayenne Pepper Hot Sauce, 23.0 fl oz Bottle",1.0,5.9800,5.9800,5.98,5.9800,yes
2026-01-09,Walmart,"Nature Valley Protein Oats and Honey Granola, Family Size Pouch, 17 oz",1.0,5.98,5.98,5.98,,no
2026-01-09,Walmart,"Wonderful Pistachios No Shells Roasted & Salted Nuts, 12 Ounce Bag",1.0,10.3800,10.3800,10.38,10.3800,yes
2026-01-09,Walmart,"Honey Nut Cheerios, Heart Healthy Cereal, Affirmations Box, Mega Size, 27.2 oz",1.0,5.9700,5.9700,5.97,5.9700,yes
2026-01-09,Walmart,"PopCorners No Artificial Colors or Flavors White Cheddar Popped Corn Chips Bag, 7 oz",1.0,3.9800,3.9800,3.98,3.9800,yes
2026-01-09,Walmart,"Scott 1000 Toilet Paper, 12 Rolls, 1,000 Sheets per Roll",1.0,10.9700,10.9700,10.97,10.9700,yes
2026-01-09,Walmart,"TAZO Classic Chai Latte Black Tea Concentrate, Made from Real Black Tea, 32oz Carton",2.0,5.7200,11.4400,11.44,5.7200,yes
2026-01-09,Walmart,"Equate 70% Isopropyl Alcohol Antiseptic, 32 fl oz",1.0,2.9800,2.9800,2.98,2.9800,yes
2026-01-09,Walmart,"Great Value Uncooked Original Breakfast Pork Sausage Links, 12 oz Package",1.0,2.4200,2.4200,2.42,2.4200,yes
2026-01-09,Walmart,"Kerrygold Grass-Fed Pure Irish Salted Butter Sticks, 8 oz, 2 Sticks",1.0,5.2400,5.2400,5.24,5.2400,yes
2026-01-09,Walmart,"Pillsbury Grands! Southern Style Frozen Breakfast Biscuits, Value Pack, 20 ct., 41.6 oz",1.0,5.4200,5.4200,5.42,5.4200,yes
2026-01-09,Walmart,"Jimmy Dean Premium Pork Regular Sausage Roll, 16 oz",1.0,3.9700,3.9700,3.97,3.9700,yes
2026-01-09,Walmart,"Philadelphia Cream Cheese, 2 Blocks, for Recipes and Baking, Original, No Artificial Preservatives, Flavors or Dye, 8 oz",1.0,5.4700,5.4700,5.47,5.4700,yes
2026-01-09,Walmart,"Great Value Sharp Cheddar Finely Shredded Cheese, 16 oz Bag",2.0,3.4800,6.9600,6.96,3.4800,yes
2026-01-09,Walmart,"Stauffer's Original Animal Snack Crackers, 32 oz Party Size Pillow Bag, Low Fat Snack for Kids & Adults",1.0,5.1800,5.1800,5.18,5.1800,yes
2026-01-09,Walmart,"Oikos Pro 20g Protein, Vanilla Yogurt-Cultured Ultra-Filtered Milk&nbsp;Product Cups, 5.3 oz, 4 Count",1.0,5.97,5.97,5.97,,no
2026-01-09,Walmart,"Oikos Triple Zero 17g Protein, 0g Added Sugar, Fat Free Vanilla Greek Yogurt Tub, 32 oz",2.0,12.54,25.08,12.54,,no
2026-01-09,Walmart,"Great Value Large White Eggs, 36 Count",1.0,5.8200,5.8200,5.82,5.8200,yes
2026-01-09,Walmart,"Great Value Black Beans, 15 oz",1.0,0.8600,0.8600,0.86,0.8600,yes
2026-01-09,Walmart,"Great Value Golden Sweet Whole Kernel Corn, 15 oz",1.0,0.7600,0.7600,0.76,0.7600,yes
2026-01-09,Walmart,"Marketside Plain Goat Cheese, 4 oz",2.0,2.9700,5.9400,5.94,2.9700,yes
2026-01-09,Walmart,"bubly Sparkling Water, The Super Mario Galaxy Movie Lime, Zero Sugar & Zero Calories, 12 fl oz Cans (8 pack)​",1.0,4.2800,4.2800,4.28,4.2800,yes
2026-01-09,Walmart,"Great Value Oven Roasted Turkey Breast Lunchmeat, 16 oz, Plastic Tub, Refrigerated",1.0,5.9700,5.9700,5.97,5.9700,yes
2026-01-09,Walmart,"bubly Sparkling Water, The Super Mario Galaxy Movie Cherry, Zero Sugar & Zero Calories ,12 fl oz Cans (8 pack)​",1.0,4.2800,4.2800,4.28,4.2800,yes
2026-01-09,Walmart,"Planet Oat Oat Milk, Velvety & Smooth, Barista Lovers, 52 fl oz",1.0,3.3800,3.3800,3.38,3.3800,yes
2026-01-09,Walmart,"PopCorners No Artificial Colors or Flavors Kettle Corn Popped Corn Chips Bag, 7 oz​",1.0,3.9800,3.9800,3.98,3.9800,yes
2026-01-09,Walmart,"Great Value Original Whipped Cream Cheese Spread, 12 oz Tub",1.0,2.9200,2.9200,2.92,2.9200,yes
2026-01-09,Walmart,"TPH BY TARAJI Make it Rain Hydrating Deep Conditioner With Aloe Vera, Avocado Oil, & Moringa Oil For All Hair Types | Detangler For Curly, Coily & Wavy Hair | Color Safe & Sulfate Free, 12 oz.",1.0,9.9700,9.9700,9.97,9.9700,yes
2026-01-09,Walmart,"Fresh Whole Celery Stalk, 1 Each Bag",2.0,1.27,2.54,1.27,,no
2026-01-09,Walmart,"Great Value Whole Vitamin D Milk, Gallon, 128 fl oz",2.0,2.2700,4.5400,4.54,2.2700,yes
2026-01-09,Walmart,"Fresh Cosmic Crisp Apples, 3 lb Bag",1.0,4.5700,4.5700,4.57,4.5700,yes
2026-01-10,Target,Entertainment Collection Crackers Variety Pack - 13.1oz - Good & Gather™,1.0,4.69,4.69,4.69,,no
2026-01-10,Target,Cranberry Jalapeno Dip - 10oz - Good & Gather™,1.0,4.79,4.79,4.79,,no
2026-01-10,Target,Uncured Calabrese Salami Prosciutto Capocollo Tray - 6oz - Good & Gather™,1.0,2.0,2.0,2.0,,no
2026-01-10,Target,Sweet Loren's Gluten Free Vegan Fudgy Brownie Cookie Dough - 12oz/12ct,2.0,6.59,13.18,6.59,,no
2026-01-11,Walmart,Wet Brush Go Green Tea Tree Oil Treatment Comb - Green 1CT,1.0,4.7600,4.7600,4.76,4.7600,yes
2026-01-11,Walmart,"SheaMoisture Strengthening Scalp Oil & Hair Oil Rosemary & Vegan Collagen, 2 oz",1.0,9.9700,9.9700,9.97,9.9700,yes
2026-01-11,Walmart,"M&M's Milk Chocolate Candy, Party Size - 38 oz Bag",1.0,12.9700,12.9700,12.97,12.9700,yes
2026-01-11,Walmart,"Fresh Banana, Each",5.0,0.154,0.77,0.154,,no
2026-01-11,Walmart,"Dr Teal's Epsom Salt Magnesium Soak, Soothe & Sleep with Lavender, 3 lbs",1.0,5.8700,5.8700,5.87,5.8700,yes
2026-01-11,Walmart,"Dr Teal's Epsom Salt Magnesium Soak, Relax & Relief with Eucalyptus & Spearmint, 3 lbs",1.0,5.8700,5.8700,5.87,5.8700,yes
2026-01-11,Walmart,"Great Value No Stir Creamy Natural Peanut Butter Spread, 40 oz",1.0,3.9800,3.9800,3.98,3.9800,yes
2026-01-11,Walmart,"Great Value Uncooked Original Breakfast Pork Sausage Links, 12 oz Package",1.0,2.4200,2.4200,2.42,2.4200,yes
2026-01-11,Walmart,"L.A. LOOKS Extreme Sport Tri-Active Hold Gel, for All Hair Types, Men, 20 oz",1.0,2.5800,2.5800,2.58,2.5800,yes
2026-01-11,Walmart,"Great Value Large White Eggs, 18 Count",1.0,2.9200,2.9200,2.92,2.9200,yes
2026-01-11,Walmart,"Pepperidge Farm White Hot Dog Buns, Top Sliced, 8-Pack Bag",1.0,3.3700,3.3700,3.37,3.3700,yes
2026-01-11,Walmart,"Oscar Mayer Turkey Franks Hot Dogs, 16 oz, 10 ct Pack",1.0,3.9700,3.9700,3.97,3.9700,yes
2026-01-11,Walmart,"Nature's Own WhiteWheat Healthy White Bread, Sliced White Bread Loaf, 20 oz, Shelf-Stable",1.0,3.6200,3.6200,3.62,3.6200,yes
2026-01-11,Walmart,"BelGioioso Gluten-Free Asiago Specialty Cheese Wedge, 8 oz",1.0,5.4200,5.4200,5.42,5.4200,yes
2026-01-11,Walmart,"Pen + Gear Economy White Poster Board, 22""x28"", 1 Count",1.0,0.4800,0.4800,0.48,0.4800,yes
2026-01-11,Walmart,"McCormick Chili Seasoning Mix, 1.25 oz Packet",1.0,1.3700,1.3700,1.37,1.3700,yes
2026-01-11,Walmart,"Perdue Harvestland, Fresh Ground Chicken, 92% Lean 8% Fat, 1 lb. Tray",1.0,3.8400,3.8400,3.84,3.8400,yes
2026-01-11,Walmart,"Great Value Petite Diced Tomatoes in Tomato Juice, 14.5 oz",2.0,0.9600,1.9200,1.92,0.9600,yes
2026-01-11,Walmart,"Bush's Chili Beans, Canned Pinto Beans in Mild Chili Sauce, 27 oz Can",1.0,2.4200,2.4200,2.42,2.4200,yes
2026-01-11,Walmart,"Great Value Golden Sweet Whole Kernel Corn, 15 oz",1.0,0.6700,0.6700,0.67,0.6700,yes
2026-01-11,Walmart,"Fresh Hass Avocados, Each",2.0,0.56,1.12,0.56,,no
2026-01-11,Walmart,"Oikos Pro 20g Protein, Vanilla Yogurt-Cultured Ultra-Filtered Milk&nbsp;Product Cups, 5.3 oz, 4 Count",1.0,5.97,5.97,5.97,,no
2026-01-11,Walmart,"Great Value Black Beans, 15 oz",2.0,0.8600,1.7200,1.72,0.8600,yes
2026-01-11,Walmart,"Fritos Regular Corn Chips, 9.25 oz Single Bag",1.0,3.9700,3.9700,3.97,3.9700,yes
2026-01-11,Walmart,"Fresh Organic Honeycrisp Apples, 2 lb Pouch",1.0,5.5800,5.5800,5.58,5.5800,yes
2026-01-12,Walmart,"Pillsbury Creamy Supreme Cream Cheese Frosting, 16 oz Tub",2.0,1.8600,3.7200,3.72,1.8600,yes
2026-01-12,Walmart,"Great Value Canned Crushed Pineapple, 20 oz",1.0,1.6200,1.6200,1.62,1.6200,yes
2026-01-12,Walmart,"Betty Crocker Delights Super Moist Spice Cake Mix, 13.25 oz",1.0,1.8600,1.8600,1.86,1.8600,yes
2026-01-12,Target,Core Power Elite Vanilla 42G Protein Shake - 14 fl oz Bottle,1.0,5.49,5.49,5.49,,no
2026-01-12,Target,So Good So You Energy Passionfruit Organic Probiotic Shot - 1.7 fl oz,1.0,3.49,3.49,3.49,,no
2026-01-12,Target,MAGIC SPOON S'Mores Protein Bar Treat - 12g Protein - 5.6oz/4ct,1.0,1.0,1.0,1.0,,no
2026-01-13,Walmart,"Dixie Disposable Paper Plates, 8.5"", Multi-Color, 50 Count",1.0,3.3800,3.3800,3.38,3.3800,yes
2026-01-13,Walmart,"Fresh Banana, Each",8.0,0.15375,1.23,0.15375,,no
2026-01-13,Walmart,"bubly Sparkling Water, The Super Mario Galaxy Movie Cherry, Zero Sugar & Zero Calories ,12 fl oz Cans (8 pack)​",1.0,4.2800,4.2800,4.28,4.2800,yes
2026-01-13,Walmart,"bubly Sparkling Water, The Super Mario Galaxy Movie Lime, Zero Sugar & Zero Calories, 12 fl oz Cans (8 pack)​",2.0,4.2800,8.5600,8.56,4.2800,yes
2026-01-13,Walmart,"WHOLLY GUACAMOLE Minis Paste, Classic, 12oz, 6 Pack",1.0,4.8800,4.8800,4.88,4.8800,yes
2026-01-13,Walmart,"Fresh Hass Avocados, Each",2.0,0.56,1.12,0.56,,no
2026-01-13,Walmart,"Green Bell Pepper, 1 each",1.0,0.82,0.82,0.82,,no
2026-01-13,Walmart,"Fresh Red Bell Pepper, 1 Each",1.0,1.48,1.48,1.48,,no
2026-01-13,Walmart,"Great Value Disposable Plastic White Forks, 48 Count",1.0,1.9800,1.9800,1.98,1.9800,yes
2026-01-13,Walmart,"Oikos Protein Shake, Shelf Stable, Chocolate, 30g Protein, 12 fl oz, 4 Count​ Bottles",1.0,8.97,8.97,8.97,,no
2026-01-13,Walmart,"Oikos Pro 23g Protein, Peach Cultured Dairy Drink Bottle, 7 fl oz",5.0,9.7,48.5,9.7,,no
2026-01-13,Walmart,"Oikos Pro 20g Protein, Vanilla Yogurt-Cultured Ultra-Filtered Milk&nbsp;Product Cups, 5.3 oz, 4 Count",1.0,5.97,5.97,5.97,,no
2026-01-13,Walmart,"Great Value Whole Vitamin D Milk, Gallon, 128 fl oz",2.0,2.3700,4.7400,4.74,2.3700,yes
2026-01-13,Walmart,"Fresh Glorys Cherry Tomatoes, 10 oz Package",1.0,2.7300,2.7300,2.73,2.7300,yes
2026-01-13,Walmart,"Fresh Whole Brown Mushrooms, 8 oz",1.0,2.0400,2.0400,2.04,2.0400,yes
2026-01-13,Walmart,"Fresh Whole Celery Stalk, 1 Each Bag",1.0,1.97,1.97,1.97,,no
2026-01-13,Target,Vitamin D Whole Milk - 1gal - Good & Gather™,1.0,2.19,2.19,2.19,,no
2026-01-13,Target,Scott 1000 Septic-Safe 1-Ply Toilet Paper - 36 Rolls,1.0,29.99,29.99,29.99,,no
2026-01-13,Target,Tazo Organic Tea Latte Chai Black Tea - 32 fl oz,1.0,1.0,1.0,1.0,,no
2026-01-14,Target,"Genoa Salami, Pepper Jack Cheese, Dried Mango, Dark Chocolate Chunks - 3oz Good & Gather™",2.0,2.79,5.58,2.79,,no
2026-01-14,Target,MAGIC SPOON S'Mores Protein Bar Treat - 12g Protein - 5.6oz/4ct,1.0,8.49,8.49,8.49,,no
2026-01-14,Target,So Good So You Energy Passionfruit Organic Probiotic Shot - 1.7 fl oz,2.0,3.49,6.98,3.49,,no
2026-01-14,Target,So Good So You Energy Passionfruit Organic Probiotic Shot - 1.7 fl oz,1.0,3.49,3.49,3.49,,no
2026-01-15,Target,Snyder's of Hanover Pretzel Sticks Family Size - 16oz,1.0,3.19,3.19,3.19,,no
2026-01-15,Target,Oikos Pro Strawberry Cultured Dairy Drink - 3.1 fl oz/6ct,1.0,5.29,5.29,5.29,,no
2026-01-15,Target,Chobani 20g Protein Greek Yogurt Drink Strawberry Cream - 40 fl oz/4ct Bottles,1.0,1.0,1.0,1.0,,no
2026-01-15,Target,Chopped Caesar Salad Kit - 11.15oz - Good & Gather™,2.0,3.69,7.38,3.69,,no
2026-01-15,Target,Parmesan Baked Cheese Crisp - 2.12oz - Good & Gather™,1.0,3.39,3.39,3.39,,no
2026-01-15,Target,Philadelphia Whipped Cream Cheese Spread - 12oz,1.0,5.89,5.89,5.89,,no
2026-01-15,Target,Muenster Deli Sliced Cheese - 8oz/12 slices - Good & Gather™,1.0,1.69,1.69,1.69,,no
2026-01-15,Target,Chobani 30g Protein Vanilla Ice Cream Greek Yogurt Drink - 30g Protein 14 fl oz,1.0,3.99,3.99,3.99,,no
2026-01-15,Target,Snack Factory Original Pretzel Crisps - 14oz,1.0,5.49,5.49,5.49,,no
2026-01-15,Target,Parmesan Cheese Crisps with Everything Seasoning - 2.12oz - Good & Gather™,1.0,3.39,3.39,3.39,,no
2026-01-15,Target,Fresh Organic Honeycrisp Apples - 2lbs Bag - Good & Gather™,1.0,6.59,6.59,6.59,,no
2026-01-15,Target,General Mills Cheerios Honey Nut Breakfast Cereal - 27.2oz,1.0,3.99,3.99,3.99,,no
2026-01-15,Target,Popcorners White Cheddar Sharing Size - 7oz,1.0,4.79,4.79,4.79,,no
2026-01-15,Target,Just Bare Lightly Breaded Chicken Breast Strips - Frozen - 24oz,1.0,9.99,9.99,9.99,,no
2026-01-15,Target,Sliced Sourdough Bread - 17oz - Favorite Day™,1.0,4.19,4.19,4.19,,no
2026-01-15,Target,PopCorners Spicy Queso - 7oz,1.0,4.79,4.79,4.79,,no
2026-01-15,Target,Popcorners Kettle Corn Snacks Sharing Size - 7oz,1.0,4.79,4.79,4.79,,no
2026-01-17,Walmart,Chobani 30G Protein Low-Fat Greek Yogurt Drink Strawberries & Cream 14 fl oz Bottle,2.0,6.96,13.92,6.96,,no
2026-01-17,Walmart,"Marketside Plain Goat Cheese, 4 oz",1.0,1.8700,1.8700,1.87,1.8700,yes
2026-01-17,Walmart,"Nature's Own WhiteWheat Healthy White Bread, Sliced White Bread Loaf, 20 oz, Shelf-Stable",1.0,3.6200,3.6200,3.62,3.6200,yes
2026-01-17,Walmart,"Oikos Pro Shots 10g Protein, Mixed Berry Cultured Dairy Drinks Bottles, 3.1 fl oz, 6 Count​",1.0,5.14,5.14,5.14,,no
2026-01-17,Walmart,"Great Value Whole Vitamin D Milk, Gallon, 128 fl oz",1.0,2.3700,2.3700,2.37,2.3700,yes
2026-01-17,Walmart,"Bagel Bites Three Cheese Mini Pizza Bagel Frozen Snacks, 40 ct Box",1.0,9.9800,9.9800,9.98,9.9800,yes
2026-01-17,Walmart,"Jimmy Dean Premium Pork Regular Sausage Roll, 16 oz",1.0,3.9700,3.9700,3.97,3.9700,yes
2026-01-17,Walmart,"Pillsbury Grands! Cinnamon Rolls, with Cinnabon Cinnamon and Original Icing, 5 Count, 17.5 oz",2.0,3.7800,7.5600,7.56,3.7800,yes
2026-01-17,Walmart,"Oikos Triple Zero 17g Protein, 0g Added Sugar, Fat Free Vanilla Greek Yogurt Tub, 32 oz",2.0,12.54,25.08,12.54,,no
2026-01-17,Walmart,"Thomas' Plain Mini Bagels, 10 count, Kosher Mini Bagels, 15 oz Bag",1.0,4.8200,4.8200,4.82,4.8200,yes
2026-01-17,Walmart,"Great Value Large White Eggs, 36 Count",1.0,5.8200,5.8200,5.82,5.8200,yes
2026-01-17,Walmart,"Fresh Whole Celery Stalk, 1 Each Bag",1.0,1.97,1.97,1.97,,no
2026-01-17,Walmart,"Great Value Large White Eggs, 18 Count",1.0,2.9200,2.9200,2.92,2.9200,yes
2026-01-17,Walmart,"Fresh Cosmic Crisp Apples, 3 lb Bag",1.0,4.5700,4.5700,4.57,4.5700,yes
2026-01-17,Walmart,"Fresh Red Seedless Grapes, Bag (2.25 lbs/Bag Est.)",1.0,4.7300,4.7300,4.73,4.7300,yes
2026-01-20,Walmart,"Oregon Chai Original Chai Concentrate, 32 Fluid Ounces (Pack of 1), Organic & Non-GM)",1.0,4.7600,4.7600,4.76,4.7600,yes
2026-01-20,Walmart,"Wonderful Pistachios No Shells Roasted & Salted Nuts, 12 Ounce Bag",1.0,10.3800,10.3800,10.38,10.3800,yes
2026-01-20,Walmart,"Swanson White Premium Chunk Canned Chicken Breast in Water, 12.5 oz Can",2.0,4.4200,8.8400,8.84,4.4200,yes
2026-01-20,Walmart,"Reddi-wip Original Whipped Topping Made with Real Cream, 13 oz",1.0,4.6200,4.6200,4.62,4.6200,yes
2026-01-20,Walmart,"Fresh Banana, Each",5.0,0.21400000000000002,1.07,0.21400000000000002,,no
2026-01-20,Walmart,"Scott 1000 Toilet Paper, 12 Rolls, 1,000 Sheets per Roll",1.0,10.9700,10.9700,10.97,10.9700,yes
2026-01-20,Walmart,"Finish Jet-Dry Rinse Aid, Dishwasher Rinse Agent and Drying Agent, 8.45 oz",1.0,4.9400,4.9400,4.94,4.9400,yes
2026-01-20,Walmart,"Snack Factory Garlic Parmesan Pretzel Crisps, 14 oz Party Size Bag",1.0,5.3200,5.3200,5.32,5.3200,yes
2026-01-20,Walmart,"PopCorners No Artificial Colors or Flavors White Cheddar Popped Corn Chips Bag, 7 oz",1.0,3.9800,3.9800,3.98,3.9800,yes
2026-01-20,Walmart,"PLANTERS Deluxe Honey Roasted Whole Cashews, Sweet and Salty Snacks, Plant Based Protein, 8.25 oz Steel Can",1.0,7.42,7.42,7.42,,no
2026-01-20,Walmart,"Blue Diamond Almonds, Lightly Salted Snack Almonds perfect for lunches and on-the-go, 25 oz.",1.0,11.4800,11.4800,11.48,11.4800,yes
2026-01-20,Walmart,"Tostitos Scoops! Tortilla Chips Multigrain, 10 oz Bag",2.0,3.9700,7.9400,7.94,3.9700,yes
2026-01-20,Walmart,"Hidden Valley Original Ranch Dipping Sauce Salad Dressing and Topping, 20 fl oz Easy Squeeze Bottle",1.0,4.9700,4.9700,4.97,4.9700,yes
2026-01-20,Walmart,"Swanson White Premium Chunk Chicken Breast with Rib Meat in Water, 12.5 oz. (Pack of 2)",1.0,7.6200,7.6200,7.62,7.6200,yes
2026-01-20,Walmart,"Kodiak Protein-Packed Power Cakes Buttermilk Pancake and Waffle Mix, 20 oz Box",2.0,11.44,22.88,11.44,,no
2026-01-20,Walmart,"Pepperidge Farm White Hot Dog Buns, Top Sliced, 8-Pack Bag",2.0,3.3700,6.7400,6.74,3.3700,yes
2026-01-20,Walmart,"Oscar Mayer Turkey Franks Hot Dogs, 16 oz, 10 ct Pack",1.0,3.9700,3.9700,3.97,3.9700,yes
2026-01-20,Walmart,"Planet Oat Oat Milk, Velvety & Smooth, Barista Lovers, 52 fl oz",1.0,3.3800,3.3800,3.38,3.3800,yes
2026-01-20,Walmart,"bubly Sparkling Water, The Super Mario Galaxy Movie Lime, Zero Sugar & Zero Calories, 12 fl oz Cans (8 pack)​",1.0,4.2800,4.2800,4.28,4.2800,yes
2026-01-20,Walmart,"SUPERPRETZEL Bavarian Soft Pretzel Sticks, 24 oz, 10 Count (Frozen)",1.0,5.9700,5.9700,5.97,5.9700,yes
2026-01-20,Walmart,"Great Value Original Whipped Cream Cheese Spread, 12 oz Tub",1.0,2.9200,2.9200,2.92,2.9200,yes
2026-01-20,Walmart,"Nature's Own WhiteWheat Healthy White Bread, Sliced White Bread Loaf, 20 oz, Shelf-Stable",1.0,3.6200,3.6200,3.62,3.6200,yes
2026-01-20,Walmart,"bubly Sparkling Water, The Super Mario Galaxy Movie Cherry, Zero Sugar & Zero Calories ,12 fl oz Cans (8 pack)​",1.0,4.2800,4.2800,4.28,4.2800,yes
2026-01-20,Walmart,"Great Value Colby & Monterey Jack Cheese Snack, 9 oz Bag, 12 Cheese Sticks",2.0,2.5600,5.1200,5.12,2.5600,yes
2026-01-20,Walmart,"PopCorners No Artificial Colors or Flavors Kettle Corn Popped Corn Chips Bag, 7 oz​",1.0,3.9800,3.9800,3.98,3.9800,yes
2026-01-20,Walmart,"PopCorners No Artificial Colors or Flavors Spicy Queso Popped Corn Chips Bag, 7 oz​",1.0,3.9800,3.9800,3.98,3.9800,yes
2026-01-20,Walmart,"Philadelphia Cream Cheese, 2 Blocks, for Recipes and Baking, Original, No Artificial Preservatives, Flavors or Dye, 8 oz",1.0,4.8600,4.8600,4.86,4.8600,yes
2026-01-20,Walmart,"Pacific Foods Organic Creamy Tomato Soup, 32 oz Carton",1.0,4.1200,4.1200,4.12,4.1200,yes
2026-01-20,Walmart,"Great Value Wide Egg Noodles, 16 oz",1.0,1.7400,1.7400,1.74,1.7400,yes
2026-01-20,Walmart,"Great Value Reduced Sodium Gluten-Free Chicken Broth, 32 oz Carton (Shelf-Stable)",3.0,1.5000,4.5000,4.5,1.5000,yes
2026-01-20,Walmart,"Jimmy Dean Premium Pork Regular Sausage Roll, 16 oz",1.0,3.9700,3.9700,3.97,3.9700,yes
2026-01-20,Walmart,"Great Value Large White Eggs, 36 Count",1.0,5.8200,5.8200,5.82,5.8200,yes
2026-01-20,Walmart,"Pillsbury Grands! Southern Style Frozen Breakfast Biscuits, Value Pack, 20 ct., 41.6 oz",1.0,5.4200,5.4200,5.42,5.4200,yes
2026-01-20,Walmart,"Smithfield Hickory Smoked Bacon, 16 oz, Gluten-Free, No MSG",1.0,5.9700,5.9700,5.97,5.9700,yes
2026-01-20,Walmart,"Great Value Dark Green Sanding Sugar, 3.5 oz",1.0,1.7700,1.7700,1.77,1.7700,yes
2026-01-20,Walmart,"Perdue Harvestland, Free Range, Fresh Chicken Breast Tenderloin Pieces, 0.8-1.7lb. Tray",1.0,7.0400,7.0400,7.04,7.0400,yes
2026-01-20,Walmart,"Fresh Glorys Cherry Tomatoes, 10 oz Package",1.0,2.7300,2.7300,2.73,2.7300,yes
2026-01-21,Walmart,"King Arthur Baking Company Non-GMO Project Verified, Certified Kosher Unbleached All Purpose Flour, 10 lb Bag",1.0,9.98,9.98,9.98,,no
2026-01-21,Walmart,"Fresh Whole Carrots, 5 lb Bag",1.0,4.7700,4.7700,4.77,4.7700,yes
2026-01-21,Walmart,"Fresh Celery Sticks, 20 oz Bag",1.0,2.9600,2.9600,2.96,2.9600,yes
2026-01-21,Walmart,"Fresh Slicing Tomato, Each",2.0,1.035,2.07,1.035,,no
2026-01-21,Walmart,"Great Value Disposable Paper Plates, 10"", 150 Count",1.0,12.1300,12.1300,12.13,12.1300,yes
2026-01-21,Walmart,"Secret Aluminum Free Women's Deodorant Solid, Cotton, 2.4 oz",1.0,6.9700,6.9700,6.97,6.9700,yes
2026-01-21,Walmart,"BelGioioso Gluten-Free Asiago Specialty Cheese Wedge, 8 oz",1.0,5.4200,5.4200,5.42,5.4200,yes
2026-01-21,Walmart,"Great Value Muenster Deli Style Sliced Cheese, 8 oz, 12 Slices",2.0,1.6700,3.3400,3.34,1.6700,yes
2026-01-21,Walmart,"Great Value Canned Pineapple Tidbits, 20 oz",1.0,1.6200,1.6200,1.62,1.6200,yes
2026-01-21,Walmart,"Great Value Turkey Pepperoni Slices, 5 oz",1.0,2.9200,2.9200,2.92,2.9200,yes
2026-01-21,Walmart,"Goya Artichoke Hearts, 6 oz",1.0,2.0800,2.0800,2.08,2.0800,yes
2026-01-21,Walmart,Montchevre® Original Crumbled Refrigerated Goat Cheese Plastic Cup 4 oz,2.0,3.8700,7.7400,7.74,3.8700,yes
2026-01-21,Walmart,"Marketside Plain Goat Cheese, 4 oz",2.0,1.8700,3.7400,3.74,1.8700,yes
2026-01-21,Walmart,"Marketside Organic Baby Arugula Salad, 5 oz Clam Shell (Fresh)",1.0,2.6600,2.6600,2.66,2.6600,yes
2026-01-21,Walmart,"Great Value Italian Style Finely Shredded Cheese, 16 oz Bag",2.0,3.4800,6.9600,6.96,3.4800,yes
2026-01-21,Walmart,"Classico Signature Recipes Traditional Pizza Sauce, 14 oz Jar",1.0,2.9700,2.9700,2.97,2.9700,yes
2026-01-21,Walmart,"Great Value Whole Vitamin D Milk, Gallon, 128 fl oz",1.0,2.1800,2.1800,2.18,2.1800,yes
2026-01-21,Walmart,"Oikos Triple Zero 17g Protein, 0g Added Sugar, Fat Free Vanilla Greek Yogurt Tub, 32 oz",2.0,12.54,25.08,12.54,,no
2026-01-21,Walmart,"Oikos Triple Zero 15g Protein, 0g Added Sugar, Fat Free Vanilla Greek Yogurt Cups, 5.3 oz, 4 Count",1.0,4.83,4.83,4.83,,no
2026-01-21,Walmart,Marketside Envy Apples 3 Lb Bag,1.0,5.9700,5.9700,5.97,5.9700,yes
2026-01-27,Walmart,"Swanson White Premium Chunk Chicken Breast with Rib Meat in Water, 12.5 oz. (Pack of 2)",3.0,7.6200,22.8600,22.86,7.6200,yes
2026-01-27,Walmart,"Vermont Creamery Classic Goat Cheese Log, 4 oz",1.0,3.9800,3.9800,3.98,3.9800,yes
2026-01-27,Walmart,"Bush's Black Beans, Canned Beans, 15 oz",4.0,1.2800,5.1200,5.12,1.2800,yes
2026-01-27,Walmart,"Betty Crocker Favorites Super Moist Yellow Cake Mix, 13.25 oz",1.0,1.4700,1.4700,1.47,1.4700,yes
2026-01-27,Walmart,"Oral‑B Floss, Glide Ultra Deep Clean Floss Picks 75 Count",1.0,4.9700,4.9700,4.97,4.9700,yes
2026-01-27,Walmart,"Crest Pro‑Health Advanced Fluoride Mouthwash, Alcohol‑Free Mouth Rinse for Whitening, Energizing Mint, 32 fl oz",2.0,7.1700,14.3400,14.34,7.1700,yes
2026-01-27,Walmart,"Frank's RedHot Kosher Original Cayenne Pepper Hot Sauce, 23.0 fl oz Bottle",1.0,5.9800,5.9800,5.98,5.9800,yes
2026-01-27,Walmart,"Scott Paper Towels, Choose-A-Sheet, 6 Double Rolls",1.0,6.8400,6.8400,6.84,6.8400,yes
2026-01-27,Walmart,"Tostitos Scoops! Tortilla Chips Multigrain, 10 oz Bag",2.0,3.9700,7.9400,7.94,3.9700,yes
2026-01-27,Walmart,"Pace Chunky Medium Salsa, 64 oz Bottle",1.0,7.9300,7.9300,7.93,7.9300,yes
2026-01-27,Walmart,"Nature Valley Protein Oats and Honey Granola, Family Size Pouch, 17 oz",1.0,5.98,5.98,5.98,,no
2026-01-27,Walmart,"Jell-O French Vanilla Instant Pudding & Pie Filling Mix, 3.4 oz Box",1.0,1.4800,1.4800,1.48,1.4800,yes
2026-01-27,Walmart,"Pillsbury Creamy Supreme Chocolate Fudge Flavored Frosting, 16 oz Tub",2.0,1.8600,3.7200,3.72,1.8600,yes
2026-01-27,Walmart,"Nestle Toll House Milk Chocolate Regular Baking Chips,  11.5 oz Bag",1.0,4.6800,4.6800,4.68,4.6800,yes
2026-01-27,Walmart,"Great Value Dried Philippine Mango, 6 oz",1.0,4.3700,4.3700,4.37,4.3700,yes
2026-01-27,Walmart,"Oikos Pro 23g Protein, Mango Pineapple Cultured Dairy Drink Bottle, 7 fl oz",4.0,7.76,31.04,7.76,,no
2026-01-27,Walmart,"Oikos Triple Zero 17g Protein, 0g Added Sugar, Fat Free Vanilla Greek Yogurt Tub, 32 oz",1.0,6.27,6.27,6.27,,no
2026-01-27,Walmart,"Freshness Guaranteed Sliced Sourdough Bread Loaf, 24 oz",1.0,4.2400,4.2400,4.24,4.2400,yes
2026-01-27,Walmart,"Philadelphia Cream Cheese, 2 Blocks, for Recipes and Baking, Original, No Artificial Preservatives, Flavors or Dye, 8 oz",2.0,4.8600,9.7200,9.72,4.8600,yes
2026-01-27,Walmart,"Great Value Uncooked Original Breakfast Pork Sausage Links, 12 oz Package",1.0,2.4200,2.4200,2.42,2.4200,yes
2026-01-27,Walmart,"Great Value Original Whipped Cream Cheese Spread, 12 oz Tub",1.0,2.9200,2.9200,2.92,2.9200,yes
2026-01-27,Walmart,"Dial Antibacterial Defense Fresh Lavender Scent Foaming Hand Soap, 7.5 fl oz",2.0,2.4700,4.9400,4.94,2.4700,yes
2026-01-27,Walmart,Chobani 20G Protein Low-Fat Greek Yogurt Drink Strawberries & Cream 10 fl oz Bottle,4.0,9.28,37.12,9.28,,no
2026-01-27,Walmart,"Oikos Pro Shots 10g Protein, Mixed Berry Cultured Dairy Drinks Bottles, 3.1 fl oz, 6 Count​",1.0,5.14,5.14,5.14,,no
2026-01-27,Walmart,"bubly Sparkling Water, The Super Mario Galaxy Movie Lime, Zero Sugar & Zero Calories, 12 fl oz Cans (8 pack)​",1.0,4.2800,4.2800,4.28,4.2800,yes
2026-01-27,Walmart,"bubly Sparkling Water, The Super Mario Galaxy Movie Cherry, Zero Sugar & Zero Calories ,12 fl oz Cans (8 pack)​",1.0,4.2800,4.2800,4.28,4.2800,yes
2026-01-27,Walmart,"Planet Oat, Original Oatmilk, Dairy Free, 52 oz, Refrigerated Cardboard Carton",1.0,3.3800,3.3800,3.38,3.3800,yes
2026-01-27,Walmart,"Gordo's Original Queso Cheese Dip, 16 oz, Refrigerated Dip",1.0,4.9800,4.9800,4.98,4.9800,yes
2026-01-27,Walmart,"SUPERPRETZEL Bavarian Soft Pretzel Sticks, 24 oz, 10 Count (Frozen)",2.0,5.9700,11.9400,11.94,5.9700,yes
2026-01-27,Walmart,"Bagel Bites Three Cheese Mini Pizza Bagel Frozen Snacks, 40 ct Box",1.0,9.9800,9.9800,9.98,9.9800,yes
2026-01-27,Walmart,"Great Value Oven Roasted Turkey Breast Lunchmeat, 16 oz, Plastic Tub, Refrigerated",2.0,5.9700,11.9400,11.94,5.9700,yes
2026-01-27,Walmart,"""JIFFY"" Corn Muffin Mix, 8.5 oz Box",1.0,0.6700,0.6700,0.67,0.6700,yes
2026-01-27,Walmart,"Great Value Sharp Cheddar Finely Shredded Cheese, 16 oz Bag",2.0,3.4800,6.9600,6.96,3.4800,yes
2026-01-27,Walmart,Marketside Envy Apples 3 Lb Bag,1.0,5.9700,5.9700,5.97,5.9700,yes
2026-01-27,Walmart,"Fresh Glorys Cherry Tomatoes, 10 oz Package",1.0,2.7300,2.7300,2.73,2.7300,yes
2026-01-27,Walmart,"Pacific Foods Organic Roasted Red Pepper and Tomato Soup, 32 oz Carton",2.0,4.1200,8.2400,8.24,4.1200,yes
2026-01-28,Target,Tazo Classic Chai Latte Black Tea Concentrate - 32 fl oz,1.0,5.79,5.79,5.79,,no
2026-01-28,Target,Entertainment Collection Crackers Variety Pack - 13.1oz - Good & Gather™,1.0,4.69,4.69,4.69,,no
2026-01-28,Target,Tazo Organic Green Ginger Tea Bags - 16ct,1.0,4.29,4.29,4.29,,no
2026-01-28,Target,Tazo Passion Herbal Tea Bags - 20ct,1.0,4.29,4.29,4.29,,no
2026-01-28,Target,Applegate Natural Uncured Peppered Genoa Salami - 4oz,2.0,5.99,11.98,5.99,,no
2026-01-28,Target,Tazo Wild Sweet Orange Caffeine-Free Herbal Tea Bags - 20ct,1.0,4.29,4.29,4.29,,no
2026-01-28,Target,Low Sodium Black Beans - 15.5oz - Good & Gather™,2.0,0.99,1.98,0.99,,no
2026-01-28,Target,Hass Avocados - 4ct - Good & Gather™,1.0,2.29,2.29,2.29,,no
2026-01-28,Target,Siete Mild Taco Seasoning - 1.31oz,1.0,1.0,1.0,1.0,,no
2026-01-28,Target,Pacific Foods Organic Gluten Free Creamy Tomato Soup - 32oz,2.0,3.49,6.98,3.49,,no
2026-01-28,Target,"Finish Jet-Dry Rinse Aid, Dishwasher Rinse & Drying Agent - 8.45 fl oz: Plastic Bottle,",1.0,4.99,4.99,4.99,,no
2026-01-28,Target,Cascade Complete Dishwashing Liquid Gel Fresh Detergent - 120 fl oz,1.0,10.99,10.99,10.99,,no
2026-01-28,Target,GoGo SqueeZ No Sugar Added Applesauce and Fruit Puree Apple Apple - 3.2oz/20ct,1.0,10.99,10.99,10.99,,no
2026-01-28,Target,Tide Free & Gentle Unscented HE Deep Cleaning Concentrated Liquid Laundry,1.0,19.99,19.99,19.99,,no
2026-01-28,Target,General Mills Cheerios Honey Nut Breakfast Cereal - 27.2oz,1.0,6.19,6.19,6.19,,no
2026-01-28,Target,Goodnites Boys' Disposable Nighttime Underwear - Size XS - 44ct | HRA/FSA Eligible,1.0,29.99,29.99,29.99,,no
2026-01-28,Target,Kettle Brand Sea Salt and Vinegar Kettle Potato Chips - 7.5oz,1.0,3.99,3.99,3.99,,no
2026-01-28,Target,Creamy Peanut Butter - 40oz - Good & Gather™,1.0,3.69,3.69,3.69,,no
2026-01-28,Target,Grade A Large Eggs - 18ct - Good & Gather™ (Packaging May Vary),1.0,2.99,2.99,2.99,,no
2026-01-28,Target,Popcorners White Cheddar Sharing Size - 7oz,1.0,4.79,4.79,4.79,,no
2026-01-28,Target,Popcorners Kettle Corn Snacks Sharing Size - 7oz,1.0,4.79,4.79,4.79,,no
2026-02-04,Walmart,"Pepperidge Farm Butter Hot Dog Buns, Top Sliced, 8-Pack Bag",1.0,3.3700,3.3700,3.37,3.3700,yes
2026-02-04,Walmart,"Fresh Banana, Each",8.0,0.19875,1.59,0.19875,,no
2026-02-04,Walmart,"Kodiak Protein-Packed Honey Oat Protein Granola Bag, Ready to Eat, 11 oz",1.0,5.26,5.26,5.26,,no
2026-02-04,Walmart,"Blue Diamond Almonds, Lightly Salted Snack Almonds perfect for lunches and on-the-go, 25 oz.",1.0,11.4800,11.4800,11.48,11.4800,yes
2026-02-04,Walmart,"Hellmann's Real Mayonnaise Rich Creamy Condiment Gluten Free, 20 oz Squeeze Bottle",1.0,5.9700,5.9700,5.97,5.9700,yes
2026-02-04,Walmart,"bubly Sparkling Water, The Super Mario Galaxy Movie Lime, Zero Sugar & Zero Calories, 12 fl oz Cans (8 pack)​",1.0,4.2800,4.2800,4.28,4.2800,yes
2026-02-04,Walmart,"Nature's Own WhiteWheat Healthy White Bread, Sliced White Bread Loaf, 20 oz, Shelf-Stable",1.0,3.6200,3.6200,3.62,3.6200,yes
2026-02-04,Walmart,"Oscar Mayer Turkey Franks Hot Dogs, 16 oz, 10 ct Pack",2.0,3.9700,7.9400,7.94,3.9700,yes
2026-02-04,Walmart,"Crunchmaster Multi-Seed Original Gluten-Free crackers, Party Pack, 7 oz. Bag in Box",1.0,5.9700,5.9700,5.97,5.9700,yes
2026-02-04,Walmart,"Thomas' Light Multi-Grain English Muffins, 6 count, 100 Calories English Muffins, 12 oz Tray",2.0,3.6700,7.3400,7.34,3.6700,yes
2026-02-04,Walmart,"Great Value Colby & Monterey Jack Cheese Snack, 9 oz Bag, 12 Cheese Sticks",2.0,2.5600,5.1200,5.12,2.5600,yes
2026-02-04,Walmart,"Pepperidge Farm Raisin Cinnamon Swirl Breakfast Bread, 16 oz Loaf",1.0,3.4700,3.4700,3.47,3.4700,yes
2026-02-04,Walmart,"Thomas' Plain Mini Bagels, 10 count, Kosher Mini Bagels, 15 oz Bag",2.0,4.8200,9.6400,9.64,4.8200,yes
2026-02-04,Walmart,"Oikos Pro Shots 10g Protein, Mixed Berry Cultured Dairy Drinks Bottles, 3.1 fl oz, 6 Count​",1.0,5.14,5.14,5.14,,no
2026-02-04,Walmart,"Chobani 20G Protein Low-Fat Greek Yogurt Drink, Strawberries and Cream 10 fl oz Bottle, 4 Pack",1.0,8.97,8.97,8.97,,no
2026-02-04,Walmart,"Oikos Triple Zero 17g Protein, 0g Added Sugar, Fat Free Vanilla Greek Yogurt Tub, 32 oz",2.0,12.54,25.08,12.54,,no
2026-02-04,Walmart,"Great Value Whole Vitamin D Milk, Gallon, 128 fl oz",1.0,2.1800,2.1800,2.18,2.1800,yes
2026-02-04,Walmart,"Character Toddler Boy Briefs, 6- Pack, Sizes 2T-4T",1.0,9.9800,9.9800,9.98,9.9800,yes
2026-02-04,Walmart,"Fresh Glorys Cherry Tomatoes, 10 oz Package",1.0,2.7300,2.7300,2.73,2.7300,yes
2026-02-04,Walmart,"Fresh Whole Brown Mushrooms, 8 oz",1.0,2.0400,2.0400,2.04,2.0400,yes
2026-02-04,Walmart,"Fresh Whole Celery Stalk, 1 Each Bag",1.0,1.97,1.97,1.97,,no
2026-02-04,Walmart,Marketside Envy Apples 3 Lb Bag,1.0,5.7300,5.7300,5.73,5.7300,yes
2026-02-09,Walmart,"Fresh Whole Yellow Onion, Each",1.0,0.98,0.98,0.98,,no
2026-02-09,Walmart,"Tostitos Scoops! Tortilla Chips Multigrain, 10 oz Bag",1.0,3.9700,3.9700,3.97,3.9700,yes
2026-02-09,Walmart,"TAZO Classic Chai Latte Black Tea Concentrate, Made from Real Black Tea, 32oz Carton",1.0,5.7200,5.7200,5.72,5.7200,yes
2026-02-09,Walmart,"Kerrygold Grass-Fed Pure Irish Salted Butter Sticks, 8 oz, 2 Sticks",1.0,5.2400,5.2400,5.24,5.2400,yes
2026-02-09,Walmart,"WHOLLY GUACAMOLE Minis Paste, Classic, 12oz, 6 Pack",1.0,4.8800,4.8800,4.88,4.8800,yes
2026-02-09,Walmart,Cabot Creamery Cabot Whole Milk Plain Greek Yogurt 2 lb (Refrigerated  Tub),1.0,4.72,4.72,4.72,,no
2026-02-09,Walmart,"Fresh Lime, Each",1.0,0.25,0.25,0.25,,no
2026-02-09,Walmart,"Great Value Original Sour Cream, 24 oz Tub",1.0,2.7400,2.7400,2.74,2.7400,yes
2026-02-09,Walmart,"Great Value Golden Sweet Whole Kernel Corn, 15 oz",1.0,0.7600,0.7600,0.76,0.7600,yes
2026-02-09,Walmart,"Great Value Black Beans, 15 oz",3.0,0.8600,2.5800,2.58,0.8600,yes
2026-02-09,Walmart,"Great Value Tomato Paste, 6 oz",1.0,0.8600,0.8600,0.86,0.8600,yes
2026-02-09,Walmart,"Great Value Reduced Sodium Gluten-Free Chicken Broth, 32 oz Carton (Shelf-Stable)",3.0,1.5000,4.5000,4.5,1.5000,yes
2026-02-09,Walmart,"Great Value Original Diced Tomatoes with Green Chilies, 10 oz",1.0,0.9600,0.9600,0.96,0.9600,yes
2026-02-09,Walmart,"Great Value Petite Diced Tomatoes in Tomato Juice, 14.5 oz",1.0,0.9600,0.9600,0.96,0.9600,yes
2026-02-09,Walmart,"Fresh Yellow Bell Pepper, Each",1.0,1.48,1.48,1.48,,no
2026-02-09,Walmart,"Great Value Mixed Vegetables, 12 oz Steamable Bag (Frozen)",2.0,0.9800,1.9600,1.96,0.9800,yes
2026-02-09,Walmart,"Perdue Harvestland, Fresh Ground Chicken, 92% Lean 8% Fat, 1 lb. Tray",1.0,3.8400,3.8400,3.84,3.8400,yes
2026-02-09,Walmart,"Sargento® Sliced Muenster Natural Cheese, 11 Slices",2.0,2.9700,5.9400,5.94,2.9700,yes
2026-02-09,Walmart,"Nature's Own WhiteWheat Healthy White Bread, Sliced White Bread Loaf, 20 oz, Shelf-Stable",1.0,3.6200,3.6200,3.62,3.6200,yes
2026-02-09,Walmart,"Freshness Guaranteed Sliced Sourdough Bread Loaf, 24 oz",1.0,4.2400,4.2400,4.24,4.2400,yes
2026-02-09,Walmart,"Great Value Whole Vitamin D Milk, Gallon, 128 fl oz",1.0,2.1800,2.1800,2.18,2.1800,yes
2026-02-09,Walmart,"Coffee mate Harry Potter Butterbeer Flavored Cold Foam Creamer, Gluten Free Creamer 14 oz",1.0,3.9700,3.9700,3.97,3.9700,yes
2026-02-09,Walmart,"Fresh Small Hass Avocados, 5-6 Count Bag",1.0,2.9700,2.9700,2.97,2.9700,yes
2026-02-09,Walmart,"Fresh Red Bell Pepper, 1 Each",1.0,1.48,1.48,1.48,,no
2026-02-09,Walmart,Fresh Whole Russet Potatoes 5 lb Bag,1.0,3.8700,3.8700,3.87,3.8700,yes
2026-02-09,Walmart,Marketside Envy Apples 3 Lb Bag,1.0,5.7300,5.7300,5.73,5.7300,yes
2026-02-09,Walmart,"Perdue Harvestland, Free Range, Fresh Boneless Chicken Breasts, 1.3-1.9 lb. Tray",1.0,10.2000,10.2000,10.2,10.2000,yes
2026-02-09,Walmart,"Fresh Produce, Whole Green Cilantro, 1 Bunch",1.0,0.8300,0.8300,0.83,0.8300,yes
2026-02-11,Walmart,"Fresh Banana, Each",10.0,0.2,2.0,0.2,,no
2026-02-11,Walmart,"PLANTERS Deluxe Honey Roasted Whole Cashews, Sweet and Salty Snacks, Plant Based Protein, 8.25 oz Steel Can",1.0,7.42,7.42,7.42,,no
2026-02-11,Walmart,"Dum Dums Valentines cards for kids classroom, Valentines Party Favors, Original Flavors Lollipops Valentines Candy Bouquets, 8.6 oz, 50 Ct Box",1.0,4.2700,4.2700,4.27,4.2700,yes
2026-02-11,Walmart,"Dixie To Go Disposable Paper Cups, 12 oz, Multi-Color, 36 Count",1.0,7.1800,7.1800,7.18,7.1800,yes
2026-02-11,Walmart,"Thomas' Plain Mini Bagels, 10 count, Kosher Mini Bagels, 15 oz Bag",1.0,4.8200,4.8200,4.82,4.8200,yes
2026-02-11,Walmart,"Great Value Turkey Pepperoni Slices, 5 oz",1.0,2.9200,2.9200,2.92,2.9200,yes
2026-02-11,Walmart,"Great Value Uncooked Original Breakfast Pork Sausage Links, 12 oz Package",2.0,2.4200,4.8400,4.84,2.4200,yes
2026-02-11,Walmart,"Horizon Organic Half and Half Carton, 32 fl oz​",1.0,5.1400,5.1400,5.14,5.1400,yes
2026-02-11,Walmart,"Horizon Organic Real Dairy Homestyle Vanilla Coffee Creamer Carton, 24 fl oz",1.0,5.7700,5.7700,5.77,5.7700,yes
2026-02-11,Walmart,"Fresh Glorys Cherry Tomatoes, 10 oz Package",1.0,2.7300,2.7300,2.73,2.7300,yes
2026-02-16,Walmart,"Dr Teal's Pure Epsom Salt Soak, Therapeutic, Fragrance Free, 6 lbs",2.0,5.7400,11.4800,11.48,5.7400,yes
2026-02-16,Walmart,"Fresh Whole Yellow Onion, Each",1.0,0.79,0.79,0.79,,no
2026-02-16,Walmart,"Fresh Slicing Tomato, Each",1.0,1.25,1.25,1.25,,no
2026-02-16,Walmart,"Kodiak Protein-Packed Honey Oat Protein Granola Bag, Ready to Eat, 11 oz",1.0,5.26,5.26,5.26,,no
2026-02-16,Walmart,"Blue Diamond Almonds, Lightly Salted Snack Almonds perfect for lunches and on-the-go, 25 oz.",1.0,11.4800,11.4800,11.48,11.4800,yes
2026-02-16,Walmart,"TAZO Classic Chai Latte Black Tea Concentrate, Made from Real Black Tea, 32oz Carton",1.0,5.7200,5.7200,5.72,5.7200,yes
2026-02-16,Walmart,Fleischmann's Classic Bread Machine Instant Yeast 4 oz Jar.,1.0,5.4800,5.4800,5.48,5.4800,yes
2026-02-16,Walmart,"Great Value No Stir Creamy Natural Peanut Butter Spread, 40 oz",1.0,3.9800,3.9800,3.98,3.9800,yes
2026-02-16,Walmart,"Hellmann's Real Mayonnaise Rich Creamy Condiment Gluten Free, 20 oz Squeeze Bottle",1.0,5.9700,5.9700,5.97,5.9700,yes
2026-02-16,Walmart,"Wonderful Pistachios No Shells Roasted & Salted Nuts, 12 Ounce Bag",1.0,11.8400,11.8400,11.84,11.8400,yes
2026-02-16,Walmart,"Great Value Dried Philippine Mango, 6 oz",1.0,4.3700,4.3700,4.37,4.3700,yes
2026-02-16,Walmart,"Classico Signature Recipes Traditional Pizza Sauce, 14 oz Jar",1.0,2.9700,2.9700,2.97,2.9700,yes
2026-02-16,Walmart,"Goya Artichoke Hearts, 6 oz",1.0,2.0800,2.0800,2.08,2.0800,yes
2026-02-16,Walmart,"Marketside Organic Baby Arugula Salad, 5 oz Clam Shell (Fresh)",1.0,2.6600,2.6600,2.66,2.6600,yes
2026-02-16,Walmart,"Great Value Canned Pineapple Tidbits, 20 oz",1.0,1.6200,1.6200,1.62,1.6200,yes
2026-02-16,Walmart,"Smithfield Hickory Smoked Bacon, 16 oz, Gluten-Free, No MSG",1.0,5.9700,5.9700,5.97,5.9700,yes
2026-02-16,Walmart,"Great Value Italian Style Finely Shredded Cheese, 16 oz Bag",2.0,3.4800,6.9600,6.96,3.4800,yes
2026-02-16,Walmart,"Great Value Wide Egg Noodles, 16 oz",1.0,1.7400,1.7400,1.74,1.7400,yes
2026-02-16,Walmart,"Great Value Fully Cooked Turkey Meatballs, 32 oz, Approximately 64 Meatballs (Frozen)",1.0,11.4700,11.4700,11.47,11.4700,yes
2026-02-16,Walmart,"Great Value Heavy Whipping Cream, 16 oz Carton",1.0,2.9600,2.9600,2.96,2.9600,yes
2026-02-16,Walmart,"Great Value Gluten-Free Beef Broth, 32 oz Carton (Shelf-Stable)",1.0,1.2700,1.2700,1.27,1.2700,yes
2026-02-16,Walmart,"Pepperidge Farm White Hot Dog Buns, Top Sliced, 8-Pack Bag",2.0,3.3700,6.7400,6.74,3.3700,yes
2026-02-16,Walmart,"Oscar Mayer Turkey Franks Hot Dogs, 16 oz, 10 ct Pack",2.0,3.9700,7.9400,7.94,3.9700,yes
2026-02-16,Walmart,"Velveeta Original Pasteurized Recipe Cheese Product, 16 oz Block",1.0,5.4800,5.4800,5.48,5.4800,yes
2026-02-16,Walmart,"Perdue Harvestland, Fresh Ground Chicken, 92% Lean 8% Fat, 1 lb. Tray",1.0,3.8400,3.8400,3.84,3.8400,yes
2026-02-16,Walmart,"Great Value Small Shells, 16 oz",1.0,0.9800,0.9800,0.98,0.9800,yes
2026-02-16,Walmart,"Siete Mild Taco Seasoning, Mixed Spice, 1.31 oz. Packet",2.0,2.2600,4.5200,4.52,2.2600,yes
2026-02-16,Walmart,"Great Value Original Diced Tomatoes with Green Chilies, 10 oz",2.0,0.9600,1.9200,1.92,0.9600,yes
2026-02-16,Walmart,"Great Value Golden Sweet Whole Kernel Corn, 15 oz",1.0,0.7600,0.7600,0.76,0.7600,yes
2026-02-16,Walmart,"Great Value Black Beans, 15 oz",1.0,0.8600,0.8600,0.86,0.8600,yes
2026-02-16,Walmart,"Smucker's Simply Fruit Seedless Strawberry Fruit Spread, 10 oz",1.0,3.4700,3.4700,3.47,3.4700,yes
2026-02-16,Walmart,"Snyder's of Hanover Pretzels, Braided Pretzel Twists Honey Wheat, 12 oz",1.0,3.6200,3.6200,3.62,3.6200,yes
2026-02-16,Walmart,"Great Value Crispy and Salty Pretzel Sticks, 16 oz",1.0,2.4400,2.4400,2.44,2.4400,yes
2026-02-16,Walmart,"Great Value Turkey Pepperoni Slices, 5 oz",2.0,2.9200,5.8400,5.84,2.9200,yes
2026-02-16,Walmart,"Great Value Oven Roasted Turkey Breast Lunchmeat, 16 oz, Plastic Tub, Refrigerated",2.0,5.9700,11.9400,11.94,5.9700,yes
2026-02-16,Walmart,"Nature's Own WhiteWheat Healthy White Bread, Sliced White Bread Loaf, 20 oz, Shelf-Stable",2.0,3.6200,7.2400,7.24,3.6200,yes
2026-02-16,Walmart,"Great Value Uncooked Original Breakfast Pork Sausage Links, 12 oz Package",2.0,2.4200,4.8400,4.84,2.4200,yes
2026-02-16,Walmart,"Eggland's Best Extra Large White Eggs, 18 Count",1.0,5.8400,5.8400,5.84,5.8400,yes
2026-02-16,Walmart,"Pepperidge Farm Raisin Cinnamon Swirl Breakfast Bread, 16 oz Loaf",1.0,3.4700,3.4700,3.47,3.4700,yes
2026-02-16,Walmart,"Kerrygold Grass-Fed Pure Irish Salted Butter Sticks, 8 oz, 2 Sticks",1.0,5.2400,5.2400,5.24,5.2400,yes
2026-02-16,Walmart,"Thomas' Plain Mini Bagels, 10 count, Kosher Mini Bagels, 15 oz Bag",1.0,4.8200,4.8200,4.82,4.8200,yes
2026-02-16,Walmart,"Great Value Original Whipped Cream Cheese Spread, 12 oz Tub",2.0,2.9200,5.8400,5.84,2.9200,yes
2026-02-16,Walmart,"Organic Fresh Whole Carrots, 2 lb Bag",1.0,2.6200,2.6200,2.62,2.6200,yes
2026-02-16,Walmart,"Great Value Whole Vitamin D Milk, Gallon, 128 fl oz",1.0,2.4300,2.4300,2.43,2.4300,yes
2026-02-16,Walmart,Kraft Parmesan Finely Shredded Natural Cheese 6oz Bag,1.0,4.9800,4.9800,4.98,4.9800,yes
2026-02-16,Walmart,"Fresh Whole Brown Mushrooms, 8 oz",3.0,2.0400,6.1200,6.12,2.0400,yes
2026-02-16,Walmart,"Perdue Harvestland, Free Range, Fresh Boneless Chicken Breasts, 1.3-1.9 lb. Tray",1.0,8.5600,8.5600,8.56,8.5600,yes
2026-02-16,Walmart,"Fresh Glorys Cherry Tomatoes, 10 oz Package",1.0,2.7300,2.7300,2.73,2.7300,yes
2026-02-16,Walmart,"Fresh Whole Celery Stalk, 1 Each Bag",1.0,1.97,1.97,1.97,,no
2026-02-22,Walmart,"Eggland's Best Extra Large White Eggs, 18 Count",1.0,5.8400,5.8400,5.84,5.8400,yes
2026-02-22,Walmart,"Fresh Banana, Each",5.0,0.16399999999999998,0.82,0.16399999999999998,,no
2026-02-22,Walmart,"PLANTERS Deluxe Honey Roasted Whole Cashews, Sweet and Salty Snacks, Plant Based Protein, 8.25 oz Steel Can",2.0,14.84,29.68,14.84,,no
2026-02-22,Walmart,"Scott Paper Towels, Choose-A-Sheet, 6 Double Rolls",1.0,6.8400,6.8400,6.84,6.8400,yes
2026-02-22,Walmart,"Kerrygold Grass-Fed Pure Irish Salted Butter Sticks, 8 oz, 2 Sticks",1.0,5.2400,5.2400,5.24,5.2400,yes
2026-02-22,Walmart,"Great Value Turkey Pepperoni Slices, 5 oz",1.0,2.9200,2.9200,2.92,2.9200,yes
2026-02-22,Walmart,"Great Value Original Sour Cream, 24 oz Tub",1.0,2.7400,2.7400,2.74,2.7400,yes
2026-02-22,Walmart,"Great Value Sharp Cheddar Finely Shredded Cheese, 16 oz Bag",1.0,3.4800,3.4800,3.48,3.4800,yes
2026-02-22,Walmart,"McCormick Chili Seasoning Mix, 1.25 oz Packet",1.0,1.6300,1.6300,1.63,1.6300,yes
2026-02-22,Walmart,"Great Value Petite Diced Tomatoes in Tomato Juice, 14.5 oz",1.0,0.9600,0.9600,0.96,0.9600,yes
2026-02-22,Walmart,"Bush's Chili Beans, Canned Pinto Beans in Mild Chili Sauce, 27 oz Can",1.0,2.4700,2.4700,2.47,2.4700,yes
2026-02-22,Walmart,"Great Value Golden Sweet Whole Kernel Corn, 15 oz",1.0,0.7600,0.7600,0.76,0.7600,yes
2026-02-22,Walmart,"Great Value Black Beans, 15 oz",1.0,0.8600,0.8600,0.86,0.8600,yes
2026-02-22,Walmart,"Perdue Harvestland, Fresh Ground Chicken, 92% Lean 8% Fat, 1 lb. Tray",1.0,3.8400,3.8400,3.84,3.8400,yes
2026-02-22,Walmart,"bubly Sparkling Water, The Super Mario Galaxy Movie Lime, Zero Sugar & Zero Calories, 12 fl oz Cans (8 pack)​",1.0,4.2800,4.2800,4.28,4.2800,yes
2026-02-22,Walmart,"bubly Sparkling Water, The Super Mario Galaxy Movie Cherry, Zero Sugar & Zero Calories ,12 fl oz Cans (8 pack)​",1.0,4.2800,4.2800,4.28,4.2800,yes
2026-02-22,Walmart,"Honey Stinger Organic Gluten-Free Energy Gel, Fruit Smoothie, 1.1 oz, 1 Count",3.0,1.6800,5.0400,5.04,1.6800,yes
2026-02-22,Walmart,Cabot Creamery Cabot Whole Milk Plain Greek Yogurt 2 lb (Refrigerated  Tub),1.0,4.72,4.72,4.72,,no
2026-02-22,Walmart,"Oikos Triple Zero 17g Protein, 0g Added Sugar, Fat Free Vanilla Greek Yogurt Tub, 32 oz",1.0,6.27,6.27,6.27,,no
2026-02-22,Walmart,"Oikos Pro 23g Protein, Mango Pineapple Cultured Dairy Drink Bottle, 7 fl oz",4.0,7.76,31.04,7.76,,no
2026-02-22,Walmart,"Oikos Pro Shots 10g Protein, Mixed Berry Cultured Dairy Drinks Bottles, 3.1 fl oz, 6 Count​",2.0,10.28,20.56,10.28,,no
2026-02-22,Walmart,"Thomas' Cinnamon Raisin Swirl Bread, 16 oz, Cinnamon Bread, Bag",1.0,3.6200,3.6200,3.62,3.6200,yes
2026-02-22,Walmart,"Great Value Original Whipped Cream Cheese Spread, 12 oz Tub",1.0,2.9200,2.9200,2.92,2.9200,yes
2026-02-22,Walmart,"Horizon Organic High Vitamin D Whole Milk, High Vitamin D Whole, 64 fl oz Carton",1.0,5.9600,5.9600,5.96,5.9600,yes
2026-02-22,Walmart,"Great Value Whole Vitamin D Milk, Gallon, 128 fl oz",2.0,2.3600,4.7200,4.72,2.3600,yes
2026-02-22,Walmart,"Tropicana Pure Premium 100% Orange Juice Original, No Pulp, No Sugar Added, 46 fl oz",2.0,4.3400,8.6800,8.68,4.3400,yes
2026-02-22,Walmart,"Great Value Soup & Oyster Crackers, 9 oz",1.0,1.4700,1.4700,1.47,1.4700,yes
2026-02-22,Walmart,"Premium Original Saltine Crackers, Lunch Snacks, 16 oz",1.0,3.6800,3.6800,3.68,3.6800,yes
2026-02-22,Walmart,"Pacific Foods Organic Creamy Tomato Soup, 32 oz Carton",2.0,4.1200,8.2400,8.24,4.1200,yes
2026-02-22,Walmart,Marketside Envy Apples 3 Lb Bag,1.0,5.7300,5.7300,5.73,5.7300,yes
2026-02-22,Walmart,"Fresh Glorys Cherry Tomatoes, 10 oz Package",1.0,2.5700,2.5700,2.57,2.5700,yes
2026-02-22,Walmart,"Fritos Regular Corn Chips, 9.25 oz Single Bag",2.0,3.9700,7.9400,7.94,3.9700,yes
2026-02-26,Walmart,"Honey Nut Cheerios, Heart Healthy Cereal, Affirmations Box, Family Size, 18.8 oz",1.0,4.4400,4.4400,4.44,4.4400,yes
2026-02-26,Walmart,"bubly Sparkling Water, The Super Mario Galaxy Movie Lime, Zero Sugar & Zero Calories, 12 fl oz Cans (8 pack)​",1.0,4.2800,4.2800,4.28,4.2800,yes
2026-02-26,Walmart,"bubly Sparkling Water, The Super Mario Galaxy Movie Cherry, Zero Sugar & Zero Calories ,12 fl oz Cans (8 pack)​",1.0,4.2800,4.2800,4.28,4.2800,yes
2026-02-26,Walmart,"Pepperidge Farm White Hot Dog Buns, Top Sliced, 8-Pack Bag",1.0,3.3700,3.3700,3.37,3.3700,yes
2026-02-26,Walmart,"Great Value Original Whipped Cream Cheese Spread, 12 oz Tub",1.0,2.9200,2.9200,2.92,2.9200,yes
2026-02-26,Walmart,"Thomas' Plain Mini Bagels, 10 count, Kosher Mini Bagels, 15 oz Bag",1.0,4.8200,4.8200,4.82,4.8200,yes
2026-02-26,Walmart,"Snyder's of Hanover Pretzels, Braided Pretzel Twists Honey Wheat, 12 oz",1.0,3.6200,3.6200,3.62,3.6200,yes
2026-02-26,Walmart,"Great Value Uncooked Original Breakfast Pork Sausage Links, 12 oz Package",1.0,2.4200,2.4200,2.42,2.4200,yes
2026-02-26,Walmart,"Oscar Mayer Turkey Franks Hot Dogs, 16 oz, 10 ct Pack",1.0,3.9700,3.9700,3.97,3.9700,yes
2026-02-26,Walmart,"Great Value Oven Roasted Turkey Breast Lunchmeat, 16 oz, Plastic Tub, Refrigerated",1.0,5.9700,5.9700,5.97,5.9700,yes
2026-02-26,Walmart,"Stouffer's Classic Lasagna with Meat and Sauce, Party Size Pasta, Frozen Meals, 90 oz (Frozen) ",1.0,14.8300,14.8300,14.83,14.8300,yes
2026-02-26,Walmart,"Premium Original Saltine Crackers, Lunch Snacks, 16 oz",1.0,3.6800,3.6800,3.68,3.6800,yes
2026-02-26,Walmart,"Progresso Rich and Hearty Chicken and Homestyle Noodles Canned Soup, 19 oz",4.0,1.9800,7.9200,7.92,1.9800,yes
2026-02-26,Walmart,"Smucker’s Uncrustables Peanut Butter & Raspberry Spread Sandwiches, 4 Count, 2 oz Each, Frozen",1.0,3.87,3.87,3.87,,no
2026-02-26,Walmart,"Nature's Own 100% Whole Wheat, Whole Wheat Sandwich Bread, 20 oz Loaf, Shelf-Stable",2.0,3.7600,7.5200,7.52,3.7600,yes
2026-02-26,Walmart,"Core Power Protein Shake with 26g Protein by fairlife Milk, Chocolate, 14 fl oz",3.0,11.64,34.92,11.64,,no
2026-02-26,Walmart,"Eggland's Best Large White Eggs, 18 Count",2.0,5.7200,11.4400,11.44,5.7200,yes
2026-03-02,Walmart,"Method Curl Defining Co-Wash, Coco Twist, 13.5Oz",1.0,9.9700,9.9700,9.97,9.9700,yes
2026-03-02,Walmart,"Fresh Cherubs Grape Tomatoes, 10 oz Package",1.0,2.5700,2.5700,2.57,2.5700,yes
2026-03-02,Walmart,"Fresh Banana, Each",10.0,0.199,1.99,0.199,,no
2026-03-02,Walmart,"Gatorade Sports Drink, Fruit Punch/Glacier Cherry/Cool Blue Variety Pack, 12 fl oz, 18 Count Bottles",1.0,10.7800,10.7800,10.78,10.7800,yes
2026-03-02,Walmart,"Aveeno Therapeutic Shave Gel for Dry Skin with Oat & Vitamin E, Shaving Cream for Men & Women, 7 oz",1.0,4.4700,4.4700,4.47,4.4700,yes
2026-03-02,Walmart,"Method Moisturizing Conditioner, Simply Nourish, Sulfate Free, and Cruelty Free, 13.5 fl oz",1.0,9.9700,9.9700,9.97,9.9700,yes
2026-03-02,Walmart,"TAZO Classic Chai Latte Black Tea Concentrate, Made from Real Black Tea, 32oz Carton",1.0,5.7200,5.7200,5.72,5.7200,yes
2026-03-02,Walmart,"PLANTERS Deluxe Honey Roasted Whole Cashews, Sweet and Salty Snacks, Plant Based Protein, 8.25 oz Steel Can",1.0,7.42,7.42,7.42,,no
2026-03-02,Walmart,"Cholula Kosher Green Pepper Hot Sauce, 5.0 fl oz Bottle",1.0,3.9200,3.9200,3.92,3.9200,yes
2026-03-02,Walmart,"Pepperidge Farm White Hot Dog Buns, Top Sliced, 8-Pack Bag",1.0,3.3700,3.3700,3.37,3.3700,yes
2026-03-02,Walmart,"""JIFFY"" Corn Muffin Mix, 8.5 oz Box",1.0,0.6700,0.6700,0.67,0.6700,yes
2026-03-02,Walmart,"McCormick Chili Seasoning Mix, 1.25 oz Packet",1.0,1.6300,1.6300,1.63,1.6300,yes
2026-03-02,Walmart,"Bush's Chili Beans, Canned Pinto Beans in Mild Chili Sauce, 27 oz Can",1.0,2.4700,2.4700,2.47,2.4700,yes
2026-03-02,Walmart,"Great Value Petite Diced Tomatoes in Tomato Juice, 14.5 oz",1.0,0.9600,0.9600,0.96,0.9600,yes
2026-03-02,Walmart,"Great Value Black Beans, 15 oz",1.0,0.8600,0.8600,0.86,0.8600,yes
2026-03-02,Walmart,"Great Value Golden Sweet Whole Kernel Corn, 15 oz",1.0,0.7600,0.7600,0.76,0.7600,yes
2026-03-02,Walmart,"Perdue Harvestland, Fresh Ground Chicken, 92% Lean 8% Fat, 1 lb. Tray",1.0,3.8400,3.8400,3.84,3.8400,yes
2026-03-02,Walmart,"Nature's Own WhiteWheat Healthy White Bread, Sliced White Bread Loaf, 20 oz, Shelf-Stable",1.0,3.6200,3.6200,3.62,3.6200,yes
2026-03-02,Walmart,"Thomas' Light Multi-Grain English Muffins, 6 count, 100 Calories English Muffins, 12 oz Tray",1.0,3.6700,3.6700,3.67,3.6700,yes
2026-03-02,Walmart,"Oikos Pro Shots 10g Protein, Mixed Berry Cultured Dairy Drinks Bottles, 3.1 fl oz, 6 Count​",1.0,5.14,5.14,5.14,,no
2026-03-02,Walmart,"Eggland's Best Large White Eggs, 18 Count",1.0,5.7200,5.7200,5.72,5.7200,yes
2026-03-02,Walmart,"Oikos Pro 23g Protein, Mango Pineapple Cultured Dairy Drink Bottle, 7 fl oz",4.0,7.76,31.04,7.76,,no
2026-03-02,Walmart,"Thomas' Plain Mini Bagels, 10 count, Kosher Mini Bagels, 15 oz Bag",1.0,4.8200,4.8200,4.82,4.8200,yes
2026-03-02,Walmart,"Pepperidge Farm Raisin Cinnamon Swirl Breakfast Bread, 16 oz Loaf",1.0,3.4700,3.4700,3.47,3.4700,yes
2026-03-02,Walmart,"Great Value Original Whipped Cream Cheese Spread, 12 oz Tub",1.0,2.9200,2.9200,2.92,2.9200,yes
2026-03-02,Walmart,"Great Value Whole Milk Low-Moisture Mozzarella String Cheese Sticks, 12 oz, 12 Count",1.0,3.2800,3.2800,3.28,3.2800,yes
2026-03-02,Walmart,"Great Value Colby & Monterey Jack Cheese Snack, 9 oz Bag, 12 Cheese Sticks",1.0,2.5600,2.5600,2.56,2.5600,yes
2026-03-02,Walmart,"Great Value Turkey Pepperoni Slices, 5 oz",2.0,2.9200,5.8400,5.84,2.9200,yes
2026-03-02,Walmart,Cabot Creamery Cabot Whole Milk Plain Greek Yogurt 2 lb (Refrigerated  Tub),1.0,4.72,4.72,4.72,,no
2026-03-02,Walmart,"Fresh Whole Celery Stalk, 1 Each Bag",1.0,1.78,1.78,1.78,,no
2026-03-02,Walmart,"Fresh Mandarin Oranges, 3 lb Bag",1.0,3.4800,3.4800,3.48,3.4800,yes
2026-03-02,Walmart,"Fresh Red Bell Pepper, 1 Each",1.0,1.48,1.48,1.48,,no
2026-03-02,Walmart,"Green Bell Pepper, 1 each",1.0,0.86,0.86,0.86,,no
2026-03-02,Walmart,Marketside Envy Apples 3 Lb Bag,1.0,5.7300,5.7300,5.73,5.7300,yes
2026-03-02,Walmart,"Fritos Regular Corn Chips, 9.25 oz Single Bag",1.0,3.9700,3.9700,3.97,3.9700,yes
2026-03-02,Walmart,"(2 pack) Dr Teal's Epsom Salt Magnesium Soak, Relax & Relief with Eucalyptus & Spearmint, 3 lbs",1.0,11.7400,11.7400,11.74,11.7400,yes
2026-03-02,Walmart,"Great Value Whole Vitamin D Milk, Gallon, 128 fl oz",1.0,2.4300,2.4300,2.43,2.4300,yes
2026-03-05,Walmart,"Skinnypop Gluten Free Original Popcorn, 8.0 oz Family Size Bag, Skinny Pop, Popcorn Snacks",1.0,5.4700,5.4700,5.47,5.4700,yes
2026-03-05,Walmart,"PLANTERS Deluxe Honey Roasted Whole Cashews, Sweet and Salty Snacks, Plant Based Protein, 8.25 oz Steel Can",1.0,7.42,7.42,7.42,,no
2026-03-05,Walmart,"PopCorners No Artificial Colors or Flavors White Cheddar Popped Corn Chips Bag, 7 oz",1.0,3.9800,3.9800,3.98,3.9800,yes
2026-03-05,Walmart,"Pace Chunky Medium Salsa, 64 oz Bottle",1.0,7.9300,7.9300,7.93,7.9300,yes
2026-03-05,Walmart,"Tostitos Scoops! Tortilla Chips Multigrain, 10 oz Bag",2.0,3.9700,7.9400,7.94,3.9700,yes
2026-03-05,Walmart,"Heinz Tomato Ketchup, 32 oz Bottle",1.0,4.9800,4.9800,4.98,4.9800,yes
2026-03-05,Walmart,"bubly Sparkling Water, The Super Mario Galaxy Movie Lime, Zero Sugar & Zero Calories, 12 fl oz Cans (8 pack)​",2.0,4.2800,8.5600,8.56,4.2800,yes
2026-03-05,Walmart,"Pepperidge Farm White Hot Dog Buns, Top Sliced, 8-Pack Bag",2.0,3.3700,6.7400,6.74,3.3700,yes
2026-03-05,Walmart,"Great Value Turkey Pepperoni Slices, 5 oz",1.0,2.9200,2.9200,2.92,2.9200,yes
2026-03-05,Walmart,"Great Value Dry Roasted Peanuts, 16 oz",1.0,2.5800,2.5800,2.58,2.5800,yes
2026-03-05,Walmart,"Jet-Puffed Mini Marshmallows, 10 oz Bag",1.0,1.6700,1.6700,1.67,1.6700,yes
2026-03-05,Walmart,"Stauffer's Original Animal Snack Crackers, 32 oz Party Size Pillow Bag, Low Fat Snack for Kids & Adults",1.0,5.1800,5.1800,5.18,5.1800,yes
2026-03-05,Walmart,"PopCorners No Artificial Colors or Flavors Spicy Queso Popped Corn Chips Bag, 7 oz​",1.0,3.9800,3.9800,3.98,3.9800,yes
2026-03-05,Walmart,"PopCorners No Artificial Colors or Flavors Kettle Corn Popped Corn Chips Bag, 7 oz​",1.0,3.9800,3.9800,3.98,3.9800,yes
2026-03-05,Walmart,"Eggland's Best Extra Large White Eggs, 18 Count",1.0,5.8400,5.8400,5.84,5.8400,yes
2026-03-05,Walmart,"Gordo's Original Queso Cheese Dip, 16 oz, Refrigerated Dip",1.0,4.9800,4.9800,4.98,4.9800,yes
2026-03-05,Walmart,"Fresh Hass Avocados, Each",1.0,0.55,0.55,0.55,,no
2026-03-05,Walmart,"Great Value Golden Sweet Whole Kernel Corn, 15 oz",1.0,0.7600,0.7600,0.76,0.7600,yes
2026-03-05,Walmart,"Great Value Black Beans, 15 oz",1.0,0.8600,0.8600,0.86,0.8600,yes
2026-03-05,Walmart,"Great Value Crispy and Salty Pretzel Sticks, 16 oz",1.0,2.4400,2.4400,2.44,2.4400,yes
2026-03-05,Walmart,"Snyder's of Hanover Pretzels, Braided Pretzel Twists Honey Wheat, 12 oz",1.0,3.6200,3.6200,3.62,3.6200,yes
2026-03-05,Walmart,"GoGo squeeZ No Sugar Added Apple Apple Applesauce & Fruit Puree Pouches, 3.2 oz (24 Pack)",1.0,14.4700,14.4700,14.47,14.4700,yes
2026-03-05,Walmart,"Great Value Sharp Cheddar Finely Shredded Cheese, 16 oz Bag",1.0,3.4800,3.4800,3.48,3.4800,yes
2026-03-05,Walmart,"Sargento® Sliced Muenster Natural Cheese, 11 Slices",1.0,2.9700,2.9700,2.97,2.9700,yes
2026-03-05,Walmart,"Marketside Plain Goat Cheese, 4 oz",3.0,1.8700,5.6100,5.61,1.8700,yes
2026-03-05,Walmart,"Fresh Glorys Cherry Tomatoes, 10 oz Package",1.0,2.5700,2.5700,2.57,2.5700,yes
2026-03-05,Walmart,Marketside Envy Apples 3 Lb Bag,1.0,5.7300,5.7300,5.73,5.7300,yes
2026-03-09,Walmart,"Great Value Parmesan Finely Shredded Cheese, 6 oz Bag",1.0,2.0800,2.0800,2.08,2.0800,yes
2026-03-09,Walmart,"Great Value Uncooked Original Breakfast Pork Sausage Patties, 12 oz Package (Refrigerated)",2.0,2.4200,4.8400,4.84,2.4200,yes
2026-03-09,Walmart,"Oikos Triple Zero 17g Protein, 0g Added Sugar, Fat Free Vanilla Greek Yogurt Tub, 32 oz",1.0,6.27,6.27,6.27,,no
2026-03-09,Walmart,"Fresh Whole Yellow Onion, Each",1.0,1.08,1.08,1.08,,no
2026-03-09,Walmart,"Tostitos Scoops! Tortilla Chips Multigrain, 10 oz Bag",1.0,3.9700,3.9700,3.97,3.9700,yes
2026-03-09,Walmart,"Great Value No Stir Creamy Natural Peanut Butter Spread, 40 oz",1.0,3.8800,3.8800,3.88,3.8800,yes
2026-03-09,Walmart,"Kodiak Protein-Packed Honey Oat Protein Granola Bag, Ready to Eat, 11 oz",1.0,5.26,5.26,5.26,,no
2026-03-09,Walmart,"TAZO Classic Chai Latte Black Tea Concentrate, Made from Real Black Tea, 32oz Carton",1.0,5.7200,5.7200,5.72,5.7200,yes
2026-03-09,Walmart,"Marketside Organic Baby Arugula Salad, 5 oz Clam Shell (Fresh)",1.0,2.6600,2.6600,2.66,2.6600,yes
2026-03-09,Walmart,"Old El Paso Mild Red Enchilada Sauce, Meal Prep, 10 oz",4.0,2.1600,8.6400,8.64,2.1600,yes
2026-03-09,Walmart,"Great Value Original Sour Cream, 24 oz Tub",1.0,2.7400,2.7400,2.74,2.7400,yes
2026-03-09,Walmart,"Great Value Petite Diced Tomatoes in Tomato Juice, 14.5 oz",2.0,0.9600,1.9200,1.92,0.9600,yes
2026-03-09,Walmart,"Great Value Golden Sweet Whole Kernel Corn, 15 oz",2.0,0.7600,1.5200,1.52,0.7600,yes
2026-03-09,Walmart,"Great Value Black Beans, 15 oz",2.0,0.8600,1.7200,1.72,0.8600,yes
2026-03-09,Walmart,La Banderita Yellow Corn Tortilla 30 Count,2.0,2.4400,4.8800,4.88,2.4400,yes
2026-03-09,Walmart,"Great Value Tomato Paste, 6 oz",1.0,0.8600,0.8600,0.86,0.8600,yes
2026-03-09,Walmart,"Great Value Sweet Peas, 12 oz (Frozen) Steamable Bag, No Added Sugars",1.0,0.9800,0.9800,0.98,0.9800,yes
2026-03-09,Walmart,"Great Value Gluten-Free Beef Broth, 32 oz Carton (Shelf-Stable)",2.0,1.2700,2.5400,2.54,1.2700,yes
2026-03-09,Walmart,"Great Value Sharp Cheddar Finely Shredded Cheese, 16 oz Bag",1.0,3.4800,3.4800,3.48,3.4800,yes
2026-03-09,Walmart,"Great Value Jasmine Rice, 2 lb",1.0,3.4400,3.4400,3.44,3.4400,yes
2026-03-09,Walmart,"Pillsbury Grands! Southern Style Frozen Breakfast Biscuits, Value Pack, 20 ct., 41.6 oz",1.0,5.4200,5.4200,5.42,5.4200,yes
2026-03-09,Walmart,"Jimmy Dean Premium Pork Regular Sausage Roll, 16 oz",1.0,4.9700,4.9700,4.97,4.9700,yes
2026-03-09,Walmart,"Oikos Pro 23g Protein, Mango Pineapple Cultured Dairy Drink Bottle, 7 fl oz",2.0,3.88,7.76,3.88,,no
2026-03-09,Walmart,"Chobani 20G Protein Low-Fat Greek Yogurt Drink, Strawberries and Cream 10 fl oz Bottle, 4 Pack",1.0,8.97,8.97,8.97,,no
2026-03-09,Walmart,"Oikos Pro Shots 10g Protein, Mixed Berry Cultured Dairy Drinks Bottles, 3.1 fl oz, 6 Count​",1.0,5.14,5.14,5.14,,no
2026-03-09,Walmart,"Marketside Plain Goat Cheese, 4 oz",2.0,1.8700,3.7400,3.74,1.8700,yes
2026-03-09,Walmart,"Thomas' Light Multi-Grain English Muffins, 6 count, 100 Calories English Muffins, 12 oz Tray",2.0,2.8200,5.6400,5.64,2.8200,yes
2026-03-09,Walmart,"Eggland's Best Large White Eggs, 18 Count",1.0,5.7200,5.7200,5.72,5.7200,yes
2026-03-09,Walmart,"Pepperidge Farm Raisin Cinnamon Swirl Breakfast Bread, 16 oz Loaf",1.0,3.4700,3.4700,3.47,3.4700,yes
2026-03-09,Walmart,"Thomas' Plain Mini Bagels, 10 count, Kosher Mini Bagels, 15 oz Bag",1.0,3.8800,3.8800,3.88,3.8800,yes
2026-03-09,Walmart,"Great Value Original Whipped Cream Cheese Spread, 12 oz Tub",1.0,2.9200,2.9200,2.92,2.9200,yes
2026-03-09,Walmart,"Pepperidge Farm White Hot Dog Buns, Top Sliced, 8-Pack Bag",1.0,3.3700,3.3700,3.37,3.3700,yes
2026-03-09,Walmart,"Oscar Mayer Turkey Franks Hot Dogs, 16 oz, 10 ct Pack",2.0,3.9700,7.9400,7.94,3.9700,yes
2026-03-09,Walmart,"Great Value Whole Vitamin D Milk, Gallon, 128 fl oz",2.0,2.4300,4.8600,4.86,2.4300,yes
2026-03-09,Walmart,"Fresh Red Baby Potatoes, 1.5 lb Bag",1.0,3.1800,3.1800,3.18,3.1800,yes
2026-03-09,Walmart,"Chuck Roast, Choice Angus Beef, Tray, Fresh, 2.25 - 3.38 lb",1.0,19.6300,19.6300,19.63,19.6300,yes
2026-03-09,Walmart,"Perdue Harvestland, Free Range, Fresh Boneless Chicken Breasts, 1.3-1.9 lb. Tray",1.0,11.2400,11.2400,11.24,11.2400,yes
2026-03-09,Walmart,"Fresh Strawberries, 1 lb",1.0,2.6200,2.6200,2.62,2.6200,yes
2026-03-09,Walmart,Marketside Envy Apples 3 Lb Bag,1.0,6.2400,6.2400,6.24,6.2400,yes
2026-03-09,Walmart,Kraft Mexican Style Four Cheese Finely Shredded Natural Cheese 16oz Bag,1.0,5.6400,5.6400,5.64,5.6400,yes
2026-03-09,Walmart,"Smithfield Hickory Smoked Bacon, 16 oz, Gluten-Free, No MSG",1.0,5.9700,5.9700,5.97,5.9700,yes
2026-03-09,Costco,LACROIX VTY,1.0,8.99,8.99,8.99,,no
2026-03-09,Costco,TORRE ORIA,1.0,11.99,11.99,11.99,,no
2026-03-09,Costco,LACROIX VTY,1.0,8.99,8.99,8.99,,no
2026-03-09,Costco,TORRE ORIA,1.0,11.99,11.99,11.99,,no
2026-03-09,Costco,CHICK ENCHIL,1.0,24.38,24.38,24.38,,no
2026-03-09,Costco,TORRE ORIA,1.0,11.99,11.99,11.99,,no
2026-03-09,Costco,CHOC CARAMEL,1.0,12.89,12.89,12.89,,no
2026-03-09,Costco,BFGUMMYBEARS,1.0,17.49,17.49,17.49,,no
2026-03-09,Costco,LACROIX VTY,1.0,9.49,9.49,9.49,,no
2026-03-09,Costco,BFGUMMYBEARS,1.0,16.99,16.99,16.99,,no
2026-03-09,Costco,KS BAGS 200,1.0,16.99,16.99,16.99,,no
2026-03-09,Costco,BUBLY 24/12,1.0,28.47,28.47,28.47,,no
2026-03-09,Costco,CLOUDLINE PN,1.0,17.99,17.99,17.99,,no
2026-03-09,Costco,CHICALFREDO,1.0,18.32,18.32,18.32,,no
Unknown,Walmart,"Scott 1000 Toilet Paper, 12 Rolls, 1,000 Sheets per Roll",1.0,11.2800,11.2800,11.28,11.2800,yes
Unknown,Walmart,"Fresh Celery Hearts, Each",1.0,2.82,2.82,2.82,,no
Unknown,Walmart,"bubly Sparkling Water, The Super Mario Galaxy Movie Cherry, Zero Sugar & Zero Calories ,12 fl oz Cans (8 pack)​",1.0,4.1800,4.1800,4.18,4.1800,yes
Unknown,Walmart,"GoGo squeeZ Applesauce and Fruit Puree, Apple Apple Snack Pouches, 3.2 oz, 20 Pack",1.0,12.9800,12.9800,12.98,12.9800,yes
Unknown,Walmart,"Utz Braided Twists Honey Wheat Pretzels, 14 oz Bag",1.0,3.2800,3.2800,3.28,3.2800,yes
Unknown,Walmart,"Manwich Original Sloppy Joe Sauce, Canned Sauce, 15 oz",1.0,1.3600,1.3600,1.36,1.3600,yes
Unknown,Walmart,"Manwich Original Sloppy Joe Sauce, Canned Sauce, 15 oz",1.0,1.3600,1.3600,1.36,1.3600,yes
Unknown,Walmart,"Ore-Ida Extra Crispy Fast Food French Fries French Fried Frozen Potatoes Value Size, 4 lb Bag",1.0,7.3700,7.3700,7.37,7.3700,yes
Unknown,Walmart,"Great Value Uncooked Original Breakfast Pork Sausage Links, 12 oz Package",1.0,3.4700,3.4700,3.47,3.4700,yes
Unknown,Walmart,"Great Value Uncooked Original Breakfast Pork Sausage Links, 12 oz Package",1.0,3.4700,3.4700,3.47,3.4700,yes
Unknown,Walmart,"Great Value Original Whipped Cream Cheese Spread, 12 oz Tub",1.0,3.2600,3.2600,3.26,3.2600,yes
2026-03-29,Aldi,100% Wheat Bread,2.0,1.89,3.78,1.89,,no
2026-03-29,Aldi,Artisanal Bread,1.0,3.19,3.19,3.19,,no
2026-03-29,Aldi,Hot Dog Buns,1.0,1.25,1.25,1.25,,no
2026-03-29,Aldi,Mini Bagels,1.0,2.49,2.49,2.49,,no
2026-03-29,Aldi,Cinnamon Bread,1.0,1.99,1.99,1.99,,no
2026-03-29,Aldi,Orig/Garlic Naan,1.0,2.95,2.95,2.95,,no
2026-03-29,Aldi,Flatbread Crackers,1.0,1.99,1.99,1.99,,no
2026-03-29,Aldi,Garlic Knots,1.0,2.99,2.99,2.99,,no
2026-03-29,Aldi,Italian Deli Meat,2.0,3.19,6.38,3.19,,no
2026-03-29,Aldi,Goat Cheese Logs,2.0,1.85,3.7,1.85,,no
2026-03-29,Aldi,Mild Cheddar Shred,1.0,3.29,3.29,3.29,,no
2026-03-29,Aldi,Deli Sliced Cheese,2.0,1.39,2.78,1.39,,no
2026-03-29,Aldi,Pork Bfast Links,2.0,2.39,4.78,2.39,,no
2026-03-29,Aldi,Whipped Crm Cheese,1.0,1.75,1.75,1.75,,no
2026-03-29,Aldi,Org WM Greek Yog,1.0,6.29,6.29,6.29,,no
2026-03-29,Aldi,Grk 5% Plain Yog,1.0,3.45,3.45,3.45,,no
2026-03-29,Aldi,Envy Apples LRW,3.35,1.69,5.66,1.69,,no
2026-03-29,Aldi,Carrots,1.0,1.29,1.29,1.29,,no
2026-03-29,Aldi,Celery,1.0,1.85,1.85,1.85,,no
2026-03-29,Aldi,Cherub Tomatoes,1.0,2.29,2.29,2.29,,no
2026-03-29,Aldi,Basketball Cookies,1.0,3.86,3.86,3.86,,no
2026-03-29,Aldi,Cheese Pizza,1.0,5.99,5.99,5.99,,no
