raw_item,canonical_item_suggested,grouping_reason,category_guess,perishable_guess,units_per_week_all,units_per_week_13w,total_qty,package_volume
"Fresh Banana, Each",Bananas,\bbanana\b,Produce,Perishable,5.3634,5.6923,331.00,
Chobani 20G Protein Low-Fat Greek Yogurt Drink Strawberries & Cream 10 fl oz Bottle,Protein Yogurt Drinks,\boikos pro\b|\bchobani 20g protein\b|\bcultured dairy drink\b|\byogurt drink\b|\bprotein.*drink\b,Dairy,Perishable,1.2153,1.0769,75.00,20G
"Great Value Whole Vitamin D Milk, Gallon, 128 fl oz",Milk,\bmilk\b,Dairy,Perishable,1.1991,1.6923,74.00,128 fl oz
"bubly Sparkling Water, The Super Mario Galaxy Movie Cherry, Zero Sugar & Zero Calories ,12 fl oz Cans (8 pack)​",Sparkling Water,\bbubly\b|\bsparkling water\b,Beverages,Non-perishable,0.9884,0.9231,61.00,12 fl oz
"Thomas' Plain Mini Bagels, 10 count, Kosher Mini Bagels, 15 oz Bag",Bagels,\bmini bagels?\b|\bbagels?\b,Bakery,Non-perishable,0.9560,0.8462,59.00,10 count
"Great Value Black Beans, 15 oz",Black Beans,\bblack beans\b,Pantry,Non-perishable,0.9398,1.1538,58.00,15 oz
"Great Value Uncooked Original Breakfast Pork Sausage Links, 12 oz Package",Breakfast Sausage,\bsausage links?\b|\bbreakfast pork sausage\b,Meat,Perishable,0.8912,0.8462,55.00,12 oz
"Great Value Oven Roasted Turkey Breast Lunchmeat, 16 oz, Plastic Tub, Refrigerated",Turkey Lunchmeat,\bturkey breast lunchmeat\b|\blunchmeat\b,Meat,Perishable,0.8750,0.7692,54.00,16 oz
"Nature's Own WhiteWheat Healthy White Bread, Sliced White Bread Loaf, 20 oz, Shelf-Stable",Bread,\bbread\b|\bloaf\b,Bakery,Non-perishable,0.8426,1.0000,52.00,20 oz
"Tostitos Scoops! Tortilla Chips Multigrain, 10 oz Bag",Chips,\btostitos\b|\bfritos\b|\btortilla chips\b|\bcorn snacks\b,Snacks,Non-perishable,0.8426,1.4615,52.00,10 oz
"Oikos Pro 23g Protein, Mango Pineapple Cultured Dairy Drink Bottle, 7 fl oz",Protein Yogurt Drinks,\boikos pro\b|\bchobani 20g protein\b|\bcultured dairy drink\b|\byogurt drink\b|\bprotein.*drink\b,Produce,Perishable,0.8102,1.3846,50.00,23g
"Great Value Golden Sweet Whole Kernel Corn, 15 oz",Corn,\bwhole kernel corn\b|\bsweet corn\b|\bcorn\b,Pantry,Non-perishable,0.7778,1.0000,48.00,15 oz
"Great Value Original Whipped Cream Cheese Spread, 12 oz Tub",Cream Cheese,\bwhipped cream cheese\b|\bcream cheese\b,Dairy,Perishable,0.7778,0.9231,48.00,12 oz
"BelGioioso Gluten-Free Asiago Specialty Cheese Wedge, 8 oz",Asiago Cheese,\basiago\b,Dairy,Perishable,0.7292,0.3846,45.00,8 oz
"Marketside Plain Goat Cheese, 4 oz",Goat Cheese,\bgoat cheese\b,Dairy,Perishable,0.7130,1.0769,44.00,4 oz
"Thomas' Light Multi-Grain English Muffins, 6 count, 100 Calories English Muffins, 12 oz Tray",English Muffins,\benglish muffins?\b,Bakery,Non-perishable,0.6806,0.6154,42.00,6 count
"Lunchables Ham & Cheddar Value Pack, 1.9 oz Pack",Lunchables Ham Cheddar Value,kept_previous,Uncategorized,Non-perishable,0.6481,0.0000,40.00,1.9 oz
"Fresh Glorys Cherry Tomatoes, 10 oz Package",Tomatoes,\b(cherry )?tomato,Produce,Perishable,0.6481,0.9231,40.00,10 oz
"Great Value Petite Diced Tomatoes in Tomato Juice, 14.5 oz",Tomatoes,\b(cherry )?tomato,Produce,Perishable,0.6157,0.6923,38.00,14.5 oz
"Pepperidge Farm White Hot Dog Buns, Top Sliced, 8-Pack Bag",Hot Dog Buns,\bhot dog buns?\b,Bakery,Non-perishable,0.5995,1.2308,37.00,
"bubly Sparkling Water, The Super Mario Galaxy Movie Lime, Zero Sugar & Zero Calories, 12 fl oz Cans (8 pack)​",Sparkling Water,\bbubly\b|\bsparkling water\b,Beverages,Non-perishable,0.5833,1.1538,36.00,12 fl oz
"Oscar Mayer Turkey Franks Hot Dogs, 16 oz, 10 ct Pack",Hot Dogs,\bfranks\b|\bhot dogs?\b,Meat,Non-perishable,0.5671,1.0769,35.00,16 oz
"Oikos Pro 23g Protein, Peach Cultured Dairy Drink Bottle, 7 fl oz",Protein Yogurt Drinks,\boikos pro\b|\bchobani 20g protein\b|\bcultured dairy drink\b|\byogurt drink\b|\bprotein.*drink\b,Dairy,Perishable,0.5347,0.3846,33.00,23g
"Oikos Pro Shots 10g Protein, Mixed Berry Cultured Dairy Drinks Bottles, 3.1 fl oz, 6 Count​",Protein Yogurt Drinks,\boikos pro\b|\bchobani 20g protein\b|\bcultured dairy drink\b|\byogurt drink\b|\bprotein.*drink\b,Dairy,Perishable,0.5185,0.7692,32.00,10g
"Oikos Pro 23g Protein, Strawberry Banana Cultured Dairy Drink Bottle, 7 fl oz",Bananas,\bbanana\b,Produce,Perishable,0.4537,0.6923,28.00,23g
"Great Value Large White Eggs, 18 Count",Large White Eggs,kept_previous,Uncategorized,Non-perishable,0.4537,0.2308,28.00,18 Count
"King's Hawaiian Original Hawaiian Sweet Dinner Rolls 24 Count, 24 oz, Shelf-Stable",King S Hawaiian Hawaiian,kept_previous,Uncategorized,Non-perishable,0.4375,0.0769,27.00,24 Count
"Snyder's of Hanover Pretzels, Braided Pretzel Twists Honey Wheat, 12 oz",Snyder S Of Hanover,kept_previous,Uncategorized,Non-perishable,0.4375,0.4615,27.00,12 oz
"Great Value Large White Eggs, 36 Count",Large White Eggs,kept_previous,Uncategorized,Non-perishable,0.4213,0.6923,26.00,36 Count
Marketside Envy Apples 3 Lb Bag,Apples,\b(envy|honeycrisp|cosmic crisp|granny smith)\b.*\bapple,Produce,Perishable,0.3889,1.0000,24.00,3 Lb
"Jimmy Dean Premium Pork Regular Sausage Roll, 16 oz",Jimmy Dean Premium Pork,kept_previous,Meat,Perishable,0.3727,0.7692,23.00,16 oz
"Oikos Triple Zero 17g Protein, 0g Added Sugar, Fat Free Vanilla Greek Yogurt Tub, 32 oz",Oikos Triple Zero G,kept_previous,Dairy,Perishable,0.3727,0.9231,23.00,17g
"Sweet Potatoes Whole Fresh, Each",Sweet Potatoes Whole Each,kept_previous,Uncategorized,Non-perishable,0.3727,0.0000,23.00,
"TAZO Classic Chai Latte Black Tea Concentrate, Made from Real Black Tea, 32oz Carton",Tazo Classic Chai Latte,kept_previous,Uncategorized,Non-perishable,0.3727,0.6923,23.00,32oz
"Bush's Chili Beans, Canned Pinto Beans in Mild Chili Sauce, 27 oz Can",Bush S Chili Beans,kept_previous,Pantry,Non-perishable,0.3565,0.3846,22.00,27 oz
"McCormick Chili Seasoning Mix, 1.25 oz Packet",Mccormick Chili Seasoning Mix,kept_previous,Uncategorized,Non-perishable,0.3565,0.3846,22.00,1.25 oz
"Great Value Reduced Sodium Gluten-Free Chicken Broth, 32 oz Carton (Shelf-Stable)",Reduced Sodium Chicken Broth,kept_previous,Uncategorized,Perishable,0.3403,0.4615,21.00,32 oz
"Great Value Muenster Deli Style Sliced Cheese, 8 oz, 12 Slices",Muenster Deli Style Sliced,kept_previous,Dairy,Perishable,0.3241,0.3077,20.00,8 oz
"Oikos Pro Shots 10g Protein, Mango Cultured Dairy Drinks Bottles, 3.1 fl oz, 6 Count​",Protein Yogurt Drinks,\boikos pro\b|\bchobani 20g protein\b|\bcultured dairy drink\b|\byogurt drink\b|\bprotein.*drink\b,Dairy,Perishable,0.3241,0.2308,20.00,10g
"Great Value Sharp Cheddar Finely Shredded Cheese, 16 oz Bag",Sharp Cheddar Finely Shredded,kept_previous,Dairy,Perishable,0.3241,0.8462,20.00,16 oz
"Perdue Harvestland, Fresh Ground Chicken, 92% Lean 8% Fat, 1 lb. Tray",Perdue Harvestland Ground Chicken,kept_previous,Uncategorized,Perishable,0.3079,0.4615,19.00,1 lb
"Great Value Colby & Monterey Jack Cheese Snack, 9 oz Bag, 12 Cheese Sticks",Colby Monterey Jack Cheese,kept_previous,Dairy,Perishable,0.2917,0.5385,18.00,9 oz
"Great Value Cut Green Beans, 14.5 oz Can",Cut Green Beans Can,kept_previous,Pantry,Non-perishable,0.2917,0.0000,18.00,14.5 oz
"Pacific Foods Organic Creamy Tomato Soup, 32 oz Carton",Tomatoes,\b(cherry )?tomato,Produce,Perishable,0.2917,0.3077,18.00,32 oz
"Fresh Whole Celery Stalk, 1 Each Bag",Whole Celery Stalk Each,kept_previous,Uncategorized,Non-perishable,0.2917,0.6154,18.00,1 Each
"Plum Organics® Tots Mighty Builder Fruit & Veggie Blend Pear, White Bean, Blueberry, Date + Chia & Banana, White Bean, Strawberry + Chia 4oz Pouch-8-pack",Bananas,\bbanana\b,Produce,Perishable,0.2593,0.0000,16.00,4oz
"PopCorners No Artificial Colors or Flavors White Cheddar Popped Corn Chips Bag, 7 oz",Corn,\bwhole kernel corn\b|\bsweet corn\b|\bcorn\b,Pantry,Non-perishable,0.2593,0.3077,16.00,7 oz
"Planet Oat Oat Milk, Velvety & Smooth, Barista Lovers, 52 fl oz",Milk,\bmilk\b,Dairy,Perishable,0.2593,0.3846,16.00,52 fl oz
"Nature's Own 100% Whole Wheat, Whole Wheat Sandwich Bread, 20 oz Loaf, Shelf-Stable",Bread,\bbread\b|\bloaf\b,Bakery,Non-perishable,0.2431,0.1538,15.00,20 oz
"Great Value Original Sour Cream, 24 oz Tub",Sour Cream Tub,kept_previous,Uncategorized,Non-perishable,0.2431,0.3846,15.00,24 oz
"Fresh Strawberries, 1 lb",Strawberries,kept_previous,Uncategorized,Non-perishable,0.2431,0.0769,15.00,1 lb
"Great Value Turkey Pepperoni Slices, 5 oz",Turkey Pepperoni Slices,kept_previous,Meat,Non-perishable,0.2431,0.6154,15.00,5 oz
"Activia Probiotic Dailies Strawberry Low Fat Probiotic Yogurt Drinks, Helps Support Gut Health, 3.1 fl oz, 8 Count",Activia Probiotic Dailies Strawberry,kept_previous,Dairy,Perishable,0.2269,0.0000,14.00,3.1 fl oz
"Pepperidge Farm Raisin Cinnamon Swirl Breakfast Bread, 16 oz Loaf",Bread,\bbread\b|\bloaf\b,Bakery,Non-perishable,0.2269,0.4615,14.00,16 oz
"Fritos Regular Corn Chips, 9.25 oz Single Bag",Corn,\bwhole kernel corn\b|\bsweet corn\b|\bcorn\b,Pantry,Non-perishable,0.2269,0.5385,14.00,9.25 oz
"TPH BY TARAJI Hustle & Co Hydrating Co Wash Cleansing Hair Conditioner | Coily & Curly Hair | All Genders, 12 oz.",Tph By Taraji Hustle,kept_previous,Uncategorized,Non-perishable,0.2269,0.0769,14.00,12 oz
"DiGiorno Classic Crust Cheese Pizza, 19.1 oz (Frozen)",Digiorno Classic Crust Cheese,kept_previous,Dairy,Perishable,0.2106,0.0000,13.00,19.1 oz
"Fresh Lime, Each",Lime Each,kept_previous,Uncategorized,Non-perishable,0.2106,0.9231,13.00,
"Fresh Whole Brown Mushrooms, 8 oz",Whole Brown Mushrooms,kept_previous,Uncategorized,Non-perishable,0.2106,0.3846,13.00,8 oz
"Fritos Scoops! Corn Snacks, Party Size, 15.5 oz Bag",Corn,\bwhole kernel corn\b|\bsweet corn\b|\bcorn\b,Pantry,Non-perishable,0.1944,0.0000,12.00,15.5 oz
"Kerrygold Grass-Fed Pure Irish Salted Butter Sticks, 8 oz, 2 Sticks",Kerrygold Grass Fed Pure,kept_previous,Uncategorized,Non-perishable,0.1944,0.3846,12.00,8 oz
"HERSHEY’S a2 Milk® Chocolate 2% Reduced Fat Milk Boxes, 8 oz, 12-Pack",Milk,\bmilk\b,Dairy,Perishable,0.1944,0.0000,12.00,8 oz
"Pillsbury Grands! Southern Homestyle Buttermilk Biscuits, 2 Pack, 16 Biscuits, 32.6 oz",Pillsbury Grands Southern Homestyle,kept_previous,Dairy,Perishable,0.1944,0.0769,12.00,2 Pack
"Smithfield Hickory Smoked Bacon, 16 oz, Gluten-Free, No MSG",Smithfield Hickory Smoked Bacon,kept_previous,Uncategorized,Non-perishable,0.1944,0.4615,12.00,16 oz
"TPH BY TARAJI Make it Rain Hydrating Deep Conditioner With Aloe Vera, Avocado Oil, & Moringa Oil For All Hair Types | Detangler For Curly, Coily & Wavy Hair | Color Safe & Sulfate Free, 12 oz.",Tph By Taraji Make,kept_previous,Uncategorized,Non-perishable,0.1944,0.0769,12.00,12 oz
"Organic Fresh Whole Carrots, 2 lb Bag",Whole Carrots Bag,kept_previous,Uncategorized,Non-perishable,0.1944,0.0769,12.00,2 lb
La Banderita Yellow Corn Tortilla 30 Count,Corn,\bwhole kernel corn\b|\bsweet corn\b|\bcorn\b,Pantry,Non-perishable,0.1782,0.1538,11.00,30 Count
"Gordo's Original Queso Cheese Dip, 16 oz, Refrigerated Dip",Gordo S Queso Cheese,kept_previous,Dairy,Perishable,0.1782,0.3846,11.00,16 oz
"Heinz Chili Sauce, 12 oz Bottle",Heinz Chili Sauce Bottle,kept_previous,Uncategorized,Non-perishable,0.1782,0.0000,11.00,12 oz
"Honey Nut Cheerios, Heart Healthy Cereal, Affirmations Box, Mega Size, 27.2 oz",Honey Nut Cheerios Heart,kept_previous,Uncategorized,Non-perishable,0.1782,0.3846,11.00,27.2 oz
"Great Value No Stir Creamy Natural Peanut Butter Spread, 40 oz",No Stir Creamy Natural,kept_previous,Uncategorized,Non-perishable,0.1782,0.3846,11.00,40 oz
Fresh Whole Russet Potatoes 5 lb Bag,Whole Russet Potatoes Bag,kept_previous,Uncategorized,Non-perishable,0.1782,0.3077,11.00,5 lb
"Fresh Honeycrisp Apples, 3 lb Bag",Apples,\b(envy|honeycrisp|cosmic crisp|granny smith)\b.*\bapple,Produce,Perishable,0.1620,0.0000,10.00,3 lb
"Blue Diamond Almonds, Lightly Salted Low Sodium Snack Nuts For Gluten Free Snacking, 14 oz.",Blue Diamond Almonds Lightly,kept_previous,Uncategorized,Non-perishable,0.1620,0.0769,10.00,14 oz
Cabot Creamery Cabot Whole Milk Plain Greek Yogurt 2 lb (Refrigerated  Tub),Milk,\bmilk\b,Dairy,Perishable,0.1620,0.2308,10.00,2 lb
"Great Value Mixed Vegetables, 12 oz Steamable Bag (Frozen)",Mixed Vegetables Steamable Bag,kept_previous,Uncategorized,Non-perishable,0.1620,0.1538,10.00,12 oz
"Old El Paso Mild Red Enchilada Sauce, Meal Prep, 10 oz",Old El Paso Mild,kept_previous,Uncategorized,Non-perishable,0.1620,0.3077,10.00,10 oz
"Pace Chunky Medium Salsa, 64 oz Bottle",Pace Chunky Medium Salsa,kept_previous,Uncategorized,Non-perishable,0.1620,0.2308,10.00,64 oz
"Perdue Harvestland, Free Range, Fresh Chicken Breast Tenderloin Pieces, 0.8-1.7lb. Tray",Perdue Harvestland Free Range,kept_previous,Uncategorized,Perishable,0.1620,0.3077,10.00,1.7lb
"Chobani 20G Protein Low-Fat Greek Yogurt Drink, Strawberries and Cream 10 fl oz Bottle, 4 Pack",Protein Yogurt Drinks,\boikos pro\b|\bchobani 20g protein\b|\bcultured dairy drink\b|\byogurt drink\b|\bprotein.*drink\b,Dairy,Perishable,0.1620,0.1538,10.00,20G
"Scott 1000 Toilet Paper, 12 Rolls, 1,000 Sheets per Roll",Scott Toilet Paper Rolls,kept_previous,Uncategorized,Non-perishable,0.1620,0.2308,10.00,
"Green Bell Pepper, 1 each",Green Bell Pepper Each,kept_previous,Uncategorized,Non-perishable,0.1458,0.1538,9.00,1 each
"Fresh Hass Avocados, Each",Hass Avocados Each,kept_previous,Uncategorized,Non-perishable,0.1458,0.3846,9.00,
"Hellmann's Real Mayonnaise Rich Creamy Condiment Gluten Free, 20 oz Squeeze Bottle",Hellmann S Real Mayonnaise,kept_previous,Uncategorized,Non-perishable,0.1458,0.3077,9.00,20 oz
"Mission Super Soft Flour Tortillas, Soft Taco Size, 10 Count",Mission Super Soft Flour,kept_previous,Uncategorized,Non-perishable,0.1458,0.0000,9.00,10 Count
"Fresh Red Bell Pepper, 1 Each",Red Bell Pepper Each,kept_previous,Uncategorized,Non-perishable,0.1458,0.3077,9.00,1 Each
"Snack Factory Original Pretzel Crisps, Non-GMO, 14 oz Party Size Bag",Snack Factory Pretzel Crisps,kept_previous,Uncategorized,Non-perishable,0.1458,0.0769,9.00,14 oz
SunButter Original Sunflower Seed Butter 16 oz Jar,Sunbutter Sunflower Seed Butter,kept_previous,Uncategorized,Non-perishable,0.1458,0.0000,9.00,16 oz
"Fresh Slicing Tomato, Each",Tomatoes,\b(cherry )?tomato,Produce,Perishable,0.1458,0.5385,9.00,
"Fresh Whole Yellow Onion, Each",Whole Yellow Onion Each,kept_previous,Uncategorized,Non-perishable,0.1458,0.3846,9.00,
"PopCorners No Artificial Colors or Flavors Kettle Corn Popped Corn Chips Bag, 7 oz​",Corn,\bwhole kernel corn\b|\bsweet corn\b|\bcorn\b,Pantry,Non-perishable,0.1296,0.3077,8.00,7 oz
"Jet-Puffed Mini Marshmallows, 10 oz Bag",Jet Puffed Mini Marshmallows,kept_previous,Uncategorized,Non-perishable,0.1296,0.4615,8.00,10 oz
"Kraft Mexican Style Cheddar Jack Shredded Cheese, 16 oz Bag",Kraft Mexican Style Cheddar,kept_previous,Dairy,Perishable,0.1296,0.0000,8.00,16 oz
"Little Debbie Vanilla Christmas Tree Cakes, 8.52 oz, 5 Count",Little Debbie Vanilla Christmas,kept_previous,Uncategorized,Non-perishable,0.1296,0.1538,8.00,8.52 oz
"OREO Cakesters Soft Snack Cakes, 5 - 2.02 oz Snack Packs",Oreo Cakesters Soft Snack,kept_previous,Uncategorized,Non-perishable,0.1296,0.0000,8.00,2.02 oz
"Progresso Rich and Hearty Chicken and Homestyle Noodles Canned Soup, 19 oz",Progresso Rich And Hearty,kept_previous,Uncategorized,Perishable,0.1296,0.3077,8.00,19 oz
"Stauffer's Original Animal Snack Crackers, 32 oz Party Size Pillow Bag, Low Fat Snack for Kids & Adults",Stauffer S Animal Snack,kept_previous,Uncategorized,Non-perishable,0.1296,0.1538,8.00,32 oz
"Great Value Wide Egg Noodles, 16 oz",Wide Egg Noodles,kept_previous,Uncategorized,Non-perishable,0.1296,0.1538,8.00,16 oz
"All Natural Ground Chicken, 1 lb Tray",All Natural Ground Chicken,kept_previous,Uncategorized,Perishable,0.1134,0.2308,7.00,1 lb
"Thomas' Cinnamon Raisin Bagels, 6 count, 9g Protein, Kosher Bagels, 20 oz Bag",Bagels,\bmini bagels?\b|\bbagels?\b,Bakery,Non-perishable,0.1134,0.0000,7.00,6 count
"Blue Diamond Almonds, Lightly Salted Snack Almonds perfect for lunches and on-the-go, 25 oz.",Blue Diamond Almonds Lightly,kept_previous,Uncategorized,Non-perishable,0.1134,0.2308,7.00,25 oz
"The Cheesecake Factory At Home Famous ""Brown Bread"" Wheat Dinner Rolls",Bread,\bbread\b|\bloaf\b,Dairy,Perishable,0.1134,0.0000,7.00,
"Cholula Kosher Green Pepper Hot Sauce, 5.0 fl oz Bottle",Cholula Green Pepper Hot,kept_previous,Uncategorized,Non-perishable,0.1134,0.1538,7.00,5.0 fl oz
"Great Value Concord Grape Jelly, 30 oz",Concord Grape Jelly,kept_previous,Uncategorized,Non-perishable,0.1134,0.0000,7.00,30 oz
"""JIFFY"" Corn Muffin Mix, 8.5 oz Box",Corn,\bwhole kernel corn\b|\bsweet corn\b|\bcorn\b,Bakery,Non-perishable,0.1134,0.2308,7.00,8.5 oz
Crunchmaster Multi-Grain Sea Salt Crackers 4oz,Crunchmaster Multi Grain Sea,kept_previous,Uncategorized,Non-perishable,0.1134,0.0000,7.00,4oz
"Crunchmaster Original Multi-Seed Crisps Gluten-Free Crackers, 4.5 oz. Foil Bag in Carboard Box",Crunchmaster Multi Seed Crisps,kept_previous,Uncategorized,Non-perishable,0.1134,0.0000,7.00,4.5 oz
"DiGiorno Stuffed Crust Cheese, Veggie, and Meat Supreme Pizza, 26.4 oz (Frozen)",Digiorno Stuffed Crust Cheese,kept_previous,Dairy,Perishable,0.1134,0.0000,7.00,26.4 oz
"Great Value Frozen Broccoli Florets Steamable Bag, 12 oz",Frozen Broccoli Florets Steamable,kept_previous,Uncategorized,Non-perishable,0.1134,0.0000,7.00,12 oz
"Great Value Italian Style Finely Shredded Cheese, 16 oz Bag",Italian Style Finely Shredded,kept_previous,Dairy,Perishable,0.1134,0.3077,7.00,16 oz
"McCormick 30% Less Sodium Taco Seasoning Mix, 1.0 oz Packet",Mccormick Less Sodium Taco,kept_previous,Uncategorized,Non-perishable,0.1134,0.0000,7.00,1.0 oz
"Great Value Mild Cheddar Finely Shredded Cheese, 8 oz Bag",Mild Cheddar Finely Shredded,kept_previous,Dairy,Perishable,0.1134,0.0000,7.00,8 oz
"Scott Paper Towels, Choose-A-Sheet, 6 Double Rolls",Scott Paper Towels Choose,kept_previous,Uncategorized,Non-perishable,0.1134,0.3077,7.00,
"Heinz Tomato Ketchup, 32 oz Bottle",Tomatoes,\b(cherry )?tomato,Produce,Perishable,0.1134,0.1538,7.00,32 oz
"Great Value Uncooked Original Breakfast Pork Sausage Patties, 12 oz Package (Refrigerated)",Breakfast Sausage,\bsausage links?\b|\bbreakfast pork sausage\b,Meat,Perishable,0.1134,0.1538,7.00,12 oz
"WHOLLY GUACAMOLE Classic Bowl Family Size, Hass Avocados, No preservatives added, 15 oz Tub",Wholly Guacamole Classic Bowl,kept_previous,Uncategorized,Non-perishable,0.1134,0.1538,7.00,15 oz
"GoGo squeeZ Applesauce and Fruit Puree, Apple Apple Snack Pouches, 3.2 oz, 20 Pack",Apples,\bapple\b,Produce,Perishable,0.0972,0.0000,6.00,3.2 oz
"Great Value Gluten-Free Beef Broth, 32 oz Carton (Shelf-Stable)",Beef Broth Carton,kept_previous,Uncategorized,Perishable,0.0972,0.3846,6.00,32 oz
"Campbell's Condensed Cream of Mushroom Soup, 10.5 oz Can",Campbell S Condensed Cream,kept_previous,Uncategorized,Non-perishable,0.0972,0.0000,6.00,10.5 oz
"PopCorners No Artificial Colors or Flavors Spicy Queso Popped Corn Chips Bag, 7 oz​",Corn,\bwhole kernel corn\b|\bsweet corn\b|\bcorn\b,Pantry,Non-perishable,0.0972,0.2308,6.00,7 oz
"Great Value Fiesta Blend Finely Shredded Cheese, 16 oz Bag",Fiesta Blend Finely Shredded,kept_previous,Dairy,Perishable,0.0972,0.0000,6.00,16 oz
"Great Value Fully Cooked Turkey Meatballs, 32 oz, Approximately 64 Meatballs (Frozen)",Fully Cooked Turkey Meatballs,kept_previous,Meat,Perishable,0.0972,0.0769,6.00,32 oz
"Great Value Jasmine Rice, 2 lb",Jasmine Rice,kept_previous,Uncategorized,Non-perishable,0.0972,0.0769,6.00,2 lb
"PLANTERS Deluxe Honey Roasted Whole Cashews, Sweet and Salty Snacks, Plant Based Protein, 8.25 oz Steel Can",Planters Deluxe Honey Roasted,kept_previous,Uncategorized,Non-perishable,0.0972,0.4615,6.00,8.25 oz
Plum Organics® Teensy® Snacks Mixed Berry Soft Fruit Snacks .35oz Pouch/5-Count Box,Plum Organics Teensy Snacks,kept_previous,Uncategorized,Non-perishable,0.0972,0.0000,6.00,35oz
"Premium Original Saltine Crackers, Lunch Snacks, 16 oz",Premium Saltine Crackers Lunch,kept_previous,Uncategorized,Non-perishable,0.0972,0.1538,6.00,16 oz
"Fresh Red Seedless Grapes, Bag (2.25 lbs/Bag Est.)",Red Seedless Grapes Bag,kept_previous,Uncategorized,Non-perishable,0.0972,0.1538,6.00,2.25 lbs
"Sabra Classic Original Fresh Hummus Dip, Non-GMO, Gluten Free, Vegan Hummus Spread, 10 oz Tub",Sabra Classic Hummus Dip,kept_previous,Uncategorized,Non-perishable,0.0972,0.0000,6.00,10 oz
"Bagel Bites Three Cheese Mini Pizza Bagel Frozen Snacks, 40 ct Box",Bagels,\bmini bagels?\b|\bbagels?\b,Dairy,Perishable,0.0810,0.1538,5.00,40 ct
"Great Value Bowties, 12 oz",Bowties,kept_previous,Uncategorized,Non-perishable,0.0810,0.0000,5.00,12 oz
"The Cheesecake Factory At Home Famous ""Brown Bread"" Sweet Wheat Sandwich Loaf, 18.7 oz, Kosher Rye Bread, Bag",Bread,\bbread\b|\bloaf\b,Dairy,Perishable,0.0810,0.1538,5.00,18.7 oz
"Crystal Geyser Alpine Spring Water, 1 Gallon Plastic Jug",Crystal Geyser Alpine Spring,kept_previous,Uncategorized,Non-perishable,0.0810,0.1538,5.00,1 Gallon
"Heinz HomeStyle Beef Gravy Value Size, 18 oz Jar",Heinz Homestyle Beef Gravy,kept_previous,Uncategorized,Perishable,0.0810,0.0000,5.00,18 oz
"Honey Nut Cheerios, Heart Healthy Cereal, Affirmations Box, Family Size, 18.8 oz",Honey Nut Cheerios Heart,kept_previous,Uncategorized,Non-perishable,0.0810,0.0769,5.00,18.8 oz
"Great Value Jumbo Shell, 12 oz",Jumbo Shell,kept_previous,Uncategorized,Non-perishable,0.0810,0.0000,5.00,12 oz
"Kodiak Protein-Packed Power Cakes Buttermilk Pancake and Waffle Mix, 20 oz Box",Kodiak Protein Packed Power,kept_previous,Dairy,Perishable,0.0810,0.1538,5.00,20 oz
"Core Power Protein Shake with 26g Protein by fairlife Milk, Chocolate, 14 fl oz",Milk,\bmilk\b,Dairy,Perishable,0.0810,0.2308,5.00,26g
"Oikos Pro 23g Protein, Vanilla Yogurt-Cultured Ultra-Filtered Milk Product Tub, 32 oz​",Milk,\bmilk\b,Dairy,Perishable,0.0810,0.0000,5.00,23g
"Pillsbury Orange Rolls with Cinnabon Cinnamon and Orange Icing, 8 Count, 13.9 oz",Pillsbury Orange Rolls With,kept_previous,Uncategorized,Non-perishable,0.0810,0.1538,5.00,8 Count
Popcorners White Cheddar Sharing Size - 7oz,Popcorners White Cheddar Sharing,kept_previous,Pantry,Non-perishable,0.0810,0.1538,5.00,7oz
"Siete Mild Taco Seasoning, Mixed Spice, 1.31 oz. Packet",Siete Mild Taco Seasoning,kept_previous,Uncategorized,Non-perishable,0.0810,0.3077,5.00,1.31 oz
"Smucker's Concord Grape Jelly, 18 oz",Smucker S Concord Grape,kept_previous,Uncategorized,Non-perishable,0.0810,0.0000,5.00,18 oz
So Good So You Energy Passionfruit Organic Probiotic Shot - 1.7 fl oz,So Good So You,kept_previous,Uncategorized,Non-perishable,0.0810,0.3077,5.00,1.7 fl oz
"Great Value Soup & Oyster Crackers, 9 oz",Soup Oyster Crackers,kept_previous,Uncategorized,Non-perishable,0.0810,0.0769,5.00,9 oz
"Swanson White Premium Chunk Chicken Breast with Rib Meat in Water, 12.5 oz. (Pack of 2)",Swanson White Premium Chunk,kept_previous,Uncategorized,Perishable,0.0810,0.3846,5.00,12.5 oz
"Fresh Cherubs Grape Tomatoes, 10 oz Package",Tomatoes,\b(cherry )?tomato,Produce,Perishable,0.0810,0.0769,5.00,10 oz
"Great Value Diced Tomatoes in Tomato Juice, 14.5 oz Can",Tomatoes,\b(cherry )?tomato,Produce,Perishable,0.0810,0.0769,5.00,14.5 oz
"Great Value Original Diced Tomatoes with Green Chilies, 10 oz",Tomatoes,\b(cherry )?tomato,Produce,Perishable,0.0810,0.2308,5.00,10 oz
"Hillshire Farm Ultra Thin Oven Roasted Turkey Breast Lunchmeat, 16 oz Plastic Tub, Refrigerated",Turkey Lunchmeat,\bturkey breast lunchmeat\b|\blunchmeat\b,Meat,Perishable,0.0810,0.0000,5.00,16 oz
"Fresh Whole Carrots, 1 lb Bag",Whole Carrots Bag,kept_previous,Uncategorized,Non-perishable,0.0810,0.3077,5.00,1 lb
Alexia® Sweet Potato Fries Sweet & Savory with Sea Salt 20oz,Alexia Sweet Potato Fries,kept_previous,Uncategorized,Non-perishable,0.0648,0.0000,4.00,20oz
Applegate Natural Uncured Genoa Salami - 4oz,Applegate Natural Uncured Genoa,kept_previous,Produce,Perishable,0.0648,0.0000,4.00,4oz
"Fresh Cosmic Crisp Apples, 3 lb Bag",Apples,\b(envy|honeycrisp|cosmic crisp|granny smith)\b.*\bapple,Produce,Perishable,0.0648,0.1538,4.00,3 lb
"GoGo squeeZ No Sugar Added Apple Apple Applesauce & Fruit Puree Pouches, 3.2 oz (24 Pack)",Apples,\bapple\b,Produce,Perishable,0.0648,0.0769,4.00,3.2 oz
"BelGioioso Freshly Shredded Parmesan Cheese, 5 oz Refrigerated Plastic Cup",Belgioioso Freshly Shredded Parmesan,kept_previous,Dairy,Perishable,0.0648,0.2308,4.00,5 oz
"Bush's Black Beans, Canned Beans, 15 oz",Black Beans,\bblack beans\b,Pantry,Non-perishable,0.0648,0.3077,4.00,15 oz
Tostitos Multigrain Scoops! Tortilla Chips-10oz,Chips,\btostitos\b|\bfritos\b|\btortilla chips\b|\bcorn snacks\b,Snacks,Non-perishable,0.0648,0.0000,4.00,10oz
"Great Value Classic Alfredo Pasta Sauce, 22 oz",Classic Alfredo Pasta Sauce,kept_previous,Uncategorized,Non-perishable,0.0648,0.0000,4.00,22 oz
"Classico Four Cheese Alfredo Pasta Sauce, 15 oz. Jar",Classico Four Cheese Alfredo,kept_previous,Dairy,Perishable,0.0648,0.0000,4.00,15 oz
"Classico Signature Recipes Traditional Pizza Sauce, 14 oz Jar",Classico Signature Recipes Traditional,kept_previous,Uncategorized,Non-perishable,0.0648,0.2308,4.00,14 oz
"Philadelphia Cream Cheese, 2 Blocks, for Recipes and Baking, Original, No Artificial Preservatives, Flavors or Dye, 8 oz",Cream Cheese,\bwhipped cream cheese\b|\bcream cheese\b,Dairy,Perishable,0.0648,0.3077,4.00,8 oz
"Pillsbury Creamy Supreme Cream Cheese Frosting, 16 oz Tub",Cream Cheese,\bwhipped cream cheese\b|\bcream cheese\b,Dairy,Perishable,0.0648,0.1538,4.00,16 oz
"Crest Toothpaste, 3DWhite Advanced Whitening Toothpaste, Radiant Mint, 3.3 oz, 3 Pack",Crest Toothpaste Dwhite Advanced,kept_previous,Uncategorized,Non-perishable,0.0648,0.0000,4.00,3.3 oz
"Great Value Crispy and Salty Pretzel Sticks, 16 oz",Crispy And Salty Pretzel,kept_previous,Uncategorized,Non-perishable,0.0648,0.1538,4.00,16 oz
"Dial Antibacterial Defense Fresh Lavender Scent Foaming Hand Soap, 7.5 fl oz",Dial Antibacterial Defense Lavender,kept_previous,Uncategorized,Non-perishable,0.0648,0.1538,4.00,7.5 fl oz
"Eggland's Best Large White Eggs, 18 Count",Eggland S Best Large,kept_previous,Uncategorized,Non-perishable,0.0648,0.3077,4.00,18 Count
"Great Value Fiesta Blend Finely Shredded Cheese, 8 oz Bag",Fiesta Blend Finely Shredded,kept_previous,Dairy,Perishable,0.0648,0.0000,4.00,8 oz
General Mills Cheerios Honey Nut Breakfast Cereal - 27.2oz,General Mills Cheerios Honey,kept_previous,Uncategorized,Non-perishable,0.0648,0.1538,4.00,27.2oz
Kraft Mexican Style Four Cheese Finely Shredded Natural Cheese 16oz Bag,Kraft Mexican Style Four,kept_previous,Dairy,Perishable,0.0648,0.0769,4.00,16oz
Mainstays – 4x6 Picture Frame – White Step Program Tabletop Photo Frame,Mainstays X Picture Frame,kept_previous,Uncategorized,Non-perishable,0.0648,0.0000,4.00,4x6
"Manwich Original Sloppy Joe Sauce, Canned Sauce, 15 oz",Manwich Sloppy Joe Sauce,kept_previous,Uncategorized,Non-perishable,0.0648,0.0000,4.00,15 oz
"Martin's Hoagie Rolls, 6 count",Martin S Hoagie Rolls,kept_previous,Uncategorized,Non-perishable,0.0648,0.0000,4.00,6 count
"Galbani Whole Milk Ricotta Cheese, 32 oz (Refrigerated)",Milk,\bmilk\b,Dairy,Perishable,0.0648,0.0000,4.00,32 oz
"Nestle Toll House Semi Sweet Chocolate Baking Chips, 12 oz Bag",Nestle Toll House Semi,kept_previous,Snacks,Non-perishable,0.0648,0.3077,4.00,12 oz
"Olé Mexican Foods Xtreme Wellness High Fiber Keto Certified Flour Tortilla Wraps, 12.7 oz, 8 Count",Ol Mexican Foods Xtreme,kept_previous,Uncategorized,Non-perishable,0.0648,0.0000,4.00,12.7 oz
"Old El Paso Hot Red Enchilada Sauce, 10 oz.",Old El Paso Hot,kept_previous,Uncategorized,Non-perishable,0.0648,0.0000,4.00,10 oz
"Ore-Ida Extra Crispy Fast Food French Fries French Fried Potatoes, 26 oz Bag",Ore Ida Extra Crispy,kept_previous,Uncategorized,Non-perishable,0.0648,0.0000,4.00,26 oz
"Pillsbury Original Crescent Rolls, Dough, 2 Pack, 16 Rolls, 16 oz",Pillsbury Crescent Rolls Dough,kept_previous,Uncategorized,Non-perishable,0.0648,0.1538,4.00,2 Pack
"Pillsbury Grands! Southern Style Frozen Breakfast Biscuits, Value Pack, 20 ct., 41.6 oz",Pillsbury Grands Southern Style,kept_previous,Uncategorized,Non-perishable,0.0648,0.3077,4.00,20 ct
Plum Organics® Jammy Sammy® Snack Size Sandwich Bar Blueberry + Oatmeal 5-Count Box/1.02oz Bars,Plum Organics Jammy Sammy,kept_previous,Uncategorized,Non-perishable,0.0648,0.0000,4.00,1.02oz
Chobani 20G Protein Low-Fat Greek Yogurt Drink Mixed Berry Vanilla 10 fl oz Bottle,Protein Yogurt Drinks,\boikos pro\b|\bchobani 20g protein\b|\bcultured dairy drink\b|\byogurt drink\b|\bprotein.*drink\b,Dairy,Perishable,0.0648,0.0000,4.00,20G
"Queso-Melt Original Restaurant Style Melting Cheese, 10 oz, 1 Count",Queso Melt Restaurant Style,kept_previous,Dairy,Perishable,0.0648,0.0000,4.00,10 oz
"Fresh Romaine Lettuce Hearts 3 Count, Each",Romaine Lettuce Hearts Each,kept_previous,Uncategorized,Non-perishable,0.0648,0.1538,4.00,3 Count
"Sargento® Sliced Muenster Natural Cheese, 11 Slices",Sargento Sliced Muenster Natural,kept_previous,Dairy,Perishable,0.0648,0.2308,4.00,
"Starry Lemon Lime Soda Pop, 7.5 fl oz, 10 Pack Mini Cans",Starry Lemon Lime Soda,kept_previous,Uncategorized,Non-perishable,0.0648,0.0000,4.00,7.5 fl oz
"Sterilite File Crate, Versatile Plastic Bin with Handles, Letter or Legal File Storage, Black, Standard Size",Sterilite File Crate Versatile,kept_previous,Uncategorized,Non-perishable,0.0648,0.0000,4.00,
"Great Value Tomato Paste, 6 oz",Tomatoes,\b(cherry )?tomato,Produce,Perishable,0.0648,0.3077,4.00,6 oz
"Tropicana Pure Premium 100% Orange Juice Original, No Pulp, No Sugar Added, 46 fl oz",Tropicana Pure Premium Orange,kept_previous,Uncategorized,Non-perishable,0.0648,0.3077,4.00,46 fl oz
"Wonder Nation Boys Short Sleeve Top and Pants, 2-Piece Sleep Set, Sizes 4-18 Plus Husky",Wonder Nation Boys Short,kept_previous,Uncategorized,Non-perishable,0.0648,0.0000,4.00,
Applegate Natural Uncured Peppered Genoa Salami - 4oz,Applegate Natural Uncured Peppered,kept_previous,Produce,Perishable,0.0486,0.1538,3.00,4oz
"Marketside Organic Baby Arugula Salad, 5 oz Clam Shell (Fresh)",Baby Arugula Salad Clam,kept_previous,Uncategorized,Non-perishable,0.0486,0.2308,3.00,5 oz
"Barilla Classic Whole Grain Pasta, Thin Spaghetti Noodles, 16 oz",Barilla Classic Whole Grain,kept_previous,Uncategorized,Non-perishable,0.0486,0.0000,3.00,16 oz
"Bella Rosa Shredded Parmesan Cheese, Refrigerated 5 oz  Recyclable Plastic Cup",Bella Rosa Shredded Parmesan,kept_previous,Dairy,Perishable,0.0486,0.0000,3.00,5 oz
"Betty Crocker Bisquick Pancake and Baking Mix, Original, 20 oz",Betty Crocker Bisquick Pancake,kept_previous,Uncategorized,Non-perishable,0.0486,0.1538,3.00,20 oz
"Freshness Guaranteed Sliced Sourdough Bread Loaf, 24 oz",Bread,\bbread\b|\bloaf\b,Bakery,Non-perishable,0.0486,0.1538,3.00,24 oz
"Pepperidge Farm Farmhouse Sourdough Bread, 24 oz Loaf",Bread,\bbread\b|\bloaf\b,Bakery,Non-perishable,0.0486,0.1538,3.00,24 oz
"Bush's Chili Beans, Canned Pinto Beans in Mild Chili Sauce, 16 oz Can",Bush S Chili Beans,kept_previous,Pantry,Non-perishable,0.0486,0.0000,3.00,16 oz
Cantu Shea Butter for Natural Hair Complete Conditioning Co-Wash 10 oz,Cantu Shea Butter For,kept_previous,Uncategorized,Non-perishable,0.0486,0.0000,3.00,10 oz
"Fresh Celery Hearts, Each",Celery Hearts Each,kept_previous,Uncategorized,Non-perishable,0.0486,0.0000,3.00,
"Classico Extra Creamy Alfredo Pasta Sauce, 15 oz Jar",Classico Extra Creamy Alfredo,kept_previous,Uncategorized,Non-perishable,0.0486,0.0000,3.00,15 oz
Popcorners Kettle Corn Snacks Sharing Size - 7oz,Corn,\bwhole kernel corn\b|\bsweet corn\b|\bcorn\b,Pantry,Non-perishable,0.0486,0.1538,3.00,7oz
"Crunchmaster Multi-Seed Original Gluten-Free crackers, Party Pack, 7 oz. Bag in Box",Crunchmaster Multi Seed Crackers,kept_previous,Uncategorized,Non-perishable,0.0486,0.1538,3.00,7 oz
"Dawn Powerwash Spray Refill, Dish Soap, Dishwashing Liquid, Fresh, 1 Refill",Dawn Powerwash Spray Refill,kept_previous,Uncategorized,Non-perishable,0.0486,0.0000,3.00,
"DiGiorno Frozen Pizza, Rising Crust Four Cheese, 24.6 oz (Frozen)",Digiorno Frozen Pizza Rising,kept_previous,Dairy,Perishable,0.0486,0.0000,3.00,24.6 oz
"Eggland's Best Extra Large White Eggs, 18 Count",Eggland S Best Extra,kept_previous,Uncategorized,Non-perishable,0.0486,0.2308,3.00,18 Count
"Great Value Elbows, 16 oz",Elbows,kept_previous,Uncategorized,Non-perishable,0.0486,0.0000,3.00,16 oz
Entertainment Collection Crackers Variety Pack - 13.1oz - Good & Gather™,Entertainment Collection Crackers Variety,kept_previous,Uncategorized,Non-perishable,0.0486,0.2308,3.00,13.1oz
Fever-Tree Ginger Beer 150ml Cans; 8-pack,Fever Tree Ginger Beer,kept_previous,Uncategorized,Non-perishable,0.0486,0.2308,3.00,150ml
"Great Value Fiesta Cheese Finely Shredded Blend, 32 oz Bag",Fiesta Cheese Finely Shredded,kept_previous,Dairy,Perishable,0.0486,0.0000,3.00,32 oz
"Flonase Allergy Relief Fluticasone Nasal Spray, 24 Hour Non-Drowsy Allergy Medicine, Metered Nasal Spray - 72 Sprays - Fall And Seasonal Allergy Relief",Flonase Allergy Relief Fluticasone,kept_previous,Uncategorized,Non-perishable,0.0486,0.0000,3.00,
"Gatorade Cool Blue flavor Thirst Quencher, 28 fl. oz. Bottle",Gatorade Cool Blue Flavor,kept_previous,Uncategorized,Non-perishable,0.0486,0.0000,3.00,
"Marketside Garlic & Herb Goat Cheese Log, 4 oz",Goat Cheese,\bgoat cheese\b,Dairy,Perishable,0.0486,0.0000,3.00,4 oz
"GoGo squeeZ Active Electrolyte No Sugar Added Strawberry Pineapple Orange Fruit Blend, 3.9 oz (10 Pack)",Applesauce Pouches,\bapplesauce\b|\bgogo squeez\b,Produce,Perishable,0.0486,0.0000,3.00,3.9 oz
Holiday Vanilla Flavored Stars & Trees Marshmallows - 8oz - Favorite Day™,Holiday Vanilla Flavored Stars,kept_previous,Uncategorized,Non-perishable,0.0486,0.0000,3.00,8oz
"Honey Stinger Organic Gluten-Free Energy Gel, Fruit Smoothie, 1.1 oz, 1 Count",Honey Stinger Energy Gel,kept_previous,Uncategorized,Non-perishable,0.0486,0.2308,3.00,1.1 oz
"Kodiak Protein-Packed Honey Oat Protein Granola Bag, Ready to Eat, 11 oz",Kodiak Protein Packed Honey,kept_previous,Uncategorized,Non-perishable,0.0486,0.2308,3.00,11 oz
LACROIX VTY,Lacroix Vty,kept_previous,Uncategorized,Non-perishable,0.0486,0.2308,3.00,
"Little Debbie Christmas Tree Brownies, 8 oz, 5 Count",Little Debbie Christmas Tree,kept_previous,Uncategorized,Non-perishable,0.0486,0.0000,3.00,8 oz
"Great Value Low-Moisture Part-Skim Mozzarella Shredded Cheese, 32 oz Bag",Low Moisture Part Skim,kept_previous,Dairy,Perishable,0.0486,0.0769,3.00,32 oz
"Great Value Mild Cheddar Deli Style Sliced Cheese, 8 oz Package, 12 Slices",Mild Cheddar Deli Style,kept_previous,Dairy,Perishable,0.0486,0.0000,3.00,8 oz
"Great Value Whole Milk Low-Moisture Mozzarella String Cheese Sticks, 12 oz, 12 Count",Milk,\bmilk\b,Dairy,Perishable,0.0486,0.1538,3.00,12 oz
"Oikos Pro 20g Protein, Vanilla Yogurt-Cultured Ultra-Filtered Milk&nbsp;Product Cups, 5.3 oz, 4 Count",Milk,\bmilk\b,Dairy,Perishable,0.0486,0.2308,3.00,20g
Vitamin D Whole Milk - 1gal - Good & Gather™,Milk,\bmilk\b,Dairy,Perishable,0.0486,0.0769,3.00,1gal
"Great Value Mozzarella String Cheese Sticks, 12 oz Bag, 12 Count",Mozzarella String Cheese Sticks,kept_previous,Dairy,Perishable,0.0486,0.0000,3.00,12 oz
"Nature Valley Protein Oats and Honey Granola, Family Size Pouch, 17 oz",Nature Valley Protein Oats,kept_previous,Uncategorized,Non-perishable,0.0486,0.2308,3.00,17 oz
"Fresh Navel Orange, Each",Navel Orange Each,kept_previous,Uncategorized,Non-perishable,0.0486,0.0000,3.00,
"Nutella Hazelnut Spread with Cocoa, Creamy Hazelnut Spread, Breakfast Favorite, 13 oz Jar",Nutella Hazelnut Spread With,kept_previous,Uncategorized,Non-perishable,0.0486,0.0000,3.00,13 oz
"Great Value Oats & Honey Granola, 11 oz",Oats Honey Granola,kept_previous,Uncategorized,Non-perishable,0.0486,0.0000,3.00,11 oz
"OREO Double Stuf Chocolate Sandwich Cookies, Party Size, 24.95 oz",Oreo Double Stuf Chocolate,kept_previous,Uncategorized,Non-perishable,0.0486,0.0000,3.00,24.95 oz
"Perdue Harvestland, Free Range, Fresh Boneless Chicken Breasts, 1.3-1.9 lb. Tray",Perdue Harvestland Free Range,kept_previous,Uncategorized,Perishable,0.0486,0.2308,3.00,1.9 lb
"Great Value Organic Reduced Sodium Gluten-Free Chicken Broth, 32 oz Carton (Shelf-Stable)",Reduced Sodium Chicken Broth,kept_previous,Uncategorized,Perishable,0.0486,0.0000,3.00,32 oz
"Safety 1st Parent Grip Door Knob Covers, White, 3 pack, Toddler",Safety St Parent Grip,kept_previous,Uncategorized,Non-perishable,0.0486,0.0000,3.00,3 pack
"Sargento® Balanced Breaks® Monterey Jack & Mild Cheddar Cheese, WHEAT THINS® Minis",Sargento Balanced Breaks Monterey,kept_previous,Dairy,Perishable,0.0486,0.0000,3.00,
"Great Value Seasoned Croutons, Baked and Seasoned, 5 oz Resealable Bag",Seasoned Croutons Baked And,kept_previous,Uncategorized,Non-perishable,0.0486,0.0769,3.00,5 oz
"Great Value Sharp Cheddar Finely Shredded Cheese, 8 oz Bag",Sharp Cheddar Finely Shredded,kept_previous,Dairy,Perishable,0.0486,0.0000,3.00,8 oz
"Skinnypop Gluten Free Original Popcorn, 8.0 oz Family Size Bag, Skinny Pop, Popcorn Snacks",Skinnypop Gluten Free Popcorn,kept_previous,Pantry,Non-perishable,0.0486,0.2308,3.00,8.0 oz
"Great Value Small Shells, 16 oz",Small Shells,kept_previous,Uncategorized,Non-perishable,0.0486,0.2308,3.00,16 oz
"SUPERPRETZEL Bavarian Soft Pretzel Sticks, 24 oz, 10 Count (Frozen)",Superpretzel Bavarian Soft Pretzel,kept_previous,Uncategorized,Non-perishable,0.0486,0.2308,3.00,24 oz
"Swiffer Sweep + Mop Heavy Duty Wet Refills, Multi-Surface Floor Cleaner, Unstopables Fresh, 20 Count",Swiffer Sweep Mop Heavy,kept_previous,Uncategorized,Non-perishable,0.0486,0.0769,3.00,20 Count
Tazo Classic Chai Latte Black Tea Concentrate - 32 fl oz,Tazo Classic Chai Latte,kept_previous,Uncategorized,Non-perishable,0.0486,0.0769,3.00,32 fl oz
"Classico Tomato & Basil Pasta Sauce, 24 oz Jar",Tomatoes,\b(cherry )?tomato,Produce,Perishable,0.0486,0.0000,3.00,24 oz
TORRE ORIA,Torre Oria,kept_previous,Uncategorized,Non-perishable,0.0486,0.2308,3.00,
"Utz Honey Barbeque Potato Chips, Gluten-Free, Family Size, 7.75 oz Bag",Utz Honey Barbeque Potato,kept_previous,Snacks,Non-perishable,0.0486,0.0000,3.00,7.75 oz
Utz Ripples Sour Cream & Onion Flavored Potato Chips 7.75 oz Family Size Bag,Utz Ripples Sour Cream,kept_previous,Snacks,Non-perishable,0.0486,0.0000,3.00,7.75 oz
"Fresh Whole Brussels Sprouts, 1 lb Bag",Whole Brussels Sprouts Bag,kept_previous,Uncategorized,Non-perishable,0.0486,0.2308,3.00,1 lb
"Wonderful Pistachios No Shells Roasted & Salted Nuts, 12 Ounce Bag",Wonderful Pistachios No Shells,kept_previous,Uncategorized,Non-perishable,0.0486,0.2308,3.00,12 Ounce
"Activia Probiotic Dailies Strawberry and Blueberry Low Fat Probiotic Yogurt Drinks, Helps Support Gut Health, 3.1 fl oz, 8 Count",Activia Probiotic Dailies Strawberry,kept_previous,Dairy,Perishable,0.0324,0.0000,2.00,3.1 fl oz
"Great Value All-Purpose Enriched Flour, 2 lb Bag",All Purpose Enriched Flour,kept_previous,Uncategorized,Non-perishable,0.0324,0.0000,2.00,2 lb
"Fresh Organic Honeycrisp Apples, 2 lb Pouch",Apples,\b(envy|honeycrisp|cosmic crisp|granny smith)\b.*\bapple,Produce,Perishable,0.0324,0.1538,2.00,2 lb
"Barilla Classic Non-GMO, Kosher Certified Farfalle Pasta, 16 oz",Barilla Classic Non Gmo,kept_previous,Uncategorized,Non-perishable,0.0324,0.0000,2.00,16 oz
"Great Value Organic Bay Leaves, 0.15 oz",Bay Leaves,kept_previous,Uncategorized,Non-perishable,0.0324,0.0769,2.00,0.15 oz
"BelGioioso Fresh Mozzarella Log, Pre-Sliced Specialty Cheese, 16 oz Refrigerated Plastic Packet",Belgioioso Mozzarella Log Pre,kept_previous,Dairy,Perishable,0.0324,0.1538,2.00,16 oz
"Betty Crocker Snickerdoodle Cookies, Cookie Baking Mix, 17.9 oz",Betty Crocker Snickerdoodle Cookies,kept_previous,Uncategorized,Non-perishable,0.0324,0.0000,2.00,17.9 oz
BFGUMMYBEARS,Bfgummybears,kept_previous,Uncategorized,Non-perishable,0.0324,0.1538,2.00,
"Birds Eye Steamfresh Mixed Vegetables, Frozen Vegetables, 10 oz. Bag",Birds Eye Steamfresh Mixed,kept_previous,Uncategorized,Non-perishable,0.0324,0.0000,2.00,10 oz
Low Sodium Black Beans - 15.5oz - Good & Gather™,Black Beans,\bblack beans\b,Pantry,Non-perishable,0.0324,0.1538,2.00,15.5oz
"Bluey Toddler Boys Holiday Thermal Henley Shirt with Long Sleeves, Sizes 12M-5T",Bluey Toddler Boys Holiday,kept_previous,Uncategorized,Non-perishable,0.0324,0.0000,2.00,
"Thomas' Cinnamon Raisin Swirl Bread, 16 oz, Cinnamon Bread, Bag",Bread,\bbread\b|\bloaf\b,Bakery,Non-perishable,0.0324,0.0769,2.00,16 oz
Cabot Creamery Colby Jack Cheddar Cheese Block 8 oz (Refrigerated),Cabot Creamery Colby Jack,kept_previous,Dairy,Perishable,0.0324,0.1538,2.00,8 oz
"Great Value Canned Pineapple Tidbits, 20 oz",Canned Pineapple,\bpineapple tidbits\b|\bcrushed pineapple\b,Produce,Perishable,0.0324,0.1538,2.00,20 oz
"Cantu Avocado Sulfate Free Conditioner, 13.5 oz",Cantu Avocado Sulfate Free,kept_previous,Uncategorized,Non-perishable,0.0324,0.0000,2.00,13.5 oz
"Capri Sun Summer Blast Passion Fruit Mango Flavored Juice Drink Blend, from Concentrate with Other Natural Flavor, 10 ct Box, 6 fl oz Pouches, Liquids",Capri Sun Summer Blast,kept_previous,Uncategorized,Non-perishable,0.0324,0.0000,2.00,10 ct
Chopped Caesar Salad Kit - 11.15oz - Good & Gather™,Chopped Caesar Salad Kit,kept_previous,Uncategorized,Non-perishable,0.0324,0.1538,2.00,11.15oz
"Chuck Roast, Choice Angus Beef, Tray, Fresh, 2.25 - 3.38 lb",Chuck Roast Choice Angus,kept_previous,Uncategorized,Perishable,0.0324,0.1538,2.00,3.38 lb
"Classico Four Cheese Spaghetti Pasta Sauce Value Size, 44 oz Jar",Classico Four Cheese Spaghetti,kept_previous,Dairy,Perishable,0.0324,0.0000,2.00,44 oz
"Great Value Confectioners Powdered Sugar, 32 oz",Confectioners Powdered Sugar,kept_previous,Uncategorized,Non-perishable,0.0324,0.1538,2.00,32 oz
"Cool Whip Original Whipped Topping, 8 oz Tub",Cool Whip Whipped Topping,kept_previous,Uncategorized,Non-perishable,0.0324,0.1538,2.00,8 oz
"Great Value Canned Cream Style Sweet Corn, 14.75 oz Aluminum Can",Corn,\bwhole kernel corn\b|\bsweet corn\b|\bcorn\b,Pantry,Non-perishable,0.0324,0.0000,2.00,14.75 oz
Santitas White Corn Tortilla Chips - 11oz,Corn,\bwhole kernel corn\b|\bsweet corn\b|\bcorn\b,Pantry,Non-perishable,0.0324,0.0000,2.00,11oz
Cranberry Jalapeno Dip - 10oz - Good & Gather™,Cranberry Jalapeno Dip Good,kept_previous,Uncategorized,Non-perishable,0.0324,0.1538,2.00,10oz
"Great Value Original Whipped Cream Cheese Spread, 8 oz Cup",Cream Cheese,\bwhipped cream cheese\b|\bcream cheese\b,Dairy,Perishable,0.0324,0.0000,2.00,8 oz
"Crest Pro‑Health Advanced Fluoride Mouthwash, Alcohol‑Free Mouth Rinse for Whitening, Energizing Mint, 32 fl oz",Crest Pro Health Advanced,kept_previous,Uncategorized,Non-perishable,0.0324,0.1538,2.00,32 fl oz
Crosswind All Season UHP All Season 205/45R16 87W XL Passenger Tire,Crosswind All Season Uhp,kept_previous,Uncategorized,Non-perishable,0.0324,0.0000,2.00,
"Dawn Platinum Powerwash Dish Spray, Dish Soap Refill - Fresh - 16oz: Multi-Surface",Dawn Platinum Powerwash Dish,kept_previous,Uncategorized,Non-perishable,0.0324,0.0000,2.00,16oz
"Deer Park Spring Water - 32 Pack/16.9 FL Oz, Plastic Bottles",Deer Park Spring Water,kept_previous,Uncategorized,Non-perishable,0.0324,0.0000,2.00,32 Pack
"Dr Teal's Epsom Salt Magnesium Soak, Relax & Relief with Eucalyptus & Spearmint, 3 lbs",Dr Teal S Epsom,kept_previous,Uncategorized,Non-perishable,0.0324,0.1538,2.00,3 lbs
"Dr Teal's Pure Epsom Salt Soak, Therapeutic, Fragrance Free, 6 lbs",Dr Teal S Pure,kept_previous,Uncategorized,Non-perishable,0.0324,0.1538,2.00,6 lbs
"Great Value Dried Philippine Mango, 6 oz",Dried Philippine Mango,kept_previous,Uncategorized,Non-perishable,0.0324,0.1538,2.00,6 oz
"Great Value Organic Extra Virgin Olive Oil, 17 fl oz",Extra Virgin Olive Oil,kept_previous,Uncategorized,Non-perishable,0.0324,0.0769,2.00,17 fl oz
"EZ Foil Disposable Casserole Pans, 11.75 x 9.25 in., 2 Count",Ez Foil Disposable Casserole,kept_previous,Uncategorized,Non-perishable,0.0324,0.0000,2.00,11.75 x 9
"Great Value Fettuccine, 16 oz",Fettuccine,kept_previous,Uncategorized,Non-perishable,0.0324,0.0000,2.00,16 oz
"Fluffernutter Marshmallow Fluff, 7.5 oz",Fluffernutter Marshmallow Fluff,kept_previous,Uncategorized,Non-perishable,0.0324,0.0769,2.00,7.5 oz
Forceum HENA UHP All Season 205/45R16 87W Passenger Tire,Forceum Hena Uhp All,kept_previous,Uncategorized,Non-perishable,0.0324,0.0000,2.00,
"Frank's RedHot Kosher Original Cayenne Pepper Hot Sauce, 23.0 fl oz Bottle",Frank S Redhot Cayenne,kept_previous,Uncategorized,Non-perishable,0.0324,0.1538,2.00,23.0 fl oz
"French's Non-GMO Kosher Original Crispy Fried Onions, 6.0 oz Can",French S Non Gmo,kept_previous,Uncategorized,Non-perishable,0.0324,0.0000,2.00,6.0 oz
"Garlic Bulb Fresh Whole, Each",Garlic Bulb Whole Each,kept_previous,Uncategorized,Non-perishable,0.0324,0.0769,2.00,
"Gatorade Sports Drink, Fruit Punch/Glacier Cherry/Cool Blue Variety Pack, 12 fl oz, 18 Count Bottles",Gatorade Sports Drink Fruit,kept_previous,Uncategorized,Non-perishable,0.0324,0.1538,2.00,12 fl oz
"Gatorade Thirst Quencher Cool Blue Sports Drinks, 12 fl oz, 12 Count Bottles",Gatorade Thirst Quencher Cool,kept_previous,Uncategorized,Non-perishable,0.0324,0.0000,2.00,12 fl oz
"Genoa Salami, Pepper Jack Cheese, Dried Mango, Dark Chocolate Chunks - 3oz Good & Gather™",Genoa Salami Pepper Jack,kept_previous,Dairy,Perishable,0.0324,0.1538,2.00,3oz
Montchevre® Original Crumbled Refrigerated Goat Cheese Plastic Cup 4 oz,Goat Cheese,\bgoat cheese\b,Dairy,Perishable,0.0324,0.1538,2.00,4 oz
"Vermont Creamery Blueberry, Lemon & Thyme Goat Cheese Log, 4 oz",Goat Cheese,\bgoat cheese\b,Dairy,Perishable,0.0324,0.0769,2.00,4 oz
"Goya Artichoke Hearts, 6 oz",Goya Artichoke Hearts,kept_previous,Uncategorized,Non-perishable,0.0324,0.1538,2.00,6 oz
"Great Value Heavy Whipping Cream, 16 oz Carton",Heavy Whipping Cream Carton,kept_previous,Uncategorized,Non-perishable,0.0324,0.0769,2.00,16 oz
"Heinz HomeStyle Beef Gravy, 12 oz Jar",Heinz Homestyle Beef Gravy,kept_previous,Uncategorized,Perishable,0.0324,0.0000,2.00,12 oz
"Heinz Sweet Relish, 12.7 oz Bottle",Heinz Sweet Relish Bottle,kept_previous,Uncategorized,Non-perishable,0.0324,0.0000,2.00,12.7 oz
"Heinz Sweet Relish, 26 oz Bottle",Heinz Sweet Relish Bottle,kept_previous,Uncategorized,Non-perishable,0.0324,0.0000,2.00,26 oz
"Hidden Valley Original Ranch Dipping Sauce Salad Dressing and Topping, 20 fl oz Easy Squeeze Bottle",Hidden Valley Ranch Dipping,kept_previous,Uncategorized,Non-perishable,0.0324,0.1538,2.00,20 fl oz
"Hillshire Snacking Protein Genoa Salami, White Cheddar Cheese, Toasted Rounds Meat Snack Kit, 2.76 oz (Refrigerated)",Hillshire Snacking Protein Genoa,kept_previous,Dairy,Perishable,0.0324,0.0000,2.00,2.76 oz
"Honest Kids Organic Super Fruit Punch Juice, 6.75 fl oz, 8 Pouches",Honest Kids Super Fruit,kept_previous,Uncategorized,Non-perishable,0.0324,0.0000,2.00,6.75 fl oz
"Ivory Bar Soap, Original Scent, All Skin Types, 4 Count, 4 Ounces Each",Ivory Bar Soap Scent,kept_previous,Uncategorized,Non-perishable,0.0324,0.0000,2.00,4 Count
"Ken's Steak House® Creamy Caesar Salad Dressing, Topping & Spread 24 fl oz",Ken S Steak House,kept_previous,Uncategorized,Non-perishable,0.0324,0.0000,2.00,24 fl oz
"KIND Gluten Free Peanut Butter Dark Chocolate Snack Bars, Value Pack, 1.4 oz, 12 Count, Cardboard Box",Kind Gluten Free Peanut,kept_previous,Uncategorized,Non-perishable,0.0324,0.0000,2.00,1.4 oz
Kraft Mexican Style Four Cheese Finely Shredded Natural Cheese 8oz Bag,Kraft Mexican Style Four,kept_previous,Dairy,Perishable,0.0324,0.0000,2.00,8oz
"Little Debbie Chocolate Christmas Tree Cakes, 8.25 oz, 5 Count",Little Debbie Chocolate Christmas,kept_previous,Uncategorized,Non-perishable,0.0324,0.0000,2.00,8.25 oz
MAGIC SPOON S'Mores Protein Bar Treat - 12g Protein - 5.6oz/4ct,Magic Spoon S Mores,kept_previous,Uncategorized,Non-perishable,0.0324,0.1538,2.00,12g
"Fresh Mandarin Oranges, 3 lb Bag",Mandarin Oranges Bag,kept_previous,Uncategorized,Non-perishable,0.0324,0.0769,2.00,3 lb
"McCormick Pure Vanilla Extract, 2.0 fl oz Box",Mccormick Pure Vanilla Extract,kept_previous,Uncategorized,Non-perishable,0.0324,0.0000,2.00,2.0 fl oz
"Method All-Purpose Cleaner, French Lavender, 28  fl oz",Method All Purpose Cleaner,kept_previous,Uncategorized,Non-perishable,0.0324,0.0000,2.00,28  fl oz
"Great Value Coconut Milk, 13.5 fl oz, Can",Milk,\bmilk\b,Dairy,Perishable,0.0324,0.1538,2.00,13.5 fl oz
"Planet Oat Extra Creamy Original Oat Milk, 52 oz",Milk,\bmilk\b,Dairy,Perishable,0.0324,0.0769,2.00,52 oz
"Swiss Miss Milk Chocolate Flavored Hot Cocoa Mix, 38.27 oz. Canister",Milk,\bmilk\b,Dairy,Perishable,0.0324,0.0769,2.00,38.27 oz
"Teeny Tiny Lunch Bites Uncured Dry Sausage Nuggets, Cheddar Cheese, Milk",Milk,\bmilk\b,Dairy,Perishable,0.0324,0.0000,2.00,
Muenster Deli Sliced Cheese - 8oz/12 slices - Good & Gather™,Muenster Deli Sliced Cheese,kept_previous,Dairy,Perishable,0.0324,0.0769,2.00,8oz
"Native Facial Moisturizer for Sensitive Skin with Aloe and Niacinamide, Unscented, 1.7 oz",Native Facial Moisturizer For,kept_previous,Uncategorized,Non-perishable,0.0324,0.0000,2.00,1.7 oz
Native Sensitive Facial Cleanser Unscented Sulfate-Free For All Skin Types 12 oz,Native Sensitive Facial Cleanser,kept_previous,Uncategorized,Non-perishable,0.0324,0.0000,2.00,12 oz
"Nature's Bakery Blueberry Fig Bars, 10 Twin packs, 2 oz Each",Nature S Bakery Blueberry,kept_previous,Uncategorized,Non-perishable,0.0324,0.0000,2.00,2 oz
"(4 pack) Old El Paso Mild Red Enchilada Sauce, 1 Ct., 10 oz.",Old El Paso Mild,kept_previous,Uncategorized,Non-perishable,0.0324,0.0000,2.00,4 pack
"Ophanie 22.5 inch 2 Pack Wood Floating Shelves, Hanging Float Shelf for Wall Mounted Decorative Shelves, 6.7 x 23 Inch, Set of 2, Rustic Brown-",Ophanie Inch Wood Floating,kept_previous,Uncategorized,Non-perishable,0.0324,0.0000,2.00,2 Pack
"Ore-Ida Extra Crispy Fast Food French Fries French Fried Frozen Potatoes Value Size, 4 lb Bag",Ore Ida Extra Crispy,kept_previous,Uncategorized,Non-perishable,0.0324,0.0000,2.00,4 lb
"Ozark Trail Kids Air Mattress, Indoor/Outdoor Air Bed, Blow up Mattress Without Pump",Ozark Trail Kids Air,kept_previous,Uncategorized,Non-perishable,0.0324,0.0000,2.00,
"Pace Chunky Medium Salsa, 16 oz Jar",Pace Chunky Medium Salsa,kept_previous,Uncategorized,Non-perishable,0.0324,0.0000,2.00,16 oz
"Pillsbury Cinnamon Rolls with Original Icing, Canned Pastry Dough, Value 2-Pack, 16 Rolls",Pillsbury Cinnamon Rolls With,kept_previous,Uncategorized,Non-perishable,0.0324,0.0000,2.00,
"Pillsbury Creamy Supreme Chocolate Fudge Flavored Frosting, 16 oz Tub",Pillsbury Creamy Supreme Chocolate,kept_previous,Uncategorized,Non-perishable,0.0324,0.1538,2.00,16 oz
"Pillsbury Grands! Cinnamon Rolls, with Cinnabon Cinnamon and Original Icing, 5 Count, 17.5 oz",Pillsbury Grands Cinnamon Rolls,kept_previous,Uncategorized,Non-perishable,0.0324,0.1538,2.00,5 Count
Pillsbury Grands! Southern Homestyle Buttermilk Biscuits - 16.3oz/8ct,Pillsbury Grands Southern Homestyle,kept_previous,Dairy,Perishable,0.0324,0.0000,2.00,16.3oz
"Pillsbury Premade Refrigerated Pie Crust, Two Pie Crusts, 14.1 oz",Pillsbury Premade Pie Crust,kept_previous,Uncategorized,Non-perishable,0.0324,0.0000,2.00,14.1 oz
Chobani 30G Protein Low-Fat Greek Yogurt Drink Strawberries & Cream 14 fl oz Bottle,Protein Yogurt Drinks,\boikos pro\b|\bchobani 20g protein\b|\bcultured dairy drink\b|\byogurt drink\b|\bprotein.*drink\b,Dairy,Perishable,0.0324,0.1538,2.00,30G
"Quaker Original Quick 5-Minute Grits, Shelf-Stable, 24 Oz Canister",Quaker Quick Minute Grits,kept_previous,Uncategorized,Non-perishable,0.0324,0.1538,2.00,24 Oz
"Fresh Red Baby Potatoes, 1.5 lb Bag",Red Baby Potatoes Bag,kept_previous,Uncategorized,Non-perishable,0.0324,0.1538,2.00,1.5 lb
"Reddi-wip Original Whipped Topping Made with Real Cream, 6.5 oz",Reddi Wip Whipped Topping,kept_previous,Uncategorized,Non-perishable,0.0324,0.0000,2.00,6.5 oz
"Redi Shade No Tools Original Light Filtering Pleated Paper Shade Natural, 36 in x 72 in.",Redi Shade No Tools,kept_previous,Uncategorized,Non-perishable,0.0324,0.0000,2.00,
"Great Value Reduced Calorie Sugar Free Syrup, 24 fl oz",Reduced Calorie Sugar Free,kept_previous,Uncategorized,Non-perishable,0.0324,0.0769,2.00,24 fl oz
"RITZ Whole Wheat Crackers, Snacks for Kids and Adults, Lunch Snacks, 12.9 oz",Ritz Whole Wheat Crackers,kept_previous,Uncategorized,Non-perishable,0.0324,0.0000,2.00,12.9 oz
"Russell Athletic Boy's Performance Mesh Shorts, 4-Pack, Sizes 4-18 & Husky",Russell Athletic Boy S,kept_previous,Uncategorized,Non-perishable,0.0324,0.0000,2.00,
"SheaMoisture Strengthening Scalp Oil & Hair Oil Rosemary & Vegan Collagen, 2 oz",Sheamoisture Strengthening Scalp Oil,kept_previous,Uncategorized,Non-perishable,0.0324,0.0769,2.00,2 oz
"Simply Potatoes Shredded Hash Browns, 20 oz Bag (Refrigerated)",Simply Potatoes Shredded Hash,kept_previous,Uncategorized,Non-perishable,0.0324,0.0769,2.00,20 oz
"Great Value Sloppy Joe Sauce, 15 oz",Sloppy Joe Sauce,kept_previous,Uncategorized,Non-perishable,0.0324,0.0000,2.00,15 oz
"Smithfield Naturally Hickory Smoked Lower Sodium Sliced Bacon, Gluten-Free, 16 oz",Smithfield Naturally Hickory Smoked,kept_previous,Uncategorized,Non-perishable,0.0324,0.0000,2.00,16 oz
"Smucker's Natural Strawberry Fruit Spread, 17.25 oz",Smucker S Natural Strawberry,kept_previous,Uncategorized,Non-perishable,0.0324,0.0000,2.00,17.25 oz
"Smucker's Seedless Strawberry Jam, 18 oz",Smucker S Seedless Strawberry,kept_previous,Uncategorized,Non-perishable,0.0324,0.0000,2.00,18 oz
"Smucker’s Uncrustables Peanut Butter & Grape Jelly Sandwiches, 10 Count, 2 oz Each, Frozen",Smucker S Uncrustables Peanut,kept_previous,Uncategorized,Non-perishable,0.0324,0.0000,2.00,10 Count
"Sprite Lemon Lime Soda Pop, 2 Liter Bottle",Sprite Lemon Lime Soda,kept_previous,Uncategorized,Non-perishable,0.0324,0.1538,2.00,
"Stacy’s No Artificial Colors or Flavors Sea Salt Pita Chips Bag, 7.33 oz​",Stacy S No Artificial,kept_previous,Snacks,Non-perishable,0.0324,0.0769,2.00,7.33 oz
"Stauffer's Original Animal Crackers, 24 oz Resealable Family Size Bear Jug, Low Fat Snack for Kids & Adults",Stauffer S Animal Crackers,kept_previous,Uncategorized,Non-perishable,0.0324,0.0000,2.00,24 oz
"(2 pack) Sterilite Small Storage Bin, 28 Quart Clear Plastic Storage Container with Snap-On Lid, White",Sterilite Small Storage Bin,kept_previous,Uncategorized,Non-perishable,0.0324,0.0000,2.00,2 pack
"Fresh Strawberries, 2 lb, Container",Strawberries Container,kept_previous,Uncategorized,Non-perishable,0.0324,0.0000,2.00,2 lb
"Swanson White Premium Chunk Canned Chicken Breast in Water, 12.5 oz Can",Swanson White Premium Chunk,kept_previous,Uncategorized,Perishable,0.0324,0.1538,2.00,12.5 oz
"Great Value Sweet Cream Unsalted Butter, 16 oz, 4 Sticks",Sweet Cream Unsalted Butter,kept_previous,Uncategorized,Non-perishable,0.0324,0.0000,2.00,16 oz
Sweet Loren's Gluten Free Vegan Fudgy Brownie Cookie Dough - 12oz/12ct,Sweet Loren S Gluten,kept_previous,Uncategorized,Non-perishable,0.0324,0.1538,2.00,12oz
"(2 pack) Classico Tomato & Basil Spaghetti Pasta Sauce, 24 oz. Jar",Tomatoes,\b(cherry )?tomato,Produce,Perishable,0.0324,0.0000,2.00,2 pack
Pacific Foods Organic Gluten Free Creamy Tomato Soup - 32oz,Tomatoes,\b(cherry )?tomato,Produce,Perishable,0.0324,0.1538,2.00,32oz
"Pacific Foods Organic Roasted Red Pepper and Tomato Soup, 32 oz Carton",Tomatoes,\b(cherry )?tomato,Produce,Perishable,0.0324,0.1538,2.00,32 oz
"Great Value Smoked Turkey Breast Lunchmeat, 16 oz, Plastic Tub, Refrigerated",Turkey Lunchmeat,\bturkey breast lunchmeat\b|\blunchmeat\b,Meat,Perishable,0.0324,0.0000,2.00,16 oz
"Tyson Oven Roasted Diced Chicken Breast, 22 oz (Frozen, Fully Cooked)",Tyson Oven Roasted Diced,kept_previous,Uncategorized,Perishable,0.0324,0.0000,2.00,22 oz
"Utz Kettle Classics Salt & Malt Vinegar Potato Chips, Gluten-Free, 7.5 oz",Utz Kettle Classics Salt,kept_previous,Snacks,Non-perishable,0.0324,0.0000,2.00,7.5 oz
Valvoline MaxLife High Mileage 5W-30 Synthetic Blend Motor Oil 5 Quart,Valvoline Maxlife High Mileage,kept_previous,Uncategorized,Non-perishable,0.0324,0.0000,2.00,
"Velveeta Original Pasteurized Recipe Cheese Product, 16 oz Block",Velveeta Pasteurized Recipe Cheese,kept_previous,Dairy,Perishable,0.0324,0.1538,2.00,16 oz
"Vita Coco The Original Coconut Water, Nutrients & Electrolytes Rich, Pure, 16.9 fl oz Tetra",Vita Coco The Coconut,kept_previous,Uncategorized,Non-perishable,0.0324,0.1538,2.00,16.9 fl oz
"Great Value Waffle Cut French Fried Potatoes, 24 oz (Frozen)",Waffle Cut French Fried,kept_previous,Uncategorized,Non-perishable,0.0324,0.0000,2.00,24 oz
"Fresh Whole Green Broccoli Crowns, 1 Each",Whole Green Broccoli Crowns,kept_previous,Uncategorized,Non-perishable,0.0324,0.0000,2.00,1 Each
"Great Value Whole Wheat Penne, 16 oz",Whole Wheat Penne,kept_previous,Uncategorized,Non-perishable,0.0324,0.0000,2.00,16 oz
"WHOLLY GUACAMOLE Minis Paste, Classic, 12oz, 6 Pack",Wholly Guacamole Minis Paste,kept_previous,Uncategorized,Non-perishable,0.0324,0.1538,2.00,12oz
"Wonder Nation Toddler Cotton Long Sleeve Sleep Tee and Pants Pajama Set, 2-Piece, Sizes 12M-5T",Wonder Nation Toddler Cotton,kept_previous,Uncategorized,Non-perishable,0.0324,0.0000,2.00,
"Great Value Yellow Mustard, 20 oz Squeeze Bottle",Yellow Mustard Squeeze Bottle,kept_previous,Uncategorized,Non-perishable,0.0324,0.0000,2.00,20 oz
"ZUNMOS 4 Drawer Fabric Dresser for Bedroom, Tall Chest of Drawer Organizer Storage Cabinet for Closet, Entryway, Grey",Zunmos Drawer Fabric Dresser,kept_previous,Uncategorized,Non-perishable,0.0324,0.0000,2.00,
"ACE Brand Adjustable Compression Knee Support with Stabilizers, Black/Gray – One Size",Ace Brand Adjustable Compression,kept_previous,Uncategorized,Non-perishable,0.0162,0.0000,1.00,
"AIRFIRE H14 HEPA Air Purifiers for Home up to 2215 Sq.ft, Air Purifier for Allergies and Asthma, Pollen, Wildfire/Smoke, Pet Dander & Odor, Dust, AP304, White",Airfire H Hepa Air,kept_previous,Uncategorized,Non-perishable,0.0162,0.0000,1.00,
"AirTechnik CF11924 Cabin Air Filter w/Activated Carbon  Fits Fiat 500 2013-2019, Argo 21-24, Fastback 24-25, Pulse 23-25, Mobi 17-22, Uno 13-20, Ram 700 21-24, Pro Master Rapid 17-24 - 68096453AA",Airtechnik Cf Cabin Air,kept_previous,Uncategorized,Non-perishable,0.0162,0.0000,1.00,
"Allegra Adult 24-Hour Allergy Relief Gelcaps, Non-Drowsy Allergy Medicine, 180 mg Pill, 24 Count",Allegra Adult Hour Allergy,kept_previous,Uncategorized,Non-perishable,0.0162,0.0000,1.00,24 Count
"Allegra Children's 12-Hour Allergy Relief Liquid, Non-Drowsy Indoor and Outdoor Allergy Medicine, 30 mg Fexofenadine HCI Antihistamine For Kids, Berry Flavor, 4 oz.",Allegra Children S Hour,kept_previous,Uncategorized,Non-perishable,0.0162,0.0000,1.00,4 oz
"AllerEase Ultimate Cotton Pillow Cover Protector, King- Zippered, Temperature Balancing",Allerease Ultimate Cotton Pillow,kept_previous,Uncategorized,Non-perishable,0.0162,0.0000,1.00,
Applegate Natural Prosciutto - 3oz,Applegate Natural Prosciutto,kept_previous,Produce,Perishable,0.0162,0.0000,1.00,3oz
"Fresh Granny Smith Apples, 3 lb Bag",Apples,\b(envy|honeycrisp|cosmic crisp|granny smith)\b.*\bapple,Produce,Perishable,0.0162,0.0000,1.00,3 lb
Fresh Honeycrisp Apples - 3lb Bag - Good & Gather™,Apples,\b(envy|honeycrisp|cosmic crisp|granny smith)\b.*\bapple,Produce,Perishable,0.0162,0.0000,1.00,3lb
Fresh Organic Honeycrisp Apples - 2lbs Bag - Good & Gather™,Apples,\b(envy|honeycrisp|cosmic crisp|granny smith)\b.*\bapple,Produce,Perishable,0.0162,0.0769,1.00,2lbs
GoGo SqueeZ No Sugar Added Applesauce and Fruit Puree Apple Apple - 3.2oz/20ct,Apples,\bapple\b,Produce,Perishable,0.0162,0.0769,1.00,3.2oz
"GoGo squeeZ No Sugar Added Apple Applesauce & Fruit Puree Pouches, 3.2 oz (16 Pack)",Apples,\bapple\b,Produce,Perishable,0.0162,0.0000,1.00,3.2 oz
"Great Value 100% Apple Juice, 96 fl oz",Apples,\bapple\b,Produce,Perishable,0.0162,0.0000,1.00,96 fl oz
ASP Cough & ST Adult FizzyChews 16CT,Asp Cough St Adult,kept_previous,Uncategorized,Non-perishable,0.0162,0.0000,1.00,16CT
"Aspercreme Max Strength Topical Numbing Pain Reliever for Nerve Pain Relief, 4% Lidocaine, Odor Free, 4.3 oz",Aspercreme Max Strength Topical,kept_previous,Uncategorized,Non-perishable,0.0162,0.0000,1.00,4.3 oz
"Aveeno Therapeutic Shave Gel for Dry Skin with Oat & Vitamin E, Shaving Cream for Men & Women, 7 oz",Aveeno Therapeutic Shave Gel,kept_previous,Uncategorized,Non-perishable,0.0162,0.0769,1.00,7 oz
"Organic Marketside Fresh Baby Peeled Carrots, 1 lb Bag",Baby Peeled Carrots Bag,kept_previous,Uncategorized,Non-perishable,0.0162,0.0000,1.00,1 lb
"Stacy’s No Artificial Colors or Flavors Sea Salt Bagel Chips Bag, 7 oz​",Bagels,\bmini bagels?\b|\bbagels?\b,Bakery,Non-perishable,0.0162,0.0000,1.00,7 oz
"Ball Park White Burger Buns, 8 count, Kosher Hamburger Buns, 15 oz Bag",Ball Park White Burger,kept_previous,Bakery,Non-perishable,0.0162,0.0000,1.00,8 count
"BelGioioso Freshly Grated Parmesan Cheese, Refrigerated 5 oz Plastic Cup",Belgioioso Freshly Grated Parmesan,kept_previous,Dairy,Perishable,0.0162,0.0000,1.00,5 oz
"Betty Crocker Delights Super Moist Spice Cake Mix, 13.25 oz",Betty Crocker Delights Super,kept_previous,Uncategorized,Perishable,0.0162,0.0769,1.00,13.25 oz
"Betty Crocker Favorites Super Moist Yellow Cake Mix, 13.25 oz",Betty Crocker Favorites Super,kept_previous,Uncategorized,Non-perishable,0.0162,0.0769,1.00,13.25 oz
"Blue Bunny Soft Cookies and Cream Premium Frozen Dessert, 46 fl oz",Blue Bunny Soft Cookies,kept_previous,Uncategorized,Non-perishable,0.0162,0.0000,1.00,46 fl oz
"Arnold Country Style Sourdough Bread, 24 oz, Sourdough Bread, Bag",Bread,\bbread\b|\bloaf\b,Bakery,Non-perishable,0.0162,0.0000,1.00,24 oz
"Dave's Killer Bread Raisin' The Roof! Organic Breakfast Bread, Cinnamon Raisin Loaf, 18 Oz",Bread,\bbread\b|\bloaf\b,Bakery,Non-perishable,0.0162,0.0769,1.00,18 Oz
"Dave's Killer Bread Thin-Sliced Good Seed Organic Bread 20.5 oz, Shelf-Stable",Bread,\bbread\b|\bloaf\b,Bakery,Non-perishable,0.0162,0.0000,1.00,20.5 oz
Dave's Killer Bread® Thin Sliced 21 Whole Grains and Seeds Organic Bread 20.5 oz. Loaf,Bread,\bbread\b|\bloaf\b,Bakery,Non-perishable,0.0162,0.0000,1.00,20.5 oz
Fleischmann's Classic Bread Machine Instant Yeast 4 oz Jar.,Bread,\bbread\b|\bloaf\b,Bakery,Non-perishable,0.0162,0.0769,1.00,4 oz
"Great Value Garlic Bread Sticks, 10.5 oz (Frozen)",Bread,\bbread\b|\bloaf\b,Bakery,Non-perishable,0.0162,0.0000,1.00,10.5 oz
"Great Value Pre-Sliced Cinnamon Raisin Bread, 16 oz",Bread,\bbread\b|\bloaf\b,Bakery,Non-perishable,0.0162,0.0000,1.00,16 oz
"Pepperidge Farm Farmhouse Brioche Bread, 22 oz Loaf",Bread,\bbread\b|\bloaf\b,Bakery,Non-perishable,0.0162,0.0000,1.00,22 oz
Sliced Sourdough Bread - 17oz - Favorite Day™,Bread,\bbread\b|\bloaf\b,Bakery,Non-perishable,0.0162,0.0769,1.00,17oz
"Jimmy Dean Fully Cooked Original Pork Sausage Links, 9.6 oz, 12 Count",Breakfast Sausage,\bsausage links?\b|\bbreakfast pork sausage\b,Meat,Perishable,0.0162,0.0000,1.00,9.6 oz
Cabot Creamery Lowfat Plain Greek Yogurt 2 lb (Refrigerated Tub),Cabot Creamery Lowfat Greek,kept_previous,Dairy,Perishable,0.0162,0.0000,1.00,2 lb
"Great Value Canned Crushed Pineapple, 20 oz",Canned Pineapple,\bpineapple tidbits\b|\bcrushed pineapple\b,Produce,Perishable,0.0162,0.0769,1.00,20 oz
"Cantu Care for Kids Paraben & Sulfate-Free Conditioning Detangling Spray, 6 fl oz",Cantu Care For Kids,kept_previous,Uncategorized,Non-perishable,0.0162,0.0000,1.00,6 fl oz
(2 pack) Cantu Shea Butter for Natural Hair Complete Conditioning Co-Wash 10 oz,Cantu Shea Butter For,kept_previous,Uncategorized,Non-perishable,0.0162,0.0000,1.00,2 pack
"Cantu Sulfate-Free Hydrating Cream Conditioner, 25 fl oz",Cantu Sulfate Free Hydrating,kept_previous,Uncategorized,Non-perishable,0.0162,0.0000,1.00,25 fl oz
"Cantu Weightless Smoothing Shampoo, 13.5 fl.oz.",Cantu Weightless Smoothing Shampoo,kept_previous,Uncategorized,Non-perishable,0.0162,0.0000,1.00,
"(2 pack) Capri Sun Fruit Punch Juice Box Pouches, 10 ct Box, 6 fl oz Pouches",Capri Sun Fruit Punch,kept_previous,Uncategorized,Non-perishable,0.0162,0.0000,1.00,2 pack
"Cascade Complete Dishwasher Detergent Liquid Gel, Dish Detergent, Dish Soap, Fresh, 120 fl oz",Cascade Complete Dishwasher Detergent,kept_previous,Uncategorized,Non-perishable,0.0162,0.0000,1.00,120 fl oz
Cascade Complete Dishwashing Liquid Gel Fresh Detergent - 120 fl oz,Cascade Complete Dishwashing Liquid,kept_previous,Uncategorized,Non-perishable,0.0162,0.0769,1.00,120 fl oz
"Cascade Platinum Dishwasher Pods, Dishwasher Detergent, Dish Detergent Soap, Fresh, 12 Count",Cascade Platinum Dishwasher Pods,kept_previous,Uncategorized,Non-perishable,0.0162,0.0000,1.00,12 Count
"Fresh Celery Sticks, 20 oz Bag",Celery Sticks Bag,kept_previous,Uncategorized,Non-perishable,0.0162,0.0769,1.00,20 oz
"Character Toddler Boy Briefs, 6- Pack, Sizes 2T-4T",Character Toddler Boy Briefs,kept_previous,Uncategorized,Non-perishable,0.0162,0.0769,1.00,
"Cheetos Crunchy Cheese Flavored Snack Chips, 8.5 oz Bag",Cheetos Crunchy Cheese Flavored,kept_previous,Dairy,Perishable,0.0162,0.0000,1.00,8.5 oz
"Cheez-It Grooves Sharp White Cheddar Crunchy Cheese Crackers, Snack Crackers, 17 oz",Cheez It Grooves Sharp,kept_previous,Dairy,Perishable,0.0162,0.0000,1.00,17 oz
CHICALFREDO,Chicalfredo,kept_previous,Uncategorized,Non-perishable,0.0162,0.0769,1.00,
CHICK ENCHIL,Chick Enchil,kept_previous,Uncategorized,Non-perishable,0.0162,0.0769,1.00,
"Children's Motrin Ibuprofen Kids Medicine, Berry Flavored, 4 fl. oz",Children S Motrin Ibuprofen,kept_previous,Uncategorized,Non-perishable,0.0162,0.0000,1.00,
"Great Value Chili Seasoning Mix, 1.25 oz",Chili Seasoning Mix,kept_previous,Uncategorized,Non-perishable,0.0162,0.0000,1.00,1.25 oz
Chinet Comfort Cup - 18ct/16oz,Chinet Comfort Cup,kept_previous,Uncategorized,Non-perishable,0.0162,0.0000,1.00,18ct
CHOC CARAMEL,Choc Caramel,kept_previous,Uncategorized,Non-perishable,0.0162,0.0769,1.00,
"Great Value Chocolate Chip Cookie Dough Ice Cream, 48 fl oz",Chocolate Chip Cookie Dough,kept_previous,Uncategorized,Non-perishable,0.0162,0.0000,1.00,48 fl oz
"Great Value Cinnamon Sticks, 0.75 oz",Cinnamon Sticks,kept_previous,Uncategorized,Non-perishable,0.0162,0.0769,1.00,0.75 oz
CLOUDLINE PN,Cloudline Pn,kept_previous,Uncategorized,Non-perishable,0.0162,0.0769,1.00,
"Coffee mate Harry Potter Butterbeer Flavored Cold Foam Creamer, Gluten Free Creamer 14 oz",Coffee Mate Harry Potter,kept_previous,Uncategorized,Non-perishable,0.0162,0.0769,1.00,14 oz
"Colgate Extra Clean Full Head Adult Manual Toothbrush, Soft, 4 Pack",Colgate Extra Clean Full,kept_previous,Uncategorized,Non-perishable,0.0162,0.0000,1.00,4 Pack
"Colgate 360 Whole Mouth Clean Adult Manual Toothbrush, Medium, 5 Pack",Colgate Whole Mouth Clean,kept_previous,Uncategorized,Non-perishable,0.0162,0.0000,1.00,5 Pack
"COLUMBUS, Peppered Salami, Sliced Charcuterie Meat, 10oz Pack",Columbus Peppered Salami Sliced,kept_previous,Uncategorized,Perishable,0.0162,0.0000,1.00,10oz
"Combat Max Large Roach Killing Bait Stations, Child-resistant, 8 Count",Combat Max Large Roach,kept_previous,Uncategorized,Non-perishable,0.0162,0.0000,1.00,8 Count
"Concord Foods Lime Juice, No Pulp, from Concentrate 4.5 oz",Concord Foods Lime Juice,kept_previous,Uncategorized,Non-perishable,0.0162,0.0769,1.00,4.5 oz
"Convenience Kits International, Women's Deluxe 11 PC Travel Kit Featuring: Pantene Shampoo and Conditioner",Convenience Kits International Women,kept_previous,Uncategorized,Non-perishable,0.0162,0.0000,1.00,
"Great Value Cookies & Cream Ice Cream, 48 fl oz",Cookies Cream Ice Cream,kept_previous,Uncategorized,Non-perishable,0.0162,0.0000,1.00,48 fl oz
Core Power Elite Vanilla 42G Protein Shake - 14 fl oz Bottle,Core Power Elite Vanilla,kept_previous,Uncategorized,Non-perishable,0.0162,0.0769,1.00,42G
"Fritos® Scoops!® Corn Chips, 9.25 oz. Bag",Corn,\bwhole kernel corn\b|\bsweet corn\b|\bcorn\b,Pantry,Non-perishable,0.0162,0.0000,1.00,9.25 oz
"Fresh Cranberries, 12 oz, Bag",Cranberries Bag,kept_previous,Uncategorized,Non-perishable,0.0162,0.0769,1.00,12 oz
"Great Value Cream Cheese Brick, 8 oz Block",Cream Cheese,\bwhipped cream cheese\b|\bcream cheese\b,Dairy,Perishable,0.0162,0.0769,1.00,8 oz
Philadelphia Whipped Cream Cheese Spread - 12oz,Cream Cheese,\bwhipped cream cheese\b|\bcream cheese\b,Dairy,Perishable,0.0162,0.0769,1.00,12oz
Whipped Plain Cream Cheese Spread - 8oz - Good & Gather™,Cream Cheese,\bwhipped cream cheese\b|\bcream cheese\b,Dairy,Perishable,0.0162,0.0000,1.00,8oz
Creamy Peanut Butter - 40oz - Good & Gather™,Creamy Peanut Butter Good,kept_previous,Uncategorized,Non-perishable,0.0162,0.0769,1.00,40oz
"Crest Toothpaste, 3D White Advanced Teeth Whitening Toothpaste, Radiant Mint, 2.4 oz",Crest Toothpaste D White,kept_previous,Uncategorized,Non-perishable,0.0162,0.0000,1.00,2.4 oz
"Daisy Pure and Natural Sour Cream, 24 oz (1.5 lb) Tub (Refrigerated)",Daisy Pure And Natural,kept_previous,Uncategorized,Non-perishable,0.0162,0.0000,1.00,24 oz
"Great Value Dark Green Sanding Sugar, 3.5 oz",Dark Green Sanding Sugar,kept_previous,Uncategorized,Non-perishable,0.0162,0.0769,1.00,3.5 oz
"Dawn Powerwash Spray, Dish Soap, Dishwashing Liquid, Fresh, 1 Starter Kit, 16 Fl Oz",Dawn Powerwash Spray Dish,kept_previous,Uncategorized,Non-perishable,0.0162,0.0000,1.00,16 Fl Oz
"(3 pack) Deer Park Spring Water, 2.5 gal, Single Plastic Jug",Deer Park Spring Water,kept_previous,Uncategorized,Non-perishable,0.0162,0.0000,1.00,3 pack
"Del Monte Fresh Cut Green Beans, Canned Vegetables, 14.5 oz Can (Pack of 4)",Del Monte Cut Green,kept_previous,Pantry,Non-perishable,0.0162,0.0000,1.00,14.5 oz
"DiGiorno Frozen Pizza, Rising Crust Ultimate Pepperoni with Cheese, 24.7 oz (Frozen)",Digiorno Frozen Pizza Rising,kept_previous,Dairy,Perishable,0.0162,0.0000,1.00,24.7 oz
"Great Value Disposable Paper Plates, 10"", 150 Count",Disposable Paper Plates,kept_previous,Uncategorized,Non-perishable,0.0162,0.0769,1.00,150 Count
"Great Value Disposable Paper Plates, 8.5"", 100 Count",Disposable Paper Plates,kept_previous,Uncategorized,Non-perishable,0.0162,0.0000,1.00,100 Count
"Great Value Disposable Plastic White Forks, 48 Count",Disposable Plastic White Forks,kept_previous,Uncategorized,Non-perishable,0.0162,0.0769,1.00,48 Count
"Dixie Disposable Paper Plates, 8.5"", Multi-Color, 50 Count",Dixie Disposable Paper Plates,kept_previous,Uncategorized,Non-perishable,0.0162,0.0769,1.00,50 Count
"Dixie To Go Disposable Paper Cups, 12 oz, Multi-Color, 36 Count",Dixie To Go Disposable,kept_previous,Uncategorized,Non-perishable,0.0162,0.0769,1.00,12 oz
"Dole Pineapple Tidbits in 100% Fruit Juice, 20 oz Can",Canned Pineapple,\bpineapple tidbits\b|\bcrushed pineapple\b,Produce,Perishable,0.0162,0.0000,1.00,20 oz
"Dove Advanced Care Antiperspirant Deodorant Stick Caring Coconut, 2.6 oz",Dove Advanced Care Antiperspirant,kept_previous,Uncategorized,Non-perishable,0.0162,0.0000,1.00,2.6 oz
"Dr. Scholl's Blister Pain Relief Complete Kit with Lidocaine, 8 Count",Dr Scholl S Blister,kept_previous,Uncategorized,Non-perishable,0.0162,0.0000,1.00,8 Count
"(2 pack) Dr Teal's Epsom Salt Magnesium Soak, Relax & Relief with Eucalyptus & Spearmint, 3 lbs",Dr Teal S Epsom,kept_previous,Uncategorized,Non-perishable,0.0162,0.0769,1.00,2 pack
Dr Teal's Epsom Salt Magnesium Soak - Relax & Relief with Eucalyptus & Spearmint 3lbs,Dr Teal S Epsom,kept_previous,Uncategorized,Non-perishable,0.0162,0.0000,1.00,3lbs
"Dr Teal's Epsom Salt Magnesium Soak, Soothe & Sleep with Lavender, 3 lbs",Dr Teal S Epsom,kept_previous,Uncategorized,Non-perishable,0.0162,0.0769,1.00,3 lbs
"Dr Teal's Kids 3-in-1 Bubble Bath, Body Wash & Shampoo with Melatonin & Essential Oil, 20 fl oz",Dr Teal S Kids,kept_previous,Uncategorized,Non-perishable,0.0162,0.0769,1.00,20 fl oz
"Drumstick Crushed It Cookies and Cream Sundae Cones, Kosher, 8 Count",Drumstick Crushed It Cookies,kept_previous,Uncategorized,Non-perishable,0.0162,0.0000,1.00,8 Count
"Great Value Dry Roasted Peanuts, 16 oz",Dry Roasted Peanuts,kept_previous,Uncategorized,Non-perishable,0.0162,0.0769,1.00,16 oz
"Duke's Mayonnaise, Light Mayo - 18 oz Squeeze",Duke S Mayonnaise Light,kept_previous,Uncategorized,Non-perishable,0.0162,0.0000,1.00,18 oz
"Dum Dums Valentines cards for kids classroom, Valentines Party Favors, Original Flavors Lollipops Valentines Candy Bouquets, 8.6 oz, 50 Ct Box",Dum Dums Valentines Cards,kept_previous,Uncategorized,Non-perishable,0.0162,0.0769,1.00,8.6 oz
"Earthbound Farm Organic Fresh Vegetable Tray with Ranch Dip, 40 oz",Earthbound Farm Vegetable Tray,kept_previous,Uncategorized,Non-perishable,0.0162,0.0000,1.00,40 oz
"Great Value Easter Bunny Multi-Color Sprinkles, 2.82 oz",Easter Bunny Multi Color,kept_previous,Uncategorized,Non-perishable,0.0162,0.0000,1.00,2.82 oz
"Emergen-C Immune+ Gummies Vitamin C Supplement for Immune Support, Super Orange, 45 Ct",Emergen C Immune Gummies,kept_previous,Uncategorized,Non-perishable,0.0162,0.0000,1.00,45 Ct
"Equate 70% Isopropyl Alcohol Antiseptic, 32 fl oz",Equate Isopropyl Alcohol Antiseptic,kept_previous,Uncategorized,Non-perishable,0.0162,0.0769,1.00,32 fl oz
"Great Value Extra Creamy Dairy Whipped Topping, 13 oz",Extra Creamy Dairy Whipped,kept_previous,Uncategorized,Non-perishable,0.0162,0.0000,1.00,13 oz
"Great Value Extra Sharp Cheddar Shredded Cheese, 16 oz Bag",Extra Sharp Cheddar Shredded,kept_previous,Dairy,Perishable,0.0162,0.0000,1.00,16 oz
Farberware Professional Old Fashion Ice Cream Scoop in Black,Farberware Professional Old Fashion,kept_previous,Uncategorized,Non-perishable,0.0162,0.0000,1.00,
"FARMHOUSE EGGS, Cage Free Large Brown Eggs, 18 Count",Farmhouse Eggs Cage Free,kept_previous,Uncategorized,Non-perishable,0.0162,0.0000,1.00,18 Count
"Filtrete 14x30x1 HVAC Furnace Air Filter, MPR 1500 MERV 12, Allergen, Bacteria and Virus, 1 Filter",Filtrete X X Hvac,kept_previous,Uncategorized,Non-perishable,0.0162,0.0000,1.00,30x1
"Finish Jet-Dry Rinse Aid, Dishwasher Rinse & Drying Agent - 8.45 fl oz: Plastic Bottle,",Finish Jet Dry Rinse,kept_previous,Uncategorized,Non-perishable,0.0162,0.0769,1.00,8.45 fl oz
"Finish Jet-Dry Rinse Aid, Dishwasher Rinse Agent and Drying Agent, 8.45 oz",Finish Jet Dry Rinse,kept_previous,Uncategorized,Non-perishable,0.0162,0.0769,1.00,8.45 oz
"FRAM Extra Guard Oil Filter, CH9713, 10K mile Filter for Dodge, Fiat and Jeep Vehicles Fits select: 2012-2019 FIAT 500, 2013-2016 DODGE DART",Fram Extra Guard Oil,kept_previous,Uncategorized,Non-perishable,0.0162,0.0000,1.00,
"FRAM Extra Guard Oil Filter, PH4967, 10K Miles, Replacement Oil Filter Fits Select Vehicles",Fram Extra Guard Oil,kept_previous,Uncategorized,Non-perishable,0.0162,0.0000,1.00,
"FRAM Ultra Synthetic Oil Filter, XG4967, 20K mile Replacement Filter for Select Toyota Vehicles",Fram Ultra Synthetic Oil,kept_previous,Uncategorized,Non-perishable,0.0162,0.0000,1.00,
"Great Value Fresh Frozen Broccoli Cuts, 32 oz Steamable Bag",Frozen Broccoli Cuts Steamable,kept_previous,Uncategorized,Non-perishable,0.0162,0.0000,1.00,32 oz
"Great Value Frozen Broccoli Florets, 32 oz Bag",Frozen Broccoli Florets Bag,kept_previous,Uncategorized,Non-perishable,0.0162,0.0000,1.00,32 oz
Frozen Sunbutter No Crust Sandwich Strawberry - 4ct - Good & Gather™,Frozen Sunbutter No Crust,kept_previous,Uncategorized,Non-perishable,0.0162,0.0000,1.00,4ct
"Gatorade 32 oz Gator-skin Bottle, Green, One Size",Gatorade Gator Skin Bottle,kept_previous,Uncategorized,Non-perishable,0.0162,0.0000,1.00,32 oz
"Gatorade Sports Drinks, Grape,Strawberry and Berry Flavored Variety Pack, 12 fl oz, 18 Count Bottles",Gatorade Sports Drinks Grape,kept_previous,Uncategorized,Non-perishable,0.0162,0.0000,1.00,12 fl oz
"Gillette Satin Care Ultra Sensitive Women's Shaving Gel Twin Pack, Fragrance-Free, 14 oz",Gillette Satin Care Ultra,kept_previous,Uncategorized,Non-perishable,0.0162,0.0000,1.00,14 oz
"Glad ForceFlex MaxStrength Tall Kitchen Drawstring Trash Bags, 13 Gallon, Odorshield, 20 Count",Glad Forceflex Maxstrength Tall,kept_previous,Uncategorized,Non-perishable,0.0162,0.0000,1.00,13 Gallon
"Vermont Creamery Classic Goat Cheese Log, 4 oz",Goat Cheese,\bgoat cheese\b,Dairy,Perishable,0.0162,0.0769,1.00,4 oz
"GoGo squeeZ Active Energy No Sugar Added Strawberry Guava Fruit Blend Pouches, 3.9 oz (4 Pack)",Applesauce Pouches,\bapplesauce\b|\bgogo squeez\b,Uncategorized,Non-perishable,0.0162,0.0000,1.00,3.9 oz
Good Spirits: A Novel (Paperback),Good Spirits A Novel,kept_previous,Uncategorized,Non-perishable,0.0162,0.0000,1.00,
Goodnites Boys' Disposable Nighttime Underwear - Size XS - 44ct | HRA/FSA Eligible,Goodnites Boys Disposable Nighttime,kept_previous,Uncategorized,Non-perishable,0.0162,0.0769,1.00,44ct
"Goody Ouchless Hair Elastics, No Metal Gentle Hair Ties, Blonde, 30 Ct",Goody Ouchless Hair Elastics,kept_previous,Uncategorized,Non-perishable,0.0162,0.0000,1.00,30 Ct
"Goody Ouchless Mini Poly Band Hair Ties, No Metal Gentle Hair Elastics, Clear, 250 Ct",Goody Ouchless Mini Poly,kept_previous,Uncategorized,Non-perishable,0.0162,0.0000,1.00,250 Ct
"Goody Sport Active Elastic Hair Ties, Assorted Colors, 8 ct",Goody Sport Active Elastic,kept_previous,Uncategorized,Non-perishable,0.0162,0.0000,1.00,8 ct
Grade A Large Eggs - 18ct - Good & Gather™ (Packaging May Vary),Grade A Large Eggs,kept_previous,Uncategorized,Non-perishable,0.0162,0.0769,1.00,18ct
"Great Value Ground Ginger, 1.5 oz",Ground Ginger,kept_previous,Uncategorized,Non-perishable,0.0162,0.0769,1.00,1.5 oz
Halloween Color Your Own Table Cover - Spritz™,Halloween Color Your Own,kept_previous,Uncategorized,Non-perishable,0.0162,0.0000,1.00,
"Great Value Hard Boiled Eggs, 9.31 oz, 6 Count",Hard Boiled Eggs,kept_previous,Uncategorized,Non-perishable,0.0162,0.0000,1.00,9.31 oz
Hardwood Smoked Classic Sliced Cut Bacon - 16oz - Market Pantry™,Hardwood Smoked Classic Sliced,kept_previous,Uncategorized,Non-perishable,0.0162,0.0000,1.00,16oz
Hardwood Smoked Thick Cut Bacon - 16oz - Market Pantry™,Hardwood Smoked Thick Cut,kept_previous,Uncategorized,Non-perishable,0.0162,0.0000,1.00,16oz
Hass Avocados - 4ct - Good & Gather™,Hass Avocados Good Gather,kept_previous,Uncategorized,Non-perishable,0.0162,0.0769,1.00,4ct
"Heinz HomeStyle Turkey Gravy Value Size, 18 oz Jar",Heinz Homestyle Turkey Gravy,kept_previous,Meat,Non-perishable,0.0162,0.0000,1.00,18 oz
"Hershey's Caramel Flavored Syrup, Bottle 22 oz",Hershey S Caramel Flavored,kept_previous,Uncategorized,Non-perishable,0.0162,0.0000,1.00,22 oz
"Hershey's Chocolate Syrup, Bottle 24 oz",Hershey S Chocolate Syrup,kept_previous,Uncategorized,Non-perishable,0.0162,0.0000,1.00,24 oz
Holiday Hot Cocoa Whipped Dairy Topping - 13oz - Favorite Day™,Holiday Hot Cocoa Whipped,kept_previous,Uncategorized,Non-perishable,0.0162,0.0000,1.00,13oz
"Honest Kids Organic Appley Ever After Fruit Juice, 6 fl oz, 8 Juice Boxes",Honest Kids Appley Ever,kept_previous,Produce,Perishable,0.0162,0.0000,1.00,6 fl oz
"HONEY MAID Graham Crackers, Lunch Snacks, Easter Baking, 14.4 oz",Honey Maid Graham Crackers,kept_previous,Uncategorized,Non-perishable,0.0162,0.0769,1.00,14.4 oz
"Great Value Honey, 12 oz Plastic Bear",Honey Plastic Bear,kept_previous,Uncategorized,Non-perishable,0.0162,0.0000,1.00,12 oz
"Horizon Organic Half and Half Carton, 32 fl oz​",Horizon Half And Half,kept_previous,Uncategorized,Non-perishable,0.0162,0.0769,1.00,32 fl oz
"Horizon Organic Real Dairy Homestyle Vanilla Coffee Creamer Carton, 24 fl oz",Horizon Real Dairy Homestyle,kept_previous,Uncategorized,Non-perishable,0.0162,0.0769,1.00,24 fl oz
"Pepperidge Farm Butter Hot Dog Buns, Top Sliced, 8-Pack Bag",Hot Dog Buns,\bhot dog buns?\b,Bakery,Non-perishable,0.0162,0.0769,1.00,
Hot Honey Cashews - 6oz - Good & Gather™,Hot Honey Cashews Good,kept_previous,Uncategorized,Non-perishable,0.0162,0.0769,1.00,6oz
Hyper Tough 4.6-Amp 13in Electric String Trimmer HT21-401-002-04 [New],Hyper Tough Amp In,kept_previous,Uncategorized,Non-perishable,0.0162,0.0000,1.00,
"Ice Breakers Ice Cubes Wintergreen Sugar Free Chewing Gum, Bottle 3.24 oz, 40 Pieces",Ice Breakers Ice Cubes,kept_previous,Uncategorized,Non-perishable,0.0162,0.0000,1.00,3.24 oz
"Great Value Individually Plastic Wrapped Singles American Cheese Product, 16 oz, 24 Slices",Individually Plastic Wrapped Singles,kept_previous,Dairy,Perishable,0.0162,0.0000,1.00,16 oz
902 Ink Cartridges Compatible for HP 902XL Ink Cartridges (4-Pack),Ink Cartridges Compatible For,kept_previous,Uncategorized,Non-perishable,0.0162,0.0000,1.00,
"Great Value Italian Style Finely Shredded Cheese, 8 oz Bag",Italian Style Finely Shredded,kept_previous,Dairy,Perishable,0.0162,0.0000,1.00,8 oz
"Jell-O French Vanilla Instant Pudding & Pie Filling Mix, 3.4 oz Box",Jell O French Vanilla,kept_previous,Uncategorized,Non-perishable,0.0162,0.0769,1.00,3.4 oz
Jimmy Dean Regular Pork Sausage Roll - 16oz,Jimmy Dean Regular Pork,kept_previous,Meat,Perishable,0.0162,0.0000,1.00,16oz
"Johnsonville Original Breakfast Sausage, 14 Links, 12 oz (Fresh)",Johnsonville Breakfast Sausage Links,kept_previous,Meat,Perishable,0.0162,0.0000,1.00,12 oz
Just Bare Lightly Breaded Chicken Breast Strips - Frozen - 24oz,Just Bare Lightly Breaded,kept_previous,Bakery,Perishable,0.0162,0.0769,1.00,24oz
"Keebler Ready Crust 9-Inch Graham Cracker Pie Crust, Premade Pie Crust For Baking And No-Bake, 6 oz",Keebler Ready Crust Inch,kept_previous,Uncategorized,Non-perishable,0.0162,0.0769,1.00,6 oz
"Keebler Waffle Ice Cream Cones, 5 oz, 12 ct",Keebler Waffle Ice Cream,kept_previous,Uncategorized,Non-perishable,0.0162,0.0000,1.00,5 oz
"Kellogg's Graham Cracker Original Crumbs, Dessert Ingredients, 13.5 oz",Kellogg S Graham Cracker,kept_previous,Uncategorized,Non-perishable,0.0162,0.0769,1.00,13.5 oz
"Kellogg's Rice Krispies Breakfast Cereal, 8 Vitamins and Minerals, Family Size, 18 oz",Kellogg S Rice Krispies,kept_previous,Uncategorized,Non-perishable,0.0162,0.0769,1.00,18 oz
Kettle Brand Party Size Sea Salt and Vinegar Potato Chips - 13oz,Kettle Brand Party Size,kept_previous,Snacks,Non-perishable,0.0162,0.0769,1.00,13oz
Kettle Brand Sea Salt and Vinegar Kettle Potato Chips - 7.5oz,Kettle Brand Sea Salt,kept_previous,Snacks,Non-perishable,0.0162,0.0769,1.00,7.5oz
Kinder's Buttery Steakhouse Seasoning - 5.5oz,Kinder S Buttery Steakhouse,kept_previous,Uncategorized,Non-perishable,0.0162,0.0000,1.00,5.5oz
"Kinder's Sunday Pot Roast Stew Seasoning for Slow Cooking, 1.1 oz",Kinder S Sunday Pot,kept_previous,Uncategorized,Non-perishable,0.0162,0.0769,1.00,1.1 oz
"King Arthur Baking Company Non-GMO Project Verified, Certified Kosher Unbleached All Purpose Flour, 10 lb Bag",King Arthur Baking Company,kept_previous,Uncategorized,Non-perishable,0.0162,0.0769,1.00,10 lb
"King Arthur Baking Company Non-GMO Project Verified, Certified Kosher Unbleached All Purpose Flour, 5 lb Bag",King Arthur Baking Company,kept_previous,Uncategorized,Non-perishable,0.0162,0.0000,1.00,5 lb
Kraft Parmesan Finely Shredded Natural Cheese 6oz Bag,Kraft Parmesan Finely Shredded,kept_previous,Dairy,Perishable,0.0162,0.0769,1.00,6oz
"Kraft String Cheese Mozzarella Cheese Snacks, 12 ct Sticks",Kraft String Cheese Mozzarella,kept_previous,Dairy,Perishable,0.0162,0.0000,1.00,12 ct
KS BAGS 200,Ks Bags,kept_previous,Uncategorized,Non-perishable,0.0162,0.0769,1.00,
"Ktaxon Twin Size Bed Frames, 14"" Metal Platform Bed, Black",Ktaxon Twin Size Bed,kept_previous,Uncategorized,Non-perishable,0.0162,0.0000,1.00,
"L.A. LOOKS Extreme Sport Tri-Active Hold Gel, for All Hair Types, Men, 20 oz",L A Looks Extreme,kept_previous,Uncategorized,Non-perishable,0.0162,0.0769,1.00,20 oz
"La Chona Cotija Mexican Style Grated Cheese 16 oz. Bag, Refrigerated.",La Chona Cotija Mexican,kept_previous,Dairy,Perishable,0.0162,0.0769,1.00,16 oz
"Land O Lakes Unsalted Butter, 4 Sticks, 1 lb Pack",Land O Lakes Unsalted,kept_previous,Uncategorized,Non-perishable,0.0162,0.0769,1.00,1 lb
"Fresh Lemon, Each",Lemon Each,kept_previous,Uncategorized,Non-perishable,0.0162,0.0000,1.00,
"Great Value Light Brown Sugar, 32 oz",Light Brown Sugar,kept_previous,Uncategorized,Non-perishable,0.0162,0.0000,1.00,32 oz
"Lipton Recipe Secrets Onion Dry Recipe Soup and Dip Mix, 2 Oz, 2 Pack",Lipton Recipe Secrets Onion,kept_previous,Uncategorized,Non-perishable,0.0162,0.0000,1.00,2 Oz
Little Debbie Big Pack Christmas Tree Cakes,Little Debbie Big Pack,kept_previous,Uncategorized,Non-perishable,0.0162,0.0000,1.00,
"Logitech Wireless Presenter R400, Wireless Presentation Remote Clicker with Laser Pointer, Black",Logitech Wireless Presenter R,kept_previous,Uncategorized,Non-perishable,0.0162,0.0000,1.00,
"Great Value Low-Moisture Part-Skim Mozzarella String Cheese Snack, 12 oz, 12 Count",Low Moisture Part Skim,kept_previous,Dairy,Perishable,0.0162,0.0000,1.00,12 oz
Lucas Oil Products 10514 Interior Detailer,Lucas Oil Products Interior,kept_previous,Uncategorized,Non-perishable,0.0162,0.0769,1.00,
"(5 pack) Lunchables Ham and Cheddar Cracker Stackers Value Snack Kit, 1.9 oz Tray, Refrigerated, Pieces",Lunchables Ham And Cheddar,kept_previous,Uncategorized,Non-perishable,0.0162,0.0000,1.00,5 pack
"Lunchables Turkey & Cheddar Value Pack, 1.9 oz Pack",Lunchables Turkey Cheddar Value,kept_previous,Meat,Non-perishable,0.0162,0.0000,1.00,1.9 oz
"Mainstays 2 Ply Manual Can Opener with Integrated Bottle Opener, Black",Mainstays Ply Manual Can,kept_previous,Uncategorized,Non-perishable,0.0162,0.0000,1.00,
Mainstays – 8x10 Picture Frame – White Matted Gallery Linear Program Wall Photo Frame,Mainstays X Picture Frame,kept_previous,Uncategorized,Non-perishable,0.0162,0.0000,1.00,8x10
Mainstays – 8x10 Picture Frame – White Step Program Tabletop Photo Frame,Mainstays X Picture Frame,kept_previous,Uncategorized,Non-perishable,0.0162,0.0000,1.00,8x10
"Maple Grove Farms Pure Maple Syrup, Kosher, 12.5 fl oz",Maple Grove Farms Pure,kept_previous,Uncategorized,Non-perishable,0.0162,0.0769,1.00,12.5 fl oz
Marshmallow Whipped Dairy Topping - 13oz - Favorite Day™,Marshmallow Whipped Dairy Topping,kept_previous,Uncategorized,Non-perishable,0.0162,0.0000,1.00,13oz
"Great Value Marshmallows, 10 oz Bag",Marshmallows Bag,kept_previous,Uncategorized,Non-perishable,0.0162,0.0000,1.00,10 oz
"McCormick Kosher Ground Cumin, 1.5 oz Bottle",Mccormick Ground Cumin Bottle,kept_previous,Uncategorized,Non-perishable,0.0162,0.0769,1.00,1.5 oz
"Great Value Medium Egg Noodles, 16 oz",Medium Egg Noodles,kept_previous,Uncategorized,Non-perishable,0.0162,0.0000,1.00,16 oz
"Melitta 8-12 Cup White Basket Coffee Filters, 200 Ct",Melitta Cup White Basket,kept_previous,Uncategorized,Non-perishable,0.0162,0.0000,1.00,200 Ct
"Meow Mix Gravy Bursts Gravy Filled Pieces Savory Chicken Flavors, Dry Cat Food, 13.5 lb. Bag",Meow Mix Gravy Bursts,kept_previous,Uncategorized,Perishable,0.0162,0.0000,1.00,13.5 lb
"Method Curl Defining Co-Wash, Coco Twist, 13.5Oz",Method Curl Defining Co,kept_previous,Uncategorized,Non-perishable,0.0162,0.0769,1.00,13.5Oz
"Method Moisturizing Conditioner, Simply Nourish, Sulfate Free, and Cruelty Free, 13.5 fl oz",Method Moisturizing Conditioner Simply,kept_previous,Uncategorized,Non-perishable,0.0162,0.0769,1.00,13.5 fl oz
"Method Repairing Shampoo, Island Mist, 14 fl oz",Method Repairing Shampoo Island,kept_previous,Uncategorized,Non-perishable,0.0162,0.0000,1.00,14 fl oz
"Midol Complete Menstrual Pain Relief Gelcaps With Acetaminophen for Menstrual Symptom, PMS Relief, and Period Cramp Relief - 24 Count",Midol Complete Menstrual Pain,kept_previous,Uncategorized,Non-perishable,0.0162,0.0000,1.00,24 Count
Ghirardelli Christmas Candy Peppermint Bark Milk Chocolate Squares - 4.57oz,Milk,\bmilk\b,Dairy,Perishable,0.0162,0.0000,1.00,4.57oz
"Great Value Evaporated Milk, 12 fl oz",Milk,\bmilk\b,Dairy,Perishable,0.0162,0.0000,1.00,12 fl oz
"Horizon Organic High Vitamin D Whole Milk, High Vitamin D Whole, 64 fl oz Carton",Milk,\bmilk\b,Dairy,Perishable,0.0162,0.0769,1.00,64 fl oz
M&M's Milk Chocolate Candy Sharing Size - 10 oz Bag,Milk,\bmilk\b,Dairy,Perishable,0.0162,0.0000,1.00,10 oz
"M&M's Milk Chocolate Candy, Party Size - 38 oz Bag",Milk,\bmilk\b,Dairy,Perishable,0.0162,0.0769,1.00,38 oz
M&M's Milk Chocolate Christmas Candy - 10 oz Bag,Milk,\bmilk\b,Dairy,Perishable,0.0162,0.0769,1.00,10 oz
M&M's Peanut Milk Chocolate Candy Sharing Size - 10.05 oz Bag,Milk,\bmilk\b,Dairy,Perishable,0.0162,0.0000,1.00,10.05 oz
"Nestle Toll House Milk Chocolate Regular Baking Chips,  11.5 oz Bag",Milk,\bmilk\b,Dairy,Perishable,0.0162,0.0769,1.00,11.5 oz
"Oatly Original Oatmilk, Dairy-Free Milk, 64 fl oz Refrigerated Carton",Milk,\bmilk\b,Dairy,Perishable,0.0162,0.0000,1.00,64 fl oz
"Mobil 1 Advanced Full Synthetic Motor Oil 5W-30, 12 Quart",Mobil Advanced Full Synthetic,kept_previous,Uncategorized,Non-perishable,0.0162,0.0000,1.00,
"4Monster Microfiber Towel with Carry Case, Quick Dry Towel, Armygreen, M",Monster Microfiber Towel With,kept_previous,Uncategorized,Non-perishable,0.0162,0.0000,1.00,
"Morton Iodized Salt, 26 oz",Morton Iodized Salt,kept_previous,Uncategorized,Non-perishable,0.0162,0.0000,1.00,26 oz
Mr. Clean Magic Eraser Extra Durable All Purpose Cleaning Pads with Durafoam 7 Count,Mr Clean Magic Eraser,kept_previous,Uncategorized,Non-perishable,0.0162,0.0000,1.00,7 Count
"Mucinex,Children's Night Time, Multi-Symptom Cold Relief, Mixed Berry Flavor, 4fl oz, Plastic Bottle",Mucinex Children S Night,kept_previous,Uncategorized,Non-perishable,0.0162,0.0000,1.00,4fl oz
"Mucinex Children's Stuffy Nose & Chest Congestion Relief, Kids Medicine, Very Berry Flavor, 4 fl oz",Mucinex Children S Stuffy,kept_previous,Uncategorized,Non-perishable,0.0162,0.0000,1.00,4 fl oz
"Mucinex Fast-Max Cold, Flu, & Sore Throat Relief Medicine, OTC Cough Suppressant, Expectorant, 6 fl oz",Mucinex Fast Max Cold,kept_previous,Uncategorized,Non-perishable,0.0162,0.0000,1.00,6 fl oz
"Mucinex Fast-Max Kickstart Severe Cold and Flu Medicine, OTC Cough Relief, Menthol Flavor, 6 fl oz",Mucinex Fast Max Kickstart,kept_previous,Uncategorized,Non-perishable,0.0162,0.0000,1.00,6 fl oz
"Mucinex Fast-Max Severe Congestion & Cough Medicine, OTC Sinus/Nasal Decongestant, Expectorant, 6 fl oz",Mucinex Fast Max Severe,kept_previous,Uncategorized,Non-perishable,0.0162,0.0000,1.00,6 fl oz
"Mucinex Nightshift Sinus Medicine, OTC Fever Reducer, Cough Suppressant, Nasal Decongestant, 6 fl oz",Mucinex Nightshift Sinus Medicine,kept_previous,Uncategorized,Non-perishable,0.0162,0.0000,1.00,6 fl oz
"Mueller's Sodium-Free, Cholesterol-Free Lasagna Pasta, 16 oz (Shelf-Stable)",Mueller S Sodium Free,kept_previous,Uncategorized,Non-perishable,0.0162,0.0769,1.00,16 oz
"Native Coconut & Vanilla Body Wash, 18 fl oz",Native Coconut Vanilla Body,kept_previous,Uncategorized,Non-perishable,0.0162,0.0000,1.00,18 fl oz
Native Limited Edition Vanilla Cream & Pumpkin Body Wash 18 FL OZ,Native Limited Edition Vanilla,kept_previous,Uncategorized,Non-perishable,0.0162,0.0000,1.00,18 FL OZ
Native Moisturizing Conditioner Coconut and Vanilla 16.5 fl oz,Native Moisturizing Conditioner Coconut,kept_previous,Uncategorized,Non-perishable,0.0162,0.0000,1.00,16.5 fl oz
"Nature’s Miracle Dog Urine Remover Enzymatic Formula, for Carpet, Hard Floors, Fabric and Furniture, 24 oz.",Nature S Miracle Dog,kept_previous,Uncategorized,Non-perishable,0.0162,0.0000,1.00,24 oz
"Nestle Toll House Premier White Regular Baking Chips, 12 oz Bag",Nestle Toll House Premier,kept_previous,Snacks,Non-perishable,0.0162,0.0769,1.00,12 oz
"Nutella Hazelnut Spread with Cocoa, Creamy Hazelnut Spread, Breakfast Favorite, 33.5 oz Jar",Nutella Hazelnut Spread With,kept_previous,Uncategorized,Non-perishable,0.0162,0.0000,1.00,33.5 oz
"Ocean Spray® Cranberry Juice Cocktail, 64 fl oz Bottle",Ocean Spray Cranberry Juice,kept_previous,Uncategorized,Non-perishable,0.0162,0.0769,1.00,64 fl oz
"Ocean Spray® Whole Cranberry Sauce, Canned Side Dish, 14 oz Can",Ocean Spray Whole Cranberry,kept_previous,Uncategorized,Non-perishable,0.0162,0.0000,1.00,14 oz
"Oikos Protein Shake, Shelf Stable, Chocolate, 30g Protein, 12 fl oz, 4 Count​ Bottles",Oikos Protein Shake Shelf,kept_previous,Uncategorized,Non-perishable,0.0162,0.0769,1.00,30g
"Oikos Triple Zero 15g Protein, 0g Added Sugar, Fat Free Vanilla Greek Yogurt Cups, 5.3 oz, 4 Count",Oikos Triple Zero G,kept_previous,Dairy,Perishable,0.0162,0.0769,1.00,15g
"Olay Firming Body Lotion, Hydrating, Collagen, Pump 17 fl oz",Olay Firming Body Lotion,kept_previous,Uncategorized,Non-perishable,0.0162,0.0000,1.00,17 fl oz
"Olay Nourishing Body Wash for women, Hyaluronic Acid, 20 fl oz",Olay Nourishing Body Wash,kept_previous,Uncategorized,Non-perishable,0.0162,0.0000,1.00,20 fl oz
"Old El Paso Stand 'N Stuff Taco Shells, Gluten Free, Meal Prep, 10 Count, 4.7 oz",Old El Paso Stand,kept_previous,Uncategorized,Non-perishable,0.0162,0.0000,1.00,10 Count
"Ophanie Adhesive Shower Caddy 6 Pack, Large Capacity Bathroom Organizers and Storage, No Drilling Wall-Mounted Basket, Black",Ophanie Adhesive Shower Caddy,kept_previous,Uncategorized,Non-perishable,0.0162,0.0000,1.00,6 Pack
"Oral‑B Floss, Glide Ultra Deep Clean Floss Picks 75 Count",Oral B Floss Glide,kept_previous,Uncategorized,Non-perishable,0.0162,0.0769,1.00,75 Count
"Oregon Chai Original Chai Concentrate, 32 Fluid Ounces (Pack of 1), Organic & Non-GM)",Oregon Chai Chai Concentrate,kept_previous,Uncategorized,Non-perishable,0.0162,0.0769,1.00,
"OREO Double Stuf Chocolate Sandwich Cookies, Family Size, 18.71 oz",Oreo Double Stuf Chocolate,kept_previous,Uncategorized,Non-perishable,0.0162,0.0000,1.00,18.71 oz
"Ortho GroundClear Poison Ivy and Tough Brush Killer2 Concentrate, 32 fl. oz.",Ortho Groundclear Poison Ivy,kept_previous,Uncategorized,Non-perishable,0.0162,0.0000,1.00,
"Parent's Choice 3 Compartment Section Plate, Toddlers Aged 12 Months and up, 3 Count, Gender Neutral",Parent S Choice Compartment,kept_previous,Uncategorized,Non-perishable,0.0162,0.0000,1.00,3 Count
Parmesan Baked Cheese Crisp - 2.12oz - Good & Gather™,Parmesan Baked Cheese Crisp,kept_previous,Dairy,Perishable,0.0162,0.0769,1.00,2.12oz
Parmesan Cheese Crisps with Everything Seasoning - 2.12oz - Good & Gather™,Parmesan Cheese Crisps With,kept_previous,Dairy,Perishable,0.0162,0.0769,1.00,2.12oz
"Great Value Parmesan Finely Shredded Cheese, 6 oz Bag",Parmesan Finely Shredded Cheese,kept_previous,Dairy,Perishable,0.0162,0.0769,1.00,6 oz
"Pen + Gear Economy White Poster Board, 22""x28"", 1 Count",Pen Gear Economy White,kept_previous,Uncategorized,Non-perishable,0.0162,0.0769,1.00,1 Count
"Pen+Gear Letter Size Hanging File Folders, 12 Count, Green",Pen Gear Letter Size,kept_previous,Uncategorized,Non-perishable,0.0162,0.0000,1.00,12 Count
"Pen+Gear No. 1 Size Smooth Paper Clips, Silver, 100 Count",Pen Gear No Size,kept_previous,Uncategorized,Non-perishable,0.0162,0.0000,1.00,100 Count
"Pen+Gear Push Pins in Clamshell, Clear Plastic Head, Steel Point, 100 Count.",Pen Gear Push Pins,kept_previous,Uncategorized,Non-perishable,0.0162,0.0000,1.00,100 Count
"Pepperidge Farm Sesame Topped Hamburger Buns, 8-Pack Bag",Pepperidge Farm Sesame Topped,kept_previous,Bakery,Non-perishable,0.0162,0.0000,1.00,
Peppermint Whipped Dairy Topping - 13oz - Favorite Day™,Peppermint Whipped Dairy Topping,kept_previous,Uncategorized,Non-perishable,0.0162,0.0000,1.00,13oz
"Pillsbury Ready to Bake Chocolate Chip Cookie Dough, Makes 24 Cookies, 16 oz",Pillsbury Ready To Bake,kept_previous,Uncategorized,Non-perishable,0.0162,0.0769,1.00,16 oz
"Pillsbury Ready to Bake Cookie Dough, Chocolate Chip, About 30 Cookies, Value Size, 30 oz",Pillsbury Ready To Bake,kept_previous,Uncategorized,Non-perishable,0.0162,0.0769,1.00,30 oz
"Pillsbury Ready to Bake Refrigerated Sugar Cookie Dough, Makes 24 Cookies, 16 oz",Pillsbury Ready To Bake,kept_previous,Uncategorized,Non-perishable,0.0162,0.0769,1.00,16 oz
"Planet Oat, Original Oatmilk, Dairy Free, 52 oz, Refrigerated Cardboard Carton",Planet Oat Oatmilk Dairy,kept_previous,Dairy,Perishable,0.0162,0.0769,1.00,52 oz
"(3 pack) Plum Organics Jammy Sammy Snack Bars, Blueberry and Oatmeal, 1.02 oz Bars, 5 Count",Plum Organics Jammy Sammy,kept_previous,Uncategorized,Non-perishable,0.0162,0.0000,1.00,3 pack
"Great Value Organic Pomegranate Juice, 32 fl oz",Pomegranate Juice,kept_previous,Uncategorized,Non-perishable,0.0162,0.0769,1.00,32 fl oz
Pompeian Red Wine Vinegar - 16 fl oz,Pompeian Red Wine Vinegar,kept_previous,Uncategorized,Non-perishable,0.0162,0.0769,1.00,16 fl oz
PopCorners Spicy Queso - 7oz,Popcorners Spicy Queso,kept_previous,Pantry,Non-perishable,0.0162,0.0769,1.00,7oz
PopCorners White Cheddar - 12oz,Popcorners White Cheddar,kept_previous,Pantry,Non-perishable,0.0162,0.0000,1.00,12oz
"Premium Original Soup & Oyster Crackers, Lunch Snacks, 9 oz",Premium Soup Oyster Crackers,kept_previous,Uncategorized,Non-perishable,0.0162,0.0000,1.00,9 oz
"Fresh Produce, Whole Green Cilantro, 1 Bunch",Produce Whole Green Cilantro,kept_previous,Uncategorized,Non-perishable,0.0162,0.0769,1.00,
Chobani 20g Protein Greek Yogurt Drink Strawberry Cream - 40 fl oz/4ct Bottles,Protein Yogurt Drinks,\boikos pro\b|\bchobani 20g protein\b|\bcultured dairy drink\b|\byogurt drink\b|\bprotein.*drink\b,Dairy,Perishable,0.0162,0.0769,1.00,20g
Chobani 30g Protein Vanilla Ice Cream Greek Yogurt Drink - 30g Protein 14 fl oz,Protein Yogurt Drinks,\boikos pro\b|\bchobani 20g protein\b|\bcultured dairy drink\b|\byogurt drink\b|\bprotein.*drink\b,Dairy,Perishable,0.0162,0.0769,1.00,30g
Oikos Pro Strawberry Cultured Dairy Drink - 3.1 fl oz/6ct,Protein Yogurt Drinks,\boikos pro\b|\bchobani 20g protein\b|\bcultured dairy drink\b|\byogurt drink\b|\bprotein.*drink\b,Dairy,Perishable,0.0162,0.0769,1.00,3.1 fl oz
"Great Value Pure Granulated Sugar, 4 lb",Pure Granulated Sugar,kept_previous,Uncategorized,Non-perishable,0.0162,0.0000,1.00,4 lb
"Great Value 100% Pure Pumpkin, 15 oz",Pure Pumpkin,kept_previous,Uncategorized,Non-perishable,0.0162,0.0000,1.00,15 oz
"Purina ONE Plus, Sensitive Skin & Stomach, Dry Cat Food, Turkey, 7 lb Bag",Purina One Plus Sensitive,kept_previous,Meat,Non-perishable,0.0162,0.0000,1.00,7 lb
"Purina One True Instinct Dry Dog Food for Adult Dogs, High Protein Real Turkey & Venison, 7.4 lb Bag",Purina One True Instinct,kept_previous,Meat,Non-perishable,0.0162,0.0000,1.00,7.4 lb
Queso Mama White Queso with Diced Green Chilies - 12oz,Queso Mama White Queso,kept_previous,Uncategorized,Non-perishable,0.0162,0.0000,1.00,12oz
"Red Lobster Cheddar Bay Biscuit Mix, Garlic Herb Seasoning Included, Cheddar Biscuit Mix, 11.36 Oz Box",Red Lobster Cheddar Bay,kept_previous,Uncategorized,Non-perishable,0.0162,0.0000,1.00,11.36 Oz
"Reddi-wip Original Whipped Topping Made with Real Cream, 13 oz",Reddi Wip Whipped Topping,kept_previous,Uncategorized,Non-perishable,0.0162,0.0769,1.00,13 oz
"Great Value Original Ricotta Cheese, 32 oz Tub",Ricotta Cheese Tub,kept_previous,Dairy,Perishable,0.0162,0.0769,1.00,32 oz
"RITZ Peanut Butter Sandwich Crackers, Lunch Snacks, 20 Snack Packs (6 Crackers Per Pack)",Ritz Peanut Butter Sandwich,kept_previous,Uncategorized,Non-perishable,0.0162,0.0000,1.00,
"Great Value Roasted & Salted Pistachios, 16 oz Resealable Bag",Roasted Salted Pistachios Resealable,kept_previous,Uncategorized,Non-perishable,0.0162,0.0000,1.00,16 oz
"Rolo Unwrapped Rich Chocolate Caramels Candy, Bag 7.6 oz",Rolo Unwrapped Rich Chocolate,kept_previous,Uncategorized,Non-perishable,0.0162,0.0000,1.00,7.6 oz
"Russell Athletic Boys Runner Tech Short Sleeve T-Shirt, 4-Pack, Sizes 4-18 & Husky",Russell Athletic Boys Runner,kept_previous,Uncategorized,Non-perishable,0.0162,0.0000,1.00,
"Safety 1st Custom Fit All Purpose Strap (2pk), Decor, Charcoal, Toddler",Safety St Custom Fit,kept_previous,Uncategorized,Non-perishable,0.0162,0.0000,1.00,2pk
Salt Free Garlic & Herb Seasoning Blend - 2.5oz - Good & Gather™,Salt Free Garlic Herb,kept_previous,Uncategorized,Non-perishable,0.0162,0.0000,1.00,2.5oz
"Sargento® Balanced Breaks® Cheese & Crackers, Gouda & Sharp Cheddar Cheeses and TRISCUIT®",Sargento Balanced Breaks Cheese,kept_previous,Dairy,Perishable,0.0162,0.0000,1.00,
"Schick Hydro Silk Ultra-Sensitive 5 Blade Razor for Women, 1 Handle, 2 Refills",Schick Hydro Silk Ultra,kept_previous,Uncategorized,Non-perishable,0.0162,0.0000,1.00,
Scott 1000 Septic-Safe 1-Ply Toilet Paper - 36 Rolls,Scott Septic Safe Ply,kept_previous,Uncategorized,Non-perishable,0.0162,0.0769,1.00,
"Scott 1000 Toilet Paper, 20 Rolls, 1,000 Sheets Per Roll",Scott Toilet Paper Rolls,kept_previous,Uncategorized,Non-perishable,0.0162,0.0000,1.00,
"Great Value Fresh Seal Double Zipper Sandwich Bags, 100 Count",Seal Double Zipper Sandwich,kept_previous,Uncategorized,Non-perishable,0.0162,0.0000,1.00,100 Count
"Secret Aluminum Free Women's Deodorant Solid, Cotton, 2.4 oz",Secret Aluminum Free Women,kept_previous,Uncategorized,Non-perishable,0.0162,0.0769,1.00,2.4 oz
"Great Value Semi-Sweet Chocolate Baking Chips, 12 oz Bag",Semi Sweet Chocolate Baking,kept_previous,Snacks,Non-perishable,0.0162,0.0000,1.00,12 oz
"Sheamoisture Fresh Antiperspirant Deodorant Stick for Women Coconut & Hibiscus, 2.6 oz",Sheamoisture Antiperspirant Deodorant Stick,kept_previous,Uncategorized,Non-perishable,0.0162,0.0000,1.00,2.6 oz
"Sheamoisture Even Tone Antiperspirant Deodorant Stick for Women Citrus Peach & Grapefruit Dry Skin, 2.6 oz",Sheamoisture Even Tone Antiperspirant,kept_previous,Uncategorized,Non-perishable,0.0162,0.0000,1.00,2.6 oz
"SheaMoisture Whole Body Deodorant Stick for Women Fresh, Aluminum Free & No Baking Soda, 2.6 oz",Sheamoisture Whole Body Deodorant,kept_previous,Uncategorized,Non-perishable,0.0162,0.0000,1.00,2.6 oz
"Marketside Fresh Shredded Iceberg Lettuce, 16 oz Bag",Shredded Iceberg Lettuce Bag,kept_previous,Uncategorized,Non-perishable,0.0162,0.0000,1.00,16 oz
"Marketside Fresh Shredded Iceberg Lettuce, 8 oz, Bag",Shredded Iceberg Lettuce Bag,kept_previous,Uncategorized,Non-perishable,0.0162,0.0000,1.00,8 oz
Shredded Mexican-Style Cheese - 16oz - Good & Gather™,Shredded Mexican Style Cheese,kept_previous,Dairy,Perishable,0.0162,0.0000,1.00,16oz
Shredded Sharp Cheddar Cheese - 8oz - Good & Gather™,Shredded Sharp Cheddar Cheese,kept_previous,Dairy,Perishable,0.0162,0.0000,1.00,8oz
Siete Mild Taco Seasoning - 1.31oz,Siete Mild Taco Seasoning,kept_previous,Uncategorized,Non-perishable,0.0162,0.0769,1.00,1.31oz
Sleek Scalp Massage Brush,Sleek Scalp Massage Brush,kept_previous,Uncategorized,Non-perishable,0.0162,0.0000,1.00,
"Fresh Small Hass Avocados, 5-6 Count Bag",Small Hass Avocados Bag,kept_previous,Uncategorized,Non-perishable,0.0162,0.0769,1.00,6 Count
"Smash Kitchen Organic Classic Extra Virgin Olive Oil, 16.9 fl oz",Smash Kitchen Classic Extra,kept_previous,Uncategorized,Non-perishable,0.0162,0.0769,1.00,16.9 fl oz
"Smucker's Simply Fruit Seedless Strawberry Fruit Spread, 10 oz",Smucker S Simply Fruit,kept_previous,Uncategorized,Non-perishable,0.0162,0.0769,1.00,10 oz
"Smucker’s Uncrustables Peanut Butter & Raspberry Spread Sandwiches, 4 Count, 2 oz Each, Frozen",Smucker S Uncrustables Peanut,kept_previous,Uncategorized,Non-perishable,0.0162,0.0769,1.00,4 Count
"Smucker’s Uncrustables Peanut Butter & Strawberry Jam Sandwiches, 10 Count, 2 oz Each, Frozen",Smucker S Uncrustables Peanut,kept_previous,Uncategorized,Non-perishable,0.0162,0.0000,1.00,10 Count
"Snack Factory Garlic Parmesan Pretzel Crisps, 14 oz Party Size Bag",Snack Factory Garlic Parmesan,kept_previous,Uncategorized,Non-perishable,0.0162,0.0769,1.00,14 oz
Snack Factory Original Pretzel Crisps - 14oz,Snack Factory Pretzel Crisps,kept_previous,Uncategorized,Non-perishable,0.0162,0.0769,1.00,14oz
Snyder's of Hanover Pretzel Sticks Family Size - 16oz,Snyder S Of Hanover,kept_previous,Uncategorized,Non-perishable,0.0162,0.0769,1.00,16oz
"SoCozy Kid's Swim 3-in-1 Shampoo Conditioner Body Wash for All Hair Types, with Activated Charcoal, 10.5 fl oz",Socozy Kid S Swim,kept_previous,Uncategorized,Non-perishable,0.0162,0.0000,1.00,10.5 fl oz
"Soundcore AeroClip Open-Ear Earbuds, Midnight Black, Retail Packaging",Soundcore Aeroclip Open Ear,kept_previous,Uncategorized,Non-perishable,0.0162,0.0000,1.00,
BUBLY 24/12,Sparkling Water,\bbubly\b|\bsparkling water\b,Beverages,Non-perishable,0.0162,0.0769,1.00,
"LaCroix Black Razzberry Sparkling Water 8pk/12 fl oz Cans, 8 Pack (Quantity)",Sparkling Water,\bbubly\b|\bsparkling water\b,Beverages,Non-perishable,0.0162,0.0000,1.00,8pk
"Great Value Kosher Spears Dill Pickle Fresh Pack, 24 fl oz Jar",Spears Dill Pickle Pack,kept_previous,Uncategorized,Non-perishable,0.0162,0.0000,1.00,24 fl oz
Starbucks Peppermint Hot Cocoa Mix - 6oz/6ct,Starbucks Peppermint Hot Cocoa,kept_previous,Uncategorized,Non-perishable,0.0162,0.0000,1.00,6oz
"Sterilite Large Latching Storage Bin, 66 Quart Clear Plastic Storage Container with Latch Lid, Blue",Sterilite Large Latching Storage,kept_previous,Uncategorized,Non-perishable,0.0162,0.0000,1.00,
"(3 pack) Sterilite, 15 Quart Clear Storage Bin, Latch Box Storage Container, with Clear Lid, Blue",Sterilite Quart Clear Storage,kept_previous,Uncategorized,Non-perishable,0.0162,0.0000,1.00,3 pack
"Stouffer's Classic Lasagna with Meat and Sauce, Party Size Pasta, Frozen Meals, 90 oz (Frozen)",Stouffer S Classic Lasagna,kept_previous,Uncategorized,Perishable,0.0162,0.0769,1.00,90 oz
"Stouffer's Macaroni & Cheese, Party Size, Frozen Mac and Cheese Meal, 76 oz (Frozen)",Stouffer S Macaroni Cheese,kept_previous,Dairy,Perishable,0.0162,0.0000,1.00,76 oz
"Stove Top Stuffing Mix for Turkey, 6 oz Box",Stove Top Stuffing Mix,kept_previous,Meat,Non-perishable,0.0162,0.0000,1.00,6 oz
"Super Tech Cabin Air Filter, 7280, Replacement Filter for Toyota, Mazda, Lexus",Super Tech Cabin Air,kept_previous,Uncategorized,Non-perishable,0.0162,0.0000,1.00,
"Great Value Sweet Peas, 12 oz (Frozen) Steamable Bag, No Added Sugars",Sweet Peas Frozen Steamable,kept_previous,Uncategorized,Non-perishable,0.0162,0.0769,1.00,12 oz
"Swiffer Dusters Multi-Surface Refills, Unscented, 10 Count Dusters",Swiffer Dusters Multi Surface,kept_previous,Uncategorized,Non-perishable,0.0162,0.0769,1.00,10 Count
"Swiffer Heavy Duty Mop Wet Multi-Surface Cloth Refills for Floor Mopping, Lavender, 20 Count",Swiffer Heavy Duty Mop,kept_previous,Uncategorized,Non-perishable,0.0162,0.0000,1.00,20 Count
"Swiffer Sweep + Mop, Wet Pads Refill, Floor Cleaner, Cleaning Cloths, Gain, 24 Count",Swiffer Sweep Mop Wet,kept_previous,Uncategorized,Non-perishable,0.0162,0.0000,1.00,24 Count
Tazo Chai Pumpkin Spice Latte Tea Concentrate - 32 fl oz,Tazo Chai Pumpkin Spice,kept_previous,Uncategorized,Non-perishable,0.0162,0.0000,1.00,32 fl oz
Tazo Organic Green Ginger Tea Bags - 16ct,Tazo Green Ginger Tea,kept_previous,Uncategorized,Non-perishable,0.0162,0.0769,1.00,16ct
Tazo Passion Herbal Tea Bags - 20ct,Tazo Passion Herbal Tea,kept_previous,Uncategorized,Non-perishable,0.0162,0.0769,1.00,20ct
Tazo Organic Tea Latte Chai Black Tea - 32 fl oz,Tazo Tea Latte Chai,kept_previous,Uncategorized,Non-perishable,0.0162,0.0769,1.00,32 fl oz
Tazo Wild Sweet Orange Caffeine-Free Herbal Tea Bags - 20ct,Tazo Wild Sweet Orange,kept_previous,Uncategorized,Non-perishable,0.0162,0.0769,1.00,20ct
Tide Free & Gentle Unscented HE Deep Cleaning Concentrated Liquid Laundry,Tide Free Gentle Unscented,kept_previous,Uncategorized,Non-perishable,0.0162,0.0769,1.00,
Toddler Boys' Fleece Zip-Up Hoodie Sweatshirt - Cat & Jack™ Khaki 5T,Toddler Boys Fleece Zip,kept_previous,Uncategorized,Non-perishable,0.0162,0.0000,1.00,
Toddler Boys' Long Sleeve Knit T-Shirt - Cat & Jack™ Brown 5T,Toddler Boys Long Sleeve,kept_previous,Uncategorized,Non-perishable,0.0162,0.0000,1.00,
"Great Value Crushed Tomatoes with Tomato Puree, 28 oz",Tomatoes,\b(cherry )?tomato,Produce,Perishable,0.0162,0.0769,1.00,28 oz
"Great Value Mild Diced Tomatoes with Green Chilies, 10 oz",Tomatoes,\b(cherry )?tomato,Produce,Perishable,0.0162,0.0769,1.00,10 oz
"Great Value Tomato Sauce, 8 oz Can",Tomatoes,\b(cherry )?tomato,Produce,Perishable,0.0162,0.0000,1.00,8 oz
"TPH BY TARAJI Cooling Curly Hair Serum with Aloe Vera, Biotin, Tea Tree & Avocado Oil, 4 oz.",Tph By Taraji Cooling,kept_previous,Uncategorized,Non-perishable,0.0162,0.0000,1.00,4 oz
"TPH BY TARAJI Ride or Die Biotin Leave in Conditioner Spray Detangler for Dry Hair | Strength, Moisturizing & Anti Frizz | Natural + Curly Hair Product | Color Safe, 4 oz.",Tph By Taraji Ride,kept_previous,Uncategorized,Non-perishable,0.0162,0.0769,1.00,4 oz
Traditional Medicinals Organic Nighty Night Extra Valerian Root Herbal Tea Bags,Traditional Medicinals Nighty Night,kept_previous,Uncategorized,Non-perishable,0.0162,0.0769,1.00,
"Traditional Medicinals, Organic Turmeric with Meadowsweet & Ginger Herbal Tea Bags, 16 Count",Traditional Medicinals Turmeric With,kept_previous,Uncategorized,Non-perishable,0.0162,0.0769,1.00,16 Count
"Trolli Sour Brite Crawlers Candy, Cherry-Lemon, Strawberry-Grape & Orange-Lime, Sweet and Sour, Gummy Worms, 14 oz",Trolli Sour Brite Crawlers,kept_previous,Uncategorized,Non-perishable,0.0162,0.0000,1.00,14 oz
"Turkey Hill Choco Mint Chip Premium Ice Cream, 46 fl oz",Turkey Hill Choco Mint,kept_previous,Meat,Non-perishable,0.0162,0.0000,1.00,46 fl oz
Turkey Hill Chocolate Chip Cookie Dough Ice Cream 46 fl oz Tub,Turkey Hill Chocolate Chip,kept_previous,Meat,Non-perishable,0.0162,0.0000,1.00,46 fl oz
"Great Value Oven Roasted Turkey Breast Lunchmeat, 9 oz",Turkey Lunchmeat,\bturkey breast lunchmeat\b|\blunchmeat\b,Meat,Perishable,0.0162,0.0000,1.00,9 oz
"Tylenol Cold + Flu Severe Caplets for Multi-Symptom Relief, 24 Count.",Tylenol Cold Flu Severe,kept_previous,Uncategorized,Non-perishable,0.0162,0.0769,1.00,24 Count
Uncured Calabrese Salami Prosciutto Capocollo Tray - 6oz - Good & Gather™,Uncured Calabrese Salami Prosciutto,kept_previous,Uncategorized,Non-perishable,0.0162,0.0769,1.00,6oz
"Utz Braided Twists Honey Wheat Pretzels, 14 oz Bag",Utz Braided Twists Honey,kept_previous,Uncategorized,Non-perishable,0.0162,0.0000,1.00,14 oz
"Great Value Vanilla Bean Flavored Ice Cream, 48 fl oz",Vanilla Bean Flavored Ice,kept_previous,Uncategorized,Non-perishable,0.0162,0.0000,1.00,48 fl oz
"Great Value Vegetable Oil, Heart Healthy and Versatile, 48 fl oz Bottle",Vegetable Oil Heart Healthy,kept_previous,Uncategorized,Non-perishable,0.0162,0.0000,1.00,48 fl oz
"Venus Extra Smooth Sensitive Women's 5 Blade Disposable Razor, 2 count, Blue",Venus Extra Smooth Sensitive,kept_previous,Uncategorized,Non-perishable,0.0162,0.0000,1.00,2 count
"Vicks DayQuil NyQuil Severe Cough, Cold & Flu Relief LiquiCaps, 24 Ct",Vicks Dayquil Nyquil Severe,kept_previous,Uncategorized,Non-perishable,0.0162,0.0000,1.00,24 Ct
"Vicks Vapo Shower Tablets, Menthol Scent Soothing Non-Medicated Shower Steamers, 3 Count",Vicks Vapo Shower Tablets,kept_previous,Uncategorized,Non-perishable,0.0162,0.0000,1.00,3 Count
"Vicks Warm Steam Vaporizer Humidifier with Night Light, 1.5 gal, 600 Sq. ft, White, V150SGNLUPCV2",Vicks Warm Steam Vaporizer,kept_previous,Uncategorized,Non-perishable,0.0162,0.0000,1.00,1.5 gal
"Great Value Waffles Cones, 7 oz, 12 Count",Waffles Cones,kept_previous,Uncategorized,Non-perishable,0.0162,0.0000,1.00,7 oz
Walmart New Tire Install,Walmart New Tire Install,kept_previous,Uncategorized,Non-perishable,0.0162,0.0769,1.00,
Weiman Granite Cleaner & Polish - 16 Ounce,Weiman Granite Cleaner Polish,kept_previous,Uncategorized,Non-perishable,0.0162,0.0000,1.00,16 Ounce
"Welch's Natural Concord Grape Spread, 17 oz Jar",Welch S Natural Concord,kept_previous,Uncategorized,Non-perishable,0.0162,0.0769,1.00,17 oz
"Welch's Natural Strawberry Spread, 17 oz Jar",Welch S Natural Strawberry,kept_previous,Uncategorized,Non-perishable,0.0162,0.0769,1.00,17 oz
"(2 pack) Welch's Non-Alcoholic Sparkling Rosé Grape Juice Cocktail, 25.4 fl oz Bottle",Welch S Non Alcoholic,kept_previous,Uncategorized,Non-perishable,0.0162,0.0769,1.00,2 pack
Wet Brush Go Green Tea Tree Oil Treatment Comb - Green 1CT,Wet Brush Go Green,kept_previous,Uncategorized,Non-perishable,0.0162,0.0769,1.00,1CT
Wet Brush Mini Detangler Stellar Skies -Violet Skies,Wet Brush Mini Detangler,kept_previous,Uncategorized,Non-perishable,0.0162,0.0000,1.00,
"Fresh Whole Carrots, 5 lb Bag",Whole Carrots Bag,kept_previous,Uncategorized,Non-perishable,0.0162,0.0769,1.00,5 lb
"Fresh Whole Red Onion, Each",Whole Red Onion Each,kept_previous,Uncategorized,Non-perishable,0.0162,0.0000,1.00,
"Fresh Whole Sweet Onion, Each",Whole Sweet Onion Each,kept_previous,Uncategorized,Non-perishable,0.0162,0.0769,1.00,
"Wilton Mini Daisy Royal Icing Decorations, Rainbow, 0.33 oz, 32-Pieces",Wilton Mini Daisy Royal,kept_previous,Uncategorized,Non-perishable,0.0162,0.0000,1.00,0.33 oz
"Wonder Nation Toddler Cotton Sleep Tee and Pants Pajama Set, 2-Piece, Sizes 12M-5T",Wonder Nation Toddler Cotton,kept_previous,Uncategorized,Non-perishable,0.0162,0.0000,1.00,
"Fresh Yellow Baby Potatoes, 1.5 lb Bag",Yellow Baby Potatoes Bag,kept_previous,Uncategorized,Non-perishable,0.0162,0.0769,1.00,1.5 lb
"Fresh Yellow Bell Pepper, Each",Yellow Bell Pepper Each,kept_previous,Uncategorized,Non-perishable,0.0162,0.0769,1.00,
"Yogi Tea Elderberry Lemon Balm Immune Plus Stress, Herbal Tea Bags, 16 Count",Yogi Tea Elderberry Lemon,kept_previous,Uncategorized,Non-perishable,0.0162,0.0769,1.00,16 Count
"Ziploc® Brand Sandwich Bags with EasyGuide™ Texture, Grip 'n Seal Technology™, Food Storage, Zipper, 300 Count",Ziploc Brand Sandwich Bags,kept_previous,Uncategorized,Non-perishable,0.0162,0.0000,1.00,300 Count
